Copyright 1986-2022 Xilinx, Inc. All Rights Reserved. Copyright 2022-2025 Advanced Micro Devices, Inc. All Rights Reserved.
---------------------------------------------------------------------------------------------------------------------------------------------
| Tool Version : Vivado v.2025.2 (lin64) Build 6299465 Fri Nov 14 12:34:56 MST 2025
| Date         : Fri Jul  3 00:19:15 2026
| Host         : ian running 64-bit Ubuntu 24.04.3 LTS
| Command      : report_timing_summary -file synth/out/timing_summary_impl.rpt -max_paths 10 -warn_on_violation
| Design       : fpga_top
| Device       : 7a100t-csg324
| Speed File   : -1  PRODUCTION 1.23 2018-06-13
| Design State : Routed
---------------------------------------------------------------------------------------------------------------------------------------------

Timing Summary Report

------------------------------------------------------------------------------------------------
| Timer Settings
| --------------
------------------------------------------------------------------------------------------------

  Enable Multi Corner Analysis               :  Yes
  Enable Pessimism Removal                   :  Yes
  Pessimism Removal Resolution               :  Nearest Common Node
  Enable Input Delay Default Clock           :  No
  Enable Preset / Clear Arcs                 :  No
  Disable Flight Delays                      :  No
  Ignore I/O Paths                           :  No
  Timing Early Launch at Borrowing Latches   :  No
  Borrow Time for Max Delay Exceptions       :  Yes
  Merge Timing Exceptions                    :  Yes
  Inter-SLR Compensation                     :  Conservative

  Corner  Analyze    Analyze    
  Name    Max Paths  Min Paths  
  ------  ---------  ---------  
  Slow    Yes        Yes        
  Fast    Yes        Yes        


------------------------------------------------------------------------------------------------
| Report Methodology
| ------------------
------------------------------------------------------------------------------------------------

No report available as report_methodology has not been run prior. Run report_methodology on the current design for the summary of methodology violations.



check_timing report

Table of Contents
-----------------
1. checking no_clock (0)
2. checking constant_clock (0)
3. checking pulse_width_clock (0)
4. checking unconstrained_internal_endpoints (0)
5. checking no_input_delay (6)
6. checking no_output_delay (14)
7. checking multiple_clock (0)
8. checking generated_clocks (0)
9. checking loops (0)
10. checking partial_input_delay (0)
11. checking partial_output_delay (0)
12. checking latch_loops (0)

1. checking no_clock (0)
------------------------
 There are 0 register/latch pins with no clock.


2. checking constant_clock (0)
------------------------------
 There are 0 register/latch pins with constant_clock.


3. checking pulse_width_clock (0)
---------------------------------
 There are 0 register/latch pins which need pulse_width check


4. checking unconstrained_internal_endpoints (0)
------------------------------------------------
 There are 0 pins that are not constrained for maximum delay.

 There are 0 pins that are not constrained for maximum delay due to constant clock.


5. checking no_input_delay (6)
------------------------------
 There are 6 input ports with no input delay specified. (HIGH)

 There are 0 input ports with no input delay but user has a false path constraint.


6. checking no_output_delay (14)
--------------------------------
 There are 14 ports with no output delay specified. (HIGH)

 There are 0 ports with no output delay but user has a false path constraint

 There are 0 ports with no output delay but with a timing clock defined on it or propagating through it


7. checking multiple_clock (0)
------------------------------
 There are 0 register/latch pins with multiple clocks.


8. checking generated_clocks (0)
--------------------------------
 There are 0 generated clocks that are not connected to a clock source.


9. checking loops (0)
---------------------
 There are 0 combinational loops in the design.


10. checking partial_input_delay (0)
------------------------------------
 There are 0 input ports with partial input delay specified.


11. checking partial_output_delay (0)
-------------------------------------
 There are 0 ports with partial output delay specified.


12. checking latch_loops (0)
----------------------------
 There are 0 combinational latch loops in the design through latch input



------------------------------------------------------------------------------------------------
| Design Timing Summary
| ---------------------
------------------------------------------------------------------------------------------------

    WNS(ns)      TNS(ns)  TNS Failing Endpoints  TNS Total Endpoints      WHS(ns)      THS(ns)  THS Failing Endpoints  THS Total Endpoints     WPWS(ns)     TPWS(ns)  TPWS Failing Endpoints  TPWS Total Endpoints  
    -------      -------  ---------------------  -------------------      -------      -------  ---------------------  -------------------     --------     --------  ----------------------  --------------------  
      0.020        0.000                      0                 9577        0.039        0.000                      0                 9577        3.000        0.000                       0                  3561  


All user specified timing constraints are met.


------------------------------------------------------------------------------------------------
| Clock Summary
| -------------
------------------------------------------------------------------------------------------------

Clock          Waveform(ns)       Period(ns)      Frequency(MHz)
-----          ------------       ----------      --------------
sys_clk_pin    {0.000 5.000}      10.000          100.000         
  clkfb        {0.000 5.000}      10.000          100.000         
  pix_clk_raw  {0.000 20.000}     40.000          25.000          
  sys_clk_raw  {0.000 7.692}      15.385          65.000          


------------------------------------------------------------------------------------------------
| Intra Clock Table
| -----------------
------------------------------------------------------------------------------------------------

Clock              WNS(ns)      TNS(ns)  TNS Failing Endpoints  TNS Total Endpoints      WHS(ns)      THS(ns)  THS Failing Endpoints  THS Total Endpoints     WPWS(ns)     TPWS(ns)  TPWS Failing Endpoints  TPWS Total Endpoints  
-----              -------      -------  ---------------------  -------------------      -------      -------  ---------------------  -------------------     --------     --------  ----------------------  --------------------  
sys_clk_pin                                                                                                                                                      3.000        0.000                       0                     1  
  clkfb                                                                                                                                                          8.751        0.000                       0                     2  
  pix_clk_raw       35.978        0.000                      0                   85        0.109        0.000                      0                   85       19.500        0.000                       0                    57  
  sys_clk_raw        0.020        0.000                      0                 9492        0.039        0.000                      0                 9492        6.442        0.000                       0                  3501  


------------------------------------------------------------------------------------------------
| Inter Clock Table
| -----------------
------------------------------------------------------------------------------------------------

From Clock    To Clock          WNS(ns)      TNS(ns)  TNS Failing Endpoints  TNS Total Endpoints      WHS(ns)      THS(ns)  THS Failing Endpoints  THS Total Endpoints  
----------    --------          -------      -------  ---------------------  -------------------      -------      -------  ---------------------  -------------------  


------------------------------------------------------------------------------------------------
| Other Path Groups Table
| -----------------------
------------------------------------------------------------------------------------------------

Path Group    From Clock    To Clock          WNS(ns)      TNS(ns)  TNS Failing Endpoints  TNS Total Endpoints      WHS(ns)      THS(ns)  THS Failing Endpoints  THS Total Endpoints  
----------    ----------    --------          -------      -------  ---------------------  -------------------      -------      -------  ---------------------  -------------------  


------------------------------------------------------------------------------------------------
| Timing Details
| --------------
------------------------------------------------------------------------------------------------


---------------------------------------------------------------------------------------------------
From Clock:  sys_clk_pin
  To Clock:  sys_clk_pin

Setup :           NA  Failing Endpoints,  Worst Slack           NA  ,  Total Violation           NA
Hold  :           NA  Failing Endpoints,  Worst Slack           NA  ,  Total Violation           NA
PW    :            0  Failing Endpoints,  Worst Slack        3.000ns,  Total Violation        0.000ns
---------------------------------------------------------------------------------------------------


Pulse Width Checks
--------------------------------------------------------------------------------------
Clock Name:         sys_clk_pin
Waveform(ns):       { 0.000 5.000 }
Period(ns):         10.000
Sources:            { sys_clk_in }

Check Type        Corner  Lib Pin            Reference Pin  Required(ns)  Actual(ns)  Slack(ns)  Location         Pin
Min Period        n/a     MMCME2_ADV/CLKIN1  n/a            1.249         10.000      8.751      MMCME2_ADV_X1Y2  u_mmcm/CLKIN1
Max Period        n/a     MMCME2_ADV/CLKIN1  n/a            100.000       10.000      90.000     MMCME2_ADV_X1Y2  u_mmcm/CLKIN1
Low Pulse Width   Slow    MMCME2_ADV/CLKIN1  n/a            2.000         5.000       3.000      MMCME2_ADV_X1Y2  u_mmcm/CLKIN1
Low Pulse Width   Fast    MMCME2_ADV/CLKIN1  n/a            2.000         5.000       3.000      MMCME2_ADV_X1Y2  u_mmcm/CLKIN1
High Pulse Width  Slow    MMCME2_ADV/CLKIN1  n/a            2.000         5.000       3.000      MMCME2_ADV_X1Y2  u_mmcm/CLKIN1
High Pulse Width  Fast    MMCME2_ADV/CLKIN1  n/a            2.000         5.000       3.000      MMCME2_ADV_X1Y2  u_mmcm/CLKIN1



---------------------------------------------------------------------------------------------------
From Clock:  clkfb
  To Clock:  clkfb

Setup :           NA  Failing Endpoints,  Worst Slack           NA  ,  Total Violation           NA
Hold  :           NA  Failing Endpoints,  Worst Slack           NA  ,  Total Violation           NA
PW    :            0  Failing Endpoints,  Worst Slack        8.751ns,  Total Violation        0.000ns
---------------------------------------------------------------------------------------------------


Pulse Width Checks
--------------------------------------------------------------------------------------
Clock Name:         clkfb
Waveform(ns):       { 0.000 5.000 }
Period(ns):         10.000
Sources:            { u_mmcm/CLKFBOUT }

Check Type  Corner  Lib Pin              Reference Pin  Required(ns)  Actual(ns)  Slack(ns)  Location         Pin
Min Period  n/a     MMCME2_ADV/CLKFBOUT  n/a            1.249         10.000      8.751      MMCME2_ADV_X1Y2  u_mmcm/CLKFBOUT
Min Period  n/a     MMCME2_ADV/CLKFBIN   n/a            1.249         10.000      8.751      MMCME2_ADV_X1Y2  u_mmcm/CLKFBIN
Max Period  n/a     MMCME2_ADV/CLKFBIN   n/a            100.000       10.000      90.000     MMCME2_ADV_X1Y2  u_mmcm/CLKFBIN
Max Period  n/a     MMCME2_ADV/CLKFBOUT  n/a            213.360       10.000      203.360    MMCME2_ADV_X1Y2  u_mmcm/CLKFBOUT



---------------------------------------------------------------------------------------------------
From Clock:  pix_clk_raw
  To Clock:  pix_clk_raw

Setup :            0  Failing Endpoints,  Worst Slack       35.978ns,  Total Violation        0.000ns
Hold  :            0  Failing Endpoints,  Worst Slack        0.109ns,  Total Violation        0.000ns
PW    :            0  Failing Endpoints,  Worst Slack       19.500ns,  Total Violation        0.000ns
---------------------------------------------------------------------------------------------------


Max Delay Paths
--------------------------------------------------------------------------------------
Slack (MET) :             35.978ns  (required time - arrival time)
  Source:                 u_soc/u_vga/u_vga_sync/v_count_reg[5]/C
                            (rising edge-triggered cell FDCE clocked by pix_clk_raw  {rise@0.000ns fall@20.000ns period=40.000ns})
  Destination:            u_soc/u_vga/fb_addr_0_reg[11]/D
                            (rising edge-triggered cell FDCE clocked by pix_clk_raw  {rise@0.000ns fall@20.000ns period=40.000ns})
  Path Group:             pix_clk_raw
  Path Type:              Setup (Max at Slow Process Corner)
  Requirement:            40.000ns  (pix_clk_raw rise@40.000ns - pix_clk_raw rise@0.000ns)
  Data Path Delay:        3.958ns  (logic 2.335ns (59.002%)  route 1.623ns (40.998%))
  Logic Levels:           4  (CARRY4=3 LUT2=1)
  Clock Path Skew:        -0.026ns (DCD - SCD + CPR)
    Destination Clock Delay (DCD):    5.895ns = ( 45.895 - 40.000 ) 
    Source Clock Delay      (SCD):    6.249ns
    Clock Pessimism Removal (CPR):    0.328ns
  Clock Uncertainty:      0.100ns  ((TSJ^2 + DJ^2)^1/2) / 2 + PE
    Total System Jitter     (TSJ):    0.071ns
    Discrete Jitter          (DJ):    0.187ns
    Phase Error              (PE):    0.000ns

    Location             Delay type                Incr(ns)  Path(ns)    Netlist Resource(s)
  -------------------------------------------------------------------    -------------------
                         (clock pix_clk_raw rise edge)
                                                      0.000     0.000 r  
    E3                                                0.000     0.000 r  sys_clk_in (IN)
                         net (fo=0)                   0.000     0.000    sys_clk_in
    E3                   IBUF (Prop_ibuf_I_O)         1.482     1.482 r  sys_clk_in_IBUF_inst/O
                         net (fo=1, routed)           1.233     2.715    sys_clk_in_IBUF
    MMCME2_ADV_X1Y2      MMCME2_ADV (Prop_mmcme2_adv_CLKIN1_CLKOUT0)
                                                      0.088     2.803 r  u_mmcm/CLKOUT0
                         net (fo=1, routed)           1.719     4.522    pix_clk_raw
    BUFGCTRL_X0Y17       BUFG (Prop_bufg_I_O)         0.096     4.618 r  u_bufg_pix/O
                         net (fo=55, routed)          1.630     6.249    u_soc/u_vga/u_vga_sync/pix_clk
    SLICE_X58Y93         FDCE                                         r  u_soc/u_vga/u_vga_sync/v_count_reg[5]/C
  -------------------------------------------------------------------    -------------------
    SLICE_X58Y93         FDCE (Prop_fdce_C_Q)         0.478     6.727 r  u_soc/u_vga/u_vga_sync/v_count_reg[5]/Q
                         net (fo=11, routed)          1.178     7.904    u_soc/u_vga/pixel_y[5]
    SLICE_X59Y91         LUT2 (Prop_lut2_I0_O)        0.295     8.199 r  u_soc/u_vga/fb_addr_0[11]_i_6/O
                         net (fo=1, routed)           0.000     8.199    u_soc/u_vga/u_vga_sync/S[2]
    SLICE_X59Y91         CARRY4 (Prop_carry4_S[3]_CO[3])
                                                      0.401     8.600 r  u_soc/u_vga/u_vga_sync/fb_addr_0_reg[11]_i_3/CO[3]
                         net (fo=1, routed)           0.000     8.600    u_soc/u_vga/u_vga_sync/fb_addr_0_reg[11]_i_3_n_0
    SLICE_X59Y92         CARRY4 (Prop_carry4_CI_O[0])
                                                      0.222     8.822 r  u_soc/u_vga/u_vga_sync/fb_addr_0_reg[11]_i_2/O[0]
                         net (fo=1, routed)           0.445     9.267    u_soc/u_vga/u_vga_sync/fb_addr_01[9]
    SLICE_X61Y92         CARRY4 (Prop_carry4_S[1]_O[3])
                                                      0.939    10.206 r  u_soc/u_vga/u_vga_sync/fb_addr_0_reg[11]_i_1/O[3]
                         net (fo=1, routed)           0.000    10.206    u_soc/u_vga/fb_addr_00[11]
    SLICE_X61Y92         FDCE                                         r  u_soc/u_vga/fb_addr_0_reg[11]/D
  -------------------------------------------------------------------    -------------------

                         (clock pix_clk_raw rise edge)
                                                     40.000    40.000 r  
    E3                                                0.000    40.000 r  sys_clk_in (IN)
                         net (fo=0)                   0.000    40.000    sys_clk_in
    E3                   IBUF (Prop_ibuf_I_O)         1.411    41.411 r  sys_clk_in_IBUF_inst/O
                         net (fo=1, routed)           1.162    42.573    sys_clk_in_IBUF
    MMCME2_ADV_X1Y2      MMCME2_ADV (Prop_mmcme2_adv_CLKIN1_CLKOUT0)
                                                      0.083    42.656 r  u_mmcm/CLKOUT0
                         net (fo=1, routed)           1.639    44.295    pix_clk_raw
    BUFGCTRL_X0Y17       BUFG (Prop_bufg_I_O)         0.091    44.386 r  u_bufg_pix/O
                         net (fo=55, routed)          1.508    45.895    u_soc/u_vga/pix_clk
    SLICE_X61Y92         FDCE                                         r  u_soc/u_vga/fb_addr_0_reg[11]/C
                         clock pessimism              0.328    46.223    
                         clock uncertainty           -0.100    46.123    
    SLICE_X61Y92         FDCE (Setup_fdce_C_D)        0.062    46.185    u_soc/u_vga/fb_addr_0_reg[11]
  -------------------------------------------------------------------
                         required time                         46.185    
                         arrival time                         -10.206    
  -------------------------------------------------------------------
                         slack                                 35.978    

Slack (MET) :             36.038ns  (required time - arrival time)
  Source:                 u_soc/u_vga/u_vga_sync/v_count_reg[5]/C
                            (rising edge-triggered cell FDCE clocked by pix_clk_raw  {rise@0.000ns fall@20.000ns period=40.000ns})
  Destination:            u_soc/u_vga/fb_addr_0_reg[10]/D
                            (rising edge-triggered cell FDCE clocked by pix_clk_raw  {rise@0.000ns fall@20.000ns period=40.000ns})
  Path Group:             pix_clk_raw
  Path Type:              Setup (Max at Slow Process Corner)
  Requirement:            40.000ns  (pix_clk_raw rise@40.000ns - pix_clk_raw rise@0.000ns)
  Data Path Delay:        3.898ns  (logic 2.275ns (58.370%)  route 1.623ns (41.630%))
  Logic Levels:           4  (CARRY4=3 LUT2=1)
  Clock Path Skew:        -0.026ns (DCD - SCD + CPR)
    Destination Clock Delay (DCD):    5.895ns = ( 45.895 - 40.000 ) 
    Source Clock Delay      (SCD):    6.249ns
    Clock Pessimism Removal (CPR):    0.328ns
  Clock Uncertainty:      0.100ns  ((TSJ^2 + DJ^2)^1/2) / 2 + PE
    Total System Jitter     (TSJ):    0.071ns
    Discrete Jitter          (DJ):    0.187ns
    Phase Error              (PE):    0.000ns

    Location             Delay type                Incr(ns)  Path(ns)    Netlist Resource(s)
  -------------------------------------------------------------------    -------------------
                         (clock pix_clk_raw rise edge)
                                                      0.000     0.000 r  
    E3                                                0.000     0.000 r  sys_clk_in (IN)
                         net (fo=0)                   0.000     0.000    sys_clk_in
    E3                   IBUF (Prop_ibuf_I_O)         1.482     1.482 r  sys_clk_in_IBUF_inst/O
                         net (fo=1, routed)           1.233     2.715    sys_clk_in_IBUF
    MMCME2_ADV_X1Y2      MMCME2_ADV (Prop_mmcme2_adv_CLKIN1_CLKOUT0)
                                                      0.088     2.803 r  u_mmcm/CLKOUT0
                         net (fo=1, routed)           1.719     4.522    pix_clk_raw
    BUFGCTRL_X0Y17       BUFG (Prop_bufg_I_O)         0.096     4.618 r  u_bufg_pix/O
                         net (fo=55, routed)          1.630     6.249    u_soc/u_vga/u_vga_sync/pix_clk
    SLICE_X58Y93         FDCE                                         r  u_soc/u_vga/u_vga_sync/v_count_reg[5]/C
  -------------------------------------------------------------------    -------------------
    SLICE_X58Y93         FDCE (Prop_fdce_C_Q)         0.478     6.727 r  u_soc/u_vga/u_vga_sync/v_count_reg[5]/Q
                         net (fo=11, routed)          1.178     7.904    u_soc/u_vga/pixel_y[5]
    SLICE_X59Y91         LUT2 (Prop_lut2_I0_O)        0.295     8.199 r  u_soc/u_vga/fb_addr_0[11]_i_6/O
                         net (fo=1, routed)           0.000     8.199    u_soc/u_vga/u_vga_sync/S[2]
    SLICE_X59Y91         CARRY4 (Prop_carry4_S[3]_CO[3])
                                                      0.401     8.600 r  u_soc/u_vga/u_vga_sync/fb_addr_0_reg[11]_i_3/CO[3]
                         net (fo=1, routed)           0.000     8.600    u_soc/u_vga/u_vga_sync/fb_addr_0_reg[11]_i_3_n_0
    SLICE_X59Y92         CARRY4 (Prop_carry4_CI_O[0])
                                                      0.222     8.822 r  u_soc/u_vga/u_vga_sync/fb_addr_0_reg[11]_i_2/O[0]
                         net (fo=1, routed)           0.445     9.267    u_soc/u_vga/u_vga_sync/fb_addr_01[9]
    SLICE_X61Y92         CARRY4 (Prop_carry4_S[1]_O[2])
                                                      0.879    10.146 r  u_soc/u_vga/u_vga_sync/fb_addr_0_reg[11]_i_1/O[2]
                         net (fo=1, routed)           0.000    10.146    u_soc/u_vga/fb_addr_00[10]
    SLICE_X61Y92         FDCE                                         r  u_soc/u_vga/fb_addr_0_reg[10]/D
  -------------------------------------------------------------------    -------------------

                         (clock pix_clk_raw rise edge)
                                                     40.000    40.000 r  
    E3                                                0.000    40.000 r  sys_clk_in (IN)
                         net (fo=0)                   0.000    40.000    sys_clk_in
    E3                   IBUF (Prop_ibuf_I_O)         1.411    41.411 r  sys_clk_in_IBUF_inst/O
                         net (fo=1, routed)           1.162    42.573    sys_clk_in_IBUF
    MMCME2_ADV_X1Y2      MMCME2_ADV (Prop_mmcme2_adv_CLKIN1_CLKOUT0)
                                                      0.083    42.656 r  u_mmcm/CLKOUT0
                         net (fo=1, routed)           1.639    44.295    pix_clk_raw
    BUFGCTRL_X0Y17       BUFG (Prop_bufg_I_O)         0.091    44.386 r  u_bufg_pix/O
                         net (fo=55, routed)          1.508    45.895    u_soc/u_vga/pix_clk
    SLICE_X61Y92         FDCE                                         r  u_soc/u_vga/fb_addr_0_reg[10]/C
                         clock pessimism              0.328    46.223    
                         clock uncertainty           -0.100    46.123    
    SLICE_X61Y92         FDCE (Setup_fdce_C_D)        0.062    46.185    u_soc/u_vga/fb_addr_0_reg[10]
  -------------------------------------------------------------------
                         required time                         46.185    
                         arrival time                         -10.146    
  -------------------------------------------------------------------
                         slack                                 36.038    

Slack (MET) :             36.250ns  (required time - arrival time)
  Source:                 u_soc/u_vga/u_vga_sync/v_count_reg[5]/C
                            (rising edge-triggered cell FDCE clocked by pix_clk_raw  {rise@0.000ns fall@20.000ns period=40.000ns})
  Destination:            u_soc/u_vga/fb_addr_0_reg[9]/D
                            (rising edge-triggered cell FDCE clocked by pix_clk_raw  {rise@0.000ns fall@20.000ns period=40.000ns})
  Path Group:             pix_clk_raw
  Path Type:              Setup (Max at Slow Process Corner)
  Requirement:            40.000ns  (pix_clk_raw rise@40.000ns - pix_clk_raw rise@0.000ns)
  Data Path Delay:        3.686ns  (logic 2.390ns (64.837%)  route 1.296ns (35.163%))
  Logic Levels:           4  (CARRY4=3 LUT2=1)
  Clock Path Skew:        -0.026ns (DCD - SCD + CPR)
    Destination Clock Delay (DCD):    5.895ns = ( 45.895 - 40.000 ) 
    Source Clock Delay      (SCD):    6.249ns
    Clock Pessimism Removal (CPR):    0.328ns
  Clock Uncertainty:      0.100ns  ((TSJ^2 + DJ^2)^1/2) / 2 + PE
    Total System Jitter     (TSJ):    0.071ns
    Discrete Jitter          (DJ):    0.187ns
    Phase Error              (PE):    0.000ns

    Location             Delay type                Incr(ns)  Path(ns)    Netlist Resource(s)
  -------------------------------------------------------------------    -------------------
                         (clock pix_clk_raw rise edge)
                                                      0.000     0.000 r  
    E3                                                0.000     0.000 r  sys_clk_in (IN)
                         net (fo=0)                   0.000     0.000    sys_clk_in
    E3                   IBUF (Prop_ibuf_I_O)         1.482     1.482 r  sys_clk_in_IBUF_inst/O
                         net (fo=1, routed)           1.233     2.715    sys_clk_in_IBUF
    MMCME2_ADV_X1Y2      MMCME2_ADV (Prop_mmcme2_adv_CLKIN1_CLKOUT0)
                                                      0.088     2.803 r  u_mmcm/CLKOUT0
                         net (fo=1, routed)           1.719     4.522    pix_clk_raw
    BUFGCTRL_X0Y17       BUFG (Prop_bufg_I_O)         0.096     4.618 r  u_bufg_pix/O
                         net (fo=55, routed)          1.630     6.249    u_soc/u_vga/u_vga_sync/pix_clk
    SLICE_X58Y93         FDCE                                         r  u_soc/u_vga/u_vga_sync/v_count_reg[5]/C
  -------------------------------------------------------------------    -------------------
    SLICE_X58Y93         FDCE (Prop_fdce_C_Q)         0.478     6.727 r  u_soc/u_vga/u_vga_sync/v_count_reg[5]/Q
                         net (fo=11, routed)          1.005     7.731    u_soc/u_vga/pixel_y[5]
    SLICE_X59Y91         LUT2 (Prop_lut2_I1_O)        0.295     8.026 r  u_soc/u_vga/fb_addr_0[11]_i_8/O
                         net (fo=1, routed)           0.000     8.026    u_soc/u_vga/u_vga_sync/S[0]
    SLICE_X59Y91         CARRY4 (Prop_carry4_S[1]_O[2])
                                                      0.580     8.606 r  u_soc/u_vga/u_vga_sync/fb_addr_0_reg[11]_i_3/O[2]
                         net (fo=1, routed)           0.292     8.898    u_soc/u_vga/u_vga_sync/fb_addr_01[7]
    SLICE_X61Y91         CARRY4 (Prop_carry4_S[3]_CO[3])
                                                      0.703     9.601 r  u_soc/u_vga/u_vga_sync/fb_addr_0_reg[7]_i_1/CO[3]
                         net (fo=1, routed)           0.000     9.601    u_soc/u_vga/u_vga_sync/fb_addr_0_reg[7]_i_1_n_0
    SLICE_X61Y92         CARRY4 (Prop_carry4_CI_O[1])
                                                      0.334     9.935 r  u_soc/u_vga/u_vga_sync/fb_addr_0_reg[11]_i_1/O[1]
                         net (fo=1, routed)           0.000     9.935    u_soc/u_vga/fb_addr_00[9]
    SLICE_X61Y92         FDCE                                         r  u_soc/u_vga/fb_addr_0_reg[9]/D
  -------------------------------------------------------------------    -------------------

                         (clock pix_clk_raw rise edge)
                                                     40.000    40.000 r  
    E3                                                0.000    40.000 r  sys_clk_in (IN)
                         net (fo=0)                   0.000    40.000    sys_clk_in
    E3                   IBUF (Prop_ibuf_I_O)         1.411    41.411 r  sys_clk_in_IBUF_inst/O
                         net (fo=1, routed)           1.162    42.573    sys_clk_in_IBUF
    MMCME2_ADV_X1Y2      MMCME2_ADV (Prop_mmcme2_adv_CLKIN1_CLKOUT0)
                                                      0.083    42.656 r  u_mmcm/CLKOUT0
                         net (fo=1, routed)           1.639    44.295    pix_clk_raw
    BUFGCTRL_X0Y17       BUFG (Prop_bufg_I_O)         0.091    44.386 r  u_bufg_pix/O
                         net (fo=55, routed)          1.508    45.895    u_soc/u_vga/pix_clk
    SLICE_X61Y92         FDCE                                         r  u_soc/u_vga/fb_addr_0_reg[9]/C
                         clock pessimism              0.328    46.223    
                         clock uncertainty           -0.100    46.123    
    SLICE_X61Y92         FDCE (Setup_fdce_C_D)        0.062    46.185    u_soc/u_vga/fb_addr_0_reg[9]
  -------------------------------------------------------------------
                         required time                         46.185    
                         arrival time                          -9.935    
  -------------------------------------------------------------------
                         slack                                 36.250    

Slack (MET) :             36.361ns  (required time - arrival time)
  Source:                 u_soc/u_vga/u_vga_sync/v_count_reg[5]/C
                            (rising edge-triggered cell FDCE clocked by pix_clk_raw  {rise@0.000ns fall@20.000ns period=40.000ns})
  Destination:            u_soc/u_vga/fb_addr_0_reg[8]/D
                            (rising edge-triggered cell FDCE clocked by pix_clk_raw  {rise@0.000ns fall@20.000ns period=40.000ns})
  Path Group:             pix_clk_raw
  Path Type:              Setup (Max at Slow Process Corner)
  Requirement:            40.000ns  (pix_clk_raw rise@40.000ns - pix_clk_raw rise@0.000ns)
  Data Path Delay:        3.575ns  (logic 2.279ns (63.746%)  route 1.296ns (36.254%))
  Logic Levels:           4  (CARRY4=3 LUT2=1)
  Clock Path Skew:        -0.026ns (DCD - SCD + CPR)
    Destination Clock Delay (DCD):    5.895ns = ( 45.895 - 40.000 ) 
    Source Clock Delay      (SCD):    6.249ns
    Clock Pessimism Removal (CPR):    0.328ns
  Clock Uncertainty:      0.100ns  ((TSJ^2 + DJ^2)^1/2) / 2 + PE
    Total System Jitter     (TSJ):    0.071ns
    Discrete Jitter          (DJ):    0.187ns
    Phase Error              (PE):    0.000ns

    Location             Delay type                Incr(ns)  Path(ns)    Netlist Resource(s)
  -------------------------------------------------------------------    -------------------
                         (clock pix_clk_raw rise edge)
                                                      0.000     0.000 r  
    E3                                                0.000     0.000 r  sys_clk_in (IN)
                         net (fo=0)                   0.000     0.000    sys_clk_in
    E3                   IBUF (Prop_ibuf_I_O)         1.482     1.482 r  sys_clk_in_IBUF_inst/O
                         net (fo=1, routed)           1.233     2.715    sys_clk_in_IBUF
    MMCME2_ADV_X1Y2      MMCME2_ADV (Prop_mmcme2_adv_CLKIN1_CLKOUT0)
                                                      0.088     2.803 r  u_mmcm/CLKOUT0
                         net (fo=1, routed)           1.719     4.522    pix_clk_raw
    BUFGCTRL_X0Y17       BUFG (Prop_bufg_I_O)         0.096     4.618 r  u_bufg_pix/O
                         net (fo=55, routed)          1.630     6.249    u_soc/u_vga/u_vga_sync/pix_clk
    SLICE_X58Y93         FDCE                                         r  u_soc/u_vga/u_vga_sync/v_count_reg[5]/C
  -------------------------------------------------------------------    -------------------
    SLICE_X58Y93         FDCE (Prop_fdce_C_Q)         0.478     6.727 r  u_soc/u_vga/u_vga_sync/v_count_reg[5]/Q
                         net (fo=11, routed)          1.005     7.731    u_soc/u_vga/pixel_y[5]
    SLICE_X59Y91         LUT2 (Prop_lut2_I1_O)        0.295     8.026 r  u_soc/u_vga/fb_addr_0[11]_i_8/O
                         net (fo=1, routed)           0.000     8.026    u_soc/u_vga/u_vga_sync/S[0]
    SLICE_X59Y91         CARRY4 (Prop_carry4_S[1]_O[2])
                                                      0.580     8.606 r  u_soc/u_vga/u_vga_sync/fb_addr_0_reg[11]_i_3/O[2]
                         net (fo=1, routed)           0.292     8.898    u_soc/u_vga/u_vga_sync/fb_addr_01[7]
    SLICE_X61Y91         CARRY4 (Prop_carry4_S[3]_CO[3])
                                                      0.703     9.601 r  u_soc/u_vga/u_vga_sync/fb_addr_0_reg[7]_i_1/CO[3]
                         net (fo=1, routed)           0.000     9.601    u_soc/u_vga/u_vga_sync/fb_addr_0_reg[7]_i_1_n_0
    SLICE_X61Y92         CARRY4 (Prop_carry4_CI_O[0])
                                                      0.223     9.824 r  u_soc/u_vga/u_vga_sync/fb_addr_0_reg[11]_i_1/O[0]
                         net (fo=1, routed)           0.000     9.824    u_soc/u_vga/fb_addr_00[8]
    SLICE_X61Y92         FDCE                                         r  u_soc/u_vga/fb_addr_0_reg[8]/D
  -------------------------------------------------------------------    -------------------

                         (clock pix_clk_raw rise edge)
                                                     40.000    40.000 r  
    E3                                                0.000    40.000 r  sys_clk_in (IN)
                         net (fo=0)                   0.000    40.000    sys_clk_in
    E3                   IBUF (Prop_ibuf_I_O)         1.411    41.411 r  sys_clk_in_IBUF_inst/O
                         net (fo=1, routed)           1.162    42.573    sys_clk_in_IBUF
    MMCME2_ADV_X1Y2      MMCME2_ADV (Prop_mmcme2_adv_CLKIN1_CLKOUT0)
                                                      0.083    42.656 r  u_mmcm/CLKOUT0
                         net (fo=1, routed)           1.639    44.295    pix_clk_raw
    BUFGCTRL_X0Y17       BUFG (Prop_bufg_I_O)         0.091    44.386 r  u_bufg_pix/O
                         net (fo=55, routed)          1.508    45.895    u_soc/u_vga/pix_clk
    SLICE_X61Y92         FDCE                                         r  u_soc/u_vga/fb_addr_0_reg[8]/C
                         clock pessimism              0.328    46.223    
                         clock uncertainty           -0.100    46.123    
    SLICE_X61Y92         FDCE (Setup_fdce_C_D)        0.062    46.185    u_soc/u_vga/fb_addr_0_reg[8]
  -------------------------------------------------------------------
                         required time                         46.185    
                         arrival time                          -9.824    
  -------------------------------------------------------------------
                         slack                                 36.361    

Slack (MET) :             36.439ns  (required time - arrival time)
  Source:                 u_soc/u_vga/u_vga_sync/v_count_reg[1]/C
                            (rising edge-triggered cell FDCE clocked by pix_clk_raw  {rise@0.000ns fall@20.000ns period=40.000ns})
  Destination:            u_soc/u_vga/u_vga_sync/v_count_reg[2]/D
                            (rising edge-triggered cell FDCE clocked by pix_clk_raw  {rise@0.000ns fall@20.000ns period=40.000ns})
  Path Group:             pix_clk_raw
  Path Type:              Setup (Max at Slow Process Corner)
  Requirement:            40.000ns  (pix_clk_raw rise@40.000ns - pix_clk_raw rise@0.000ns)
  Data Path Delay:        3.468ns  (logic 0.890ns (25.666%)  route 2.578ns (74.334%))
  Logic Levels:           3  (LUT4=1 LUT5=1 LUT6=1)
  Clock Path Skew:        -0.022ns (DCD - SCD + CPR)
    Destination Clock Delay (DCD):    5.896ns = ( 45.896 - 40.000 ) 
    Source Clock Delay      (SCD):    6.249ns
    Clock Pessimism Removal (CPR):    0.331ns
  Clock Uncertainty:      0.100ns  ((TSJ^2 + DJ^2)^1/2) / 2 + PE
    Total System Jitter     (TSJ):    0.071ns
    Discrete Jitter          (DJ):    0.187ns
    Phase Error              (PE):    0.000ns

    Location             Delay type                Incr(ns)  Path(ns)    Netlist Resource(s)
  -------------------------------------------------------------------    -------------------
                         (clock pix_clk_raw rise edge)
                                                      0.000     0.000 r  
    E3                                                0.000     0.000 r  sys_clk_in (IN)
                         net (fo=0)                   0.000     0.000    sys_clk_in
    E3                   IBUF (Prop_ibuf_I_O)         1.482     1.482 r  sys_clk_in_IBUF_inst/O
                         net (fo=1, routed)           1.233     2.715    sys_clk_in_IBUF
    MMCME2_ADV_X1Y2      MMCME2_ADV (Prop_mmcme2_adv_CLKIN1_CLKOUT0)
                                                      0.088     2.803 r  u_mmcm/CLKOUT0
                         net (fo=1, routed)           1.719     4.522    pix_clk_raw
    BUFGCTRL_X0Y17       BUFG (Prop_bufg_I_O)         0.096     4.618 r  u_bufg_pix/O
                         net (fo=55, routed)          1.630     6.249    u_soc/u_vga/u_vga_sync/pix_clk
    SLICE_X58Y93         FDCE                                         r  u_soc/u_vga/u_vga_sync/v_count_reg[1]/C
  -------------------------------------------------------------------    -------------------
    SLICE_X58Y93         FDCE (Prop_fdce_C_Q)         0.518     6.767 r  u_soc/u_vga/u_vga_sync/v_count_reg[1]/Q
                         net (fo=8, routed)           0.907     7.674    u_soc/u_vga/u_vga_sync/Q[1]
    SLICE_X58Y93         LUT5 (Prop_lut5_I0_O)        0.124     7.798 r  u_soc/u_vga/u_vga_sync/v_count[0]_i_2/O
                         net (fo=2, routed)           0.819     8.618    u_soc/u_vga/u_vga_sync/v_count[0]_i_2_n_0
    SLICE_X58Y91         LUT6 (Prop_lut6_I4_O)        0.124     8.742 r  u_soc/u_vga/u_vga_sync/v_count[9]_i_3/O
                         net (fo=9, routed)           0.851     9.592    u_soc/u_vga/u_vga_sync/v_count[9]_i_3_n_0
    SLICE_X59Y93         LUT4 (Prop_lut4_I0_O)        0.124     9.716 r  u_soc/u_vga/u_vga_sync/v_count[2]_i_1/O
                         net (fo=1, routed)           0.000     9.716    u_soc/u_vga/u_vga_sync/v_count[2]_i_1_n_0
    SLICE_X59Y93         FDCE                                         r  u_soc/u_vga/u_vga_sync/v_count_reg[2]/D
  -------------------------------------------------------------------    -------------------

                         (clock pix_clk_raw rise edge)
                                                     40.000    40.000 r  
    E3                                                0.000    40.000 r  sys_clk_in (IN)
                         net (fo=0)                   0.000    40.000    sys_clk_in
    E3                   IBUF (Prop_ibuf_I_O)         1.411    41.411 r  sys_clk_in_IBUF_inst/O
                         net (fo=1, routed)           1.162    42.573    sys_clk_in_IBUF
    MMCME2_ADV_X1Y2      MMCME2_ADV (Prop_mmcme2_adv_CLKIN1_CLKOUT0)
                                                      0.083    42.656 r  u_mmcm/CLKOUT0
                         net (fo=1, routed)           1.639    44.295    pix_clk_raw
    BUFGCTRL_X0Y17       BUFG (Prop_bufg_I_O)         0.091    44.386 r  u_bufg_pix/O
                         net (fo=55, routed)          1.509    45.896    u_soc/u_vga/u_vga_sync/pix_clk
    SLICE_X59Y93         FDCE                                         r  u_soc/u_vga/u_vga_sync/v_count_reg[2]/C
                         clock pessimism              0.331    46.227    
                         clock uncertainty           -0.100    46.127    
    SLICE_X59Y93         FDCE (Setup_fdce_C_D)        0.029    46.156    u_soc/u_vga/u_vga_sync/v_count_reg[2]
  -------------------------------------------------------------------
                         required time                         46.156    
                         arrival time                          -9.716    
  -------------------------------------------------------------------
                         slack                                 36.439    

Slack (MET) :             36.439ns  (required time - arrival time)
  Source:                 u_soc/u_vga/u_vga_sync/v_count_reg[1]/C
                            (rising edge-triggered cell FDCE clocked by pix_clk_raw  {rise@0.000ns fall@20.000ns period=40.000ns})
  Destination:            u_soc/u_vga/u_vga_sync/v_count_reg[4]/D
                            (rising edge-triggered cell FDCE clocked by pix_clk_raw  {rise@0.000ns fall@20.000ns period=40.000ns})
  Path Group:             pix_clk_raw
  Path Type:              Setup (Max at Slow Process Corner)
  Requirement:            40.000ns  (pix_clk_raw rise@40.000ns - pix_clk_raw rise@0.000ns)
  Data Path Delay:        3.470ns  (logic 0.890ns (25.651%)  route 2.580ns (74.349%))
  Logic Levels:           3  (LUT5=1 LUT6=2)
  Clock Path Skew:        -0.022ns (DCD - SCD + CPR)
    Destination Clock Delay (DCD):    5.896ns = ( 45.896 - 40.000 ) 
    Source Clock Delay      (SCD):    6.249ns
    Clock Pessimism Removal (CPR):    0.331ns
  Clock Uncertainty:      0.100ns  ((TSJ^2 + DJ^2)^1/2) / 2 + PE
    Total System Jitter     (TSJ):    0.071ns
    Discrete Jitter          (DJ):    0.187ns
    Phase Error              (PE):    0.000ns

    Location             Delay type                Incr(ns)  Path(ns)    Netlist Resource(s)
  -------------------------------------------------------------------    -------------------
                         (clock pix_clk_raw rise edge)
                                                      0.000     0.000 r  
    E3                                                0.000     0.000 r  sys_clk_in (IN)
                         net (fo=0)                   0.000     0.000    sys_clk_in
    E3                   IBUF (Prop_ibuf_I_O)         1.482     1.482 r  sys_clk_in_IBUF_inst/O
                         net (fo=1, routed)           1.233     2.715    sys_clk_in_IBUF
    MMCME2_ADV_X1Y2      MMCME2_ADV (Prop_mmcme2_adv_CLKIN1_CLKOUT0)
                                                      0.088     2.803 r  u_mmcm/CLKOUT0
                         net (fo=1, routed)           1.719     4.522    pix_clk_raw
    BUFGCTRL_X0Y17       BUFG (Prop_bufg_I_O)         0.096     4.618 r  u_bufg_pix/O
                         net (fo=55, routed)          1.630     6.249    u_soc/u_vga/u_vga_sync/pix_clk
    SLICE_X58Y93         FDCE                                         r  u_soc/u_vga/u_vga_sync/v_count_reg[1]/C
  -------------------------------------------------------------------    -------------------
    SLICE_X58Y93         FDCE (Prop_fdce_C_Q)         0.518     6.767 r  u_soc/u_vga/u_vga_sync/v_count_reg[1]/Q
                         net (fo=8, routed)           0.907     7.674    u_soc/u_vga/u_vga_sync/Q[1]
    SLICE_X58Y93         LUT5 (Prop_lut5_I0_O)        0.124     7.798 r  u_soc/u_vga/u_vga_sync/v_count[0]_i_2/O
                         net (fo=2, routed)           0.819     8.618    u_soc/u_vga/u_vga_sync/v_count[0]_i_2_n_0
    SLICE_X58Y91         LUT6 (Prop_lut6_I4_O)        0.124     8.742 r  u_soc/u_vga/u_vga_sync/v_count[9]_i_3/O
                         net (fo=9, routed)           0.853     9.594    u_soc/u_vga/u_vga_sync/v_count[9]_i_3_n_0
    SLICE_X59Y93         LUT6 (Prop_lut6_I0_O)        0.124     9.718 r  u_soc/u_vga/u_vga_sync/v_count[4]_i_1/O
                         net (fo=1, routed)           0.000     9.718    u_soc/u_vga/u_vga_sync/v_count[4]_i_1_n_0
    SLICE_X59Y93         FDCE                                         r  u_soc/u_vga/u_vga_sync/v_count_reg[4]/D
  -------------------------------------------------------------------    -------------------

                         (clock pix_clk_raw rise edge)
                                                     40.000    40.000 r  
    E3                                                0.000    40.000 r  sys_clk_in (IN)
                         net (fo=0)                   0.000    40.000    sys_clk_in
    E3                   IBUF (Prop_ibuf_I_O)         1.411    41.411 r  sys_clk_in_IBUF_inst/O
                         net (fo=1, routed)           1.162    42.573    sys_clk_in_IBUF
    MMCME2_ADV_X1Y2      MMCME2_ADV (Prop_mmcme2_adv_CLKIN1_CLKOUT0)
                                                      0.083    42.656 r  u_mmcm/CLKOUT0
                         net (fo=1, routed)           1.639    44.295    pix_clk_raw
    BUFGCTRL_X0Y17       BUFG (Prop_bufg_I_O)         0.091    44.386 r  u_bufg_pix/O
                         net (fo=55, routed)          1.509    45.896    u_soc/u_vga/u_vga_sync/pix_clk
    SLICE_X59Y93         FDCE                                         r  u_soc/u_vga/u_vga_sync/v_count_reg[4]/C
                         clock pessimism              0.331    46.227    
                         clock uncertainty           -0.100    46.127    
    SLICE_X59Y93         FDCE (Setup_fdce_C_D)        0.031    46.158    u_soc/u_vga/u_vga_sync/v_count_reg[4]
  -------------------------------------------------------------------
                         required time                         46.158    
                         arrival time                          -9.718    
  -------------------------------------------------------------------
                         slack                                 36.439    

Slack (MET) :             36.457ns  (required time - arrival time)
  Source:                 u_soc/u_vga/u_vga_sync/v_count_reg[1]/C
                            (rising edge-triggered cell FDCE clocked by pix_clk_raw  {rise@0.000ns fall@20.000ns period=40.000ns})
  Destination:            u_soc/u_vga/u_vga_sync/v_count_reg[3]/D
                            (rising edge-triggered cell FDCE clocked by pix_clk_raw  {rise@0.000ns fall@20.000ns period=40.000ns})
  Path Group:             pix_clk_raw
  Path Type:              Setup (Max at Slow Process Corner)
  Requirement:            40.000ns  (pix_clk_raw rise@40.000ns - pix_clk_raw rise@0.000ns)
  Data Path Delay:        3.496ns  (logic 0.918ns (26.261%)  route 2.578ns (73.739%))
  Logic Levels:           3  (LUT5=2 LUT6=1)
  Clock Path Skew:        -0.022ns (DCD - SCD + CPR)
    Destination Clock Delay (DCD):    5.896ns = ( 45.896 - 40.000 ) 
    Source Clock Delay      (SCD):    6.249ns
    Clock Pessimism Removal (CPR):    0.331ns
  Clock Uncertainty:      0.100ns  ((TSJ^2 + DJ^2)^1/2) / 2 + PE
    Total System Jitter     (TSJ):    0.071ns
    Discrete Jitter          (DJ):    0.187ns
    Phase Error              (PE):    0.000ns

    Location             Delay type                Incr(ns)  Path(ns)    Netlist Resource(s)
  -------------------------------------------------------------------    -------------------
                         (clock pix_clk_raw rise edge)
                                                      0.000     0.000 r  
    E3                                                0.000     0.000 r  sys_clk_in (IN)
                         net (fo=0)                   0.000     0.000    sys_clk_in
    E3                   IBUF (Prop_ibuf_I_O)         1.482     1.482 r  sys_clk_in_IBUF_inst/O
                         net (fo=1, routed)           1.233     2.715    sys_clk_in_IBUF
    MMCME2_ADV_X1Y2      MMCME2_ADV (Prop_mmcme2_adv_CLKIN1_CLKOUT0)
                                                      0.088     2.803 r  u_mmcm/CLKOUT0
                         net (fo=1, routed)           1.719     4.522    pix_clk_raw
    BUFGCTRL_X0Y17       BUFG (Prop_bufg_I_O)         0.096     4.618 r  u_bufg_pix/O
                         net (fo=55, routed)          1.630     6.249    u_soc/u_vga/u_vga_sync/pix_clk
    SLICE_X58Y93         FDCE                                         r  u_soc/u_vga/u_vga_sync/v_count_reg[1]/C
  -------------------------------------------------------------------    -------------------
    SLICE_X58Y93         FDCE (Prop_fdce_C_Q)         0.518     6.767 r  u_soc/u_vga/u_vga_sync/v_count_reg[1]/Q
                         net (fo=8, routed)           0.907     7.674    u_soc/u_vga/u_vga_sync/Q[1]
    SLICE_X58Y93         LUT5 (Prop_lut5_I0_O)        0.124     7.798 r  u_soc/u_vga/u_vga_sync/v_count[0]_i_2/O
                         net (fo=2, routed)           0.819     8.618    u_soc/u_vga/u_vga_sync/v_count[0]_i_2_n_0
    SLICE_X58Y91         LUT6 (Prop_lut6_I4_O)        0.124     8.742 r  u_soc/u_vga/u_vga_sync/v_count[9]_i_3/O
                         net (fo=9, routed)           0.851     9.592    u_soc/u_vga/u_vga_sync/v_count[9]_i_3_n_0
    SLICE_X59Y93         LUT5 (Prop_lut5_I0_O)        0.152     9.744 r  u_soc/u_vga/u_vga_sync/v_count[3]_i_1/O
                         net (fo=1, routed)           0.000     9.744    u_soc/u_vga/u_vga_sync/v_count[3]_i_1_n_0
    SLICE_X59Y93         FDCE                                         r  u_soc/u_vga/u_vga_sync/v_count_reg[3]/D
  -------------------------------------------------------------------    -------------------

                         (clock pix_clk_raw rise edge)
                                                     40.000    40.000 r  
    E3                                                0.000    40.000 r  sys_clk_in (IN)
                         net (fo=0)                   0.000    40.000    sys_clk_in
    E3                   IBUF (Prop_ibuf_I_O)         1.411    41.411 r  sys_clk_in_IBUF_inst/O
                         net (fo=1, routed)           1.162    42.573    sys_clk_in_IBUF
    MMCME2_ADV_X1Y2      MMCME2_ADV (Prop_mmcme2_adv_CLKIN1_CLKOUT0)
                                                      0.083    42.656 r  u_mmcm/CLKOUT0
                         net (fo=1, routed)           1.639    44.295    pix_clk_raw
    BUFGCTRL_X0Y17       BUFG (Prop_bufg_I_O)         0.091    44.386 r  u_bufg_pix/O
                         net (fo=55, routed)          1.509    45.896    u_soc/u_vga/u_vga_sync/pix_clk
    SLICE_X59Y93         FDCE                                         r  u_soc/u_vga/u_vga_sync/v_count_reg[3]/C
                         clock pessimism              0.331    46.227    
                         clock uncertainty           -0.100    46.127    
    SLICE_X59Y93         FDCE (Setup_fdce_C_D)        0.075    46.202    u_soc/u_vga/u_vga_sync/v_count_reg[3]
  -------------------------------------------------------------------
                         required time                         46.202    
                         arrival time                          -9.744    
  -------------------------------------------------------------------
                         slack                                 36.457    

Slack (MET) :             36.482ns  (required time - arrival time)
  Source:                 u_soc/u_cfb/mem_reg/CLKBWRCLK
                            (rising edge-triggered cell RAMB36E1 clocked by pix_clk_raw  {rise@0.000ns fall@20.000ns period=40.000ns})
  Destination:            u_soc/u_vga/char_r_reg[0]/D
                            (rising edge-triggered cell FDCE clocked by pix_clk_raw  {rise@0.000ns fall@20.000ns period=40.000ns})
  Path Group:             pix_clk_raw
  Path Type:              Setup (Max at Slow Process Corner)
  Requirement:            40.000ns  (pix_clk_raw rise@40.000ns - pix_clk_raw rise@0.000ns)
  Data Path Delay:        3.284ns  (logic 2.454ns (74.719%)  route 0.830ns (25.281%))
  Logic Levels:           0  
  Clock Path Skew:        -0.066ns (DCD - SCD + CPR)
    Destination Clock Delay (DCD):    5.898ns = ( 45.898 - 40.000 ) 
    Source Clock Delay      (SCD):    6.292ns
    Clock Pessimism Removal (CPR):    0.328ns
  Clock Uncertainty:      0.100ns  ((TSJ^2 + DJ^2)^1/2) / 2 + PE
    Total System Jitter     (TSJ):    0.071ns
    Discrete Jitter          (DJ):    0.187ns
    Phase Error              (PE):    0.000ns

    Location             Delay type                Incr(ns)  Path(ns)    Netlist Resource(s)
  -------------------------------------------------------------------    -------------------
                         (clock pix_clk_raw rise edge)
                                                      0.000     0.000 r  
    E3                                                0.000     0.000 r  sys_clk_in (IN)
                         net (fo=0)                   0.000     0.000    sys_clk_in
    E3                   IBUF (Prop_ibuf_I_O)         1.482     1.482 r  sys_clk_in_IBUF_inst/O
                         net (fo=1, routed)           1.233     2.715    sys_clk_in_IBUF
    MMCME2_ADV_X1Y2      MMCME2_ADV (Prop_mmcme2_adv_CLKIN1_CLKOUT0)
                                                      0.088     2.803 r  u_mmcm/CLKOUT0
                         net (fo=1, routed)           1.719     4.522    pix_clk_raw
    BUFGCTRL_X0Y17       BUFG (Prop_bufg_I_O)         0.096     4.618 r  u_bufg_pix/O
                         net (fo=55, routed)          1.674     6.292    u_soc/u_cfb/pix_clk
    RAMB36_X1Y18         RAMB36E1                                     r  u_soc/u_cfb/mem_reg/CLKBWRCLK
  -------------------------------------------------------------------    -------------------
    RAMB36_X1Y18         RAMB36E1 (Prop_ramb36e1_CLKBWRCLK_DOBDO[0])
                                                      2.454     8.746 r  u_soc/u_cfb/mem_reg/DOBDO[0]
                         net (fo=1, routed)           0.830     9.577    u_soc/u_vga/fb_data[0]
    SLICE_X63Y94         FDCE                                         r  u_soc/u_vga/char_r_reg[0]/D
  -------------------------------------------------------------------    -------------------

                         (clock pix_clk_raw rise edge)
                                                     40.000    40.000 r  
    E3                                                0.000    40.000 r  sys_clk_in (IN)
                         net (fo=0)                   0.000    40.000    sys_clk_in
    E3                   IBUF (Prop_ibuf_I_O)         1.411    41.411 r  sys_clk_in_IBUF_inst/O
                         net (fo=1, routed)           1.162    42.573    sys_clk_in_IBUF
    MMCME2_ADV_X1Y2      MMCME2_ADV (Prop_mmcme2_adv_CLKIN1_CLKOUT0)
                                                      0.083    42.656 r  u_mmcm/CLKOUT0
                         net (fo=1, routed)           1.639    44.295    pix_clk_raw
    BUFGCTRL_X0Y17       BUFG (Prop_bufg_I_O)         0.091    44.386 r  u_bufg_pix/O
                         net (fo=55, routed)          1.511    45.898    u_soc/u_vga/pix_clk
    SLICE_X63Y94         FDCE                                         r  u_soc/u_vga/char_r_reg[0]/C
                         clock pessimism              0.328    46.226    
                         clock uncertainty           -0.100    46.126    
    SLICE_X63Y94         FDCE (Setup_fdce_C_D)       -0.067    46.059    u_soc/u_vga/char_r_reg[0]
  -------------------------------------------------------------------
                         required time                         46.059    
                         arrival time                          -9.577    
  -------------------------------------------------------------------
                         slack                                 36.482    

Slack (MET) :             36.488ns  (required time - arrival time)
  Source:                 u_soc/u_cfb/mem_reg/CLKBWRCLK
                            (rising edge-triggered cell RAMB36E1 clocked by pix_clk_raw  {rise@0.000ns fall@20.000ns period=40.000ns})
  Destination:            u_soc/u_vga/char_r_reg[3]/D
                            (rising edge-triggered cell FDCE clocked by pix_clk_raw  {rise@0.000ns fall@20.000ns period=40.000ns})
  Path Group:             pix_clk_raw
  Path Type:              Setup (Max at Slow Process Corner)
  Requirement:            40.000ns  (pix_clk_raw rise@40.000ns - pix_clk_raw rise@0.000ns)
  Data Path Delay:        3.314ns  (logic 2.454ns (74.041%)  route 0.860ns (25.959%))
  Logic Levels:           0  
  Clock Path Skew:        -0.066ns (DCD - SCD + CPR)
    Destination Clock Delay (DCD):    5.898ns = ( 45.898 - 40.000 ) 
    Source Clock Delay      (SCD):    6.292ns
    Clock Pessimism Removal (CPR):    0.328ns
  Clock Uncertainty:      0.100ns  ((TSJ^2 + DJ^2)^1/2) / 2 + PE
    Total System Jitter     (TSJ):    0.071ns
    Discrete Jitter          (DJ):    0.187ns
    Phase Error              (PE):    0.000ns

    Location             Delay type                Incr(ns)  Path(ns)    Netlist Resource(s)
  -------------------------------------------------------------------    -------------------
                         (clock pix_clk_raw rise edge)
                                                      0.000     0.000 r  
    E3                                                0.000     0.000 r  sys_clk_in (IN)
                         net (fo=0)                   0.000     0.000    sys_clk_in
    E3                   IBUF (Prop_ibuf_I_O)         1.482     1.482 r  sys_clk_in_IBUF_inst/O
                         net (fo=1, routed)           1.233     2.715    sys_clk_in_IBUF
    MMCME2_ADV_X1Y2      MMCME2_ADV (Prop_mmcme2_adv_CLKIN1_CLKOUT0)
                                                      0.088     2.803 r  u_mmcm/CLKOUT0
                         net (fo=1, routed)           1.719     4.522    pix_clk_raw
    BUFGCTRL_X0Y17       BUFG (Prop_bufg_I_O)         0.096     4.618 r  u_bufg_pix/O
                         net (fo=55, routed)          1.674     6.292    u_soc/u_cfb/pix_clk
    RAMB36_X1Y18         RAMB36E1                                     r  u_soc/u_cfb/mem_reg/CLKBWRCLK
  -------------------------------------------------------------------    -------------------
    RAMB36_X1Y18         RAMB36E1 (Prop_ramb36e1_CLKBWRCLK_DOBDO[3])
                                                      2.454     8.746 r  u_soc/u_cfb/mem_reg/DOBDO[3]
                         net (fo=1, routed)           0.860     9.607    u_soc/u_vga/fb_data[3]
    SLICE_X62Y94         FDCE                                         r  u_soc/u_vga/char_r_reg[3]/D
  -------------------------------------------------------------------    -------------------

                         (clock pix_clk_raw rise edge)
                                                     40.000    40.000 r  
    E3                                                0.000    40.000 r  sys_clk_in (IN)
                         net (fo=0)                   0.000    40.000    sys_clk_in
    E3                   IBUF (Prop_ibuf_I_O)         1.411    41.411 r  sys_clk_in_IBUF_inst/O
                         net (fo=1, routed)           1.162    42.573    sys_clk_in_IBUF
    MMCME2_ADV_X1Y2      MMCME2_ADV (Prop_mmcme2_adv_CLKIN1_CLKOUT0)
                                                      0.083    42.656 r  u_mmcm/CLKOUT0
                         net (fo=1, routed)           1.639    44.295    pix_clk_raw
    BUFGCTRL_X0Y17       BUFG (Prop_bufg_I_O)         0.091    44.386 r  u_bufg_pix/O
                         net (fo=55, routed)          1.511    45.898    u_soc/u_vga/pix_clk
    SLICE_X62Y94         FDCE                                         r  u_soc/u_vga/char_r_reg[3]/C
                         clock pessimism              0.328    46.226    
                         clock uncertainty           -0.100    46.126    
    SLICE_X62Y94         FDCE (Setup_fdce_C_D)       -0.031    46.095    u_soc/u_vga/char_r_reg[3]
  -------------------------------------------------------------------
                         required time                         46.095    
                         arrival time                          -9.607    
  -------------------------------------------------------------------
                         slack                                 36.488    

Slack (MET) :             36.494ns  (required time - arrival time)
  Source:                 u_soc/u_vga/u_vga_sync/v_count_reg[1]/C
                            (rising edge-triggered cell FDCE clocked by pix_clk_raw  {rise@0.000ns fall@20.000ns period=40.000ns})
  Destination:            u_soc/u_vga/u_vga_sync/v_count_reg[1]/D
                            (rising edge-triggered cell FDCE clocked by pix_clk_raw  {rise@0.000ns fall@20.000ns period=40.000ns})
  Path Group:             pix_clk_raw
  Path Type:              Setup (Max at Slow Process Corner)
  Requirement:            40.000ns  (pix_clk_raw rise@40.000ns - pix_clk_raw rise@0.000ns)
  Data Path Delay:        3.483ns  (logic 0.890ns (25.555%)  route 2.593ns (74.445%))
  Logic Levels:           3  (LUT3=1 LUT5=1 LUT6=1)
  Clock Path Skew:        0.000ns (DCD - SCD + CPR)
    Destination Clock Delay (DCD):    5.896ns = ( 45.896 - 40.000 ) 
    Source Clock Delay      (SCD):    6.249ns
    Clock Pessimism Removal (CPR):    0.353ns
  Clock Uncertainty:      0.100ns  ((TSJ^2 + DJ^2)^1/2) / 2 + PE
    Total System Jitter     (TSJ):    0.071ns
    Discrete Jitter          (DJ):    0.187ns
    Phase Error              (PE):    0.000ns

    Location             Delay type                Incr(ns)  Path(ns)    Netlist Resource(s)
  -------------------------------------------------------------------    -------------------
                         (clock pix_clk_raw rise edge)
                                                      0.000     0.000 r  
    E3                                                0.000     0.000 r  sys_clk_in (IN)
                         net (fo=0)                   0.000     0.000    sys_clk_in
    E3                   IBUF (Prop_ibuf_I_O)         1.482     1.482 r  sys_clk_in_IBUF_inst/O
                         net (fo=1, routed)           1.233     2.715    sys_clk_in_IBUF
    MMCME2_ADV_X1Y2      MMCME2_ADV (Prop_mmcme2_adv_CLKIN1_CLKOUT0)
                                                      0.088     2.803 r  u_mmcm/CLKOUT0
                         net (fo=1, routed)           1.719     4.522    pix_clk_raw
    BUFGCTRL_X0Y17       BUFG (Prop_bufg_I_O)         0.096     4.618 r  u_bufg_pix/O
                         net (fo=55, routed)          1.630     6.249    u_soc/u_vga/u_vga_sync/pix_clk
    SLICE_X58Y93         FDCE                                         r  u_soc/u_vga/u_vga_sync/v_count_reg[1]/C
  -------------------------------------------------------------------    -------------------
    SLICE_X58Y93         FDCE (Prop_fdce_C_Q)         0.518     6.767 r  u_soc/u_vga/u_vga_sync/v_count_reg[1]/Q
                         net (fo=8, routed)           0.907     7.674    u_soc/u_vga/u_vga_sync/Q[1]
    SLICE_X58Y93         LUT5 (Prop_lut5_I0_O)        0.124     7.798 r  u_soc/u_vga/u_vga_sync/v_count[0]_i_2/O
                         net (fo=2, routed)           0.819     8.618    u_soc/u_vga/u_vga_sync/v_count[0]_i_2_n_0
    SLICE_X58Y91         LUT6 (Prop_lut6_I4_O)        0.124     8.742 r  u_soc/u_vga/u_vga_sync/v_count[9]_i_3/O
                         net (fo=9, routed)           0.866     9.607    u_soc/u_vga/u_vga_sync/v_count[9]_i_3_n_0
    SLICE_X58Y93         LUT3 (Prop_lut3_I0_O)        0.124     9.731 r  u_soc/u_vga/u_vga_sync/v_count[1]_i_1/O
                         net (fo=1, routed)           0.000     9.731    u_soc/u_vga/u_vga_sync/v_count[1]_i_1_n_0
    SLICE_X58Y93         FDCE                                         r  u_soc/u_vga/u_vga_sync/v_count_reg[1]/D
  -------------------------------------------------------------------    -------------------

                         (clock pix_clk_raw rise edge)
                                                     40.000    40.000 r  
    E3                                                0.000    40.000 r  sys_clk_in (IN)
                         net (fo=0)                   0.000    40.000    sys_clk_in
    E3                   IBUF (Prop_ibuf_I_O)         1.411    41.411 r  sys_clk_in_IBUF_inst/O
                         net (fo=1, routed)           1.162    42.573    sys_clk_in_IBUF
    MMCME2_ADV_X1Y2      MMCME2_ADV (Prop_mmcme2_adv_CLKIN1_CLKOUT0)
                                                      0.083    42.656 r  u_mmcm/CLKOUT0
                         net (fo=1, routed)           1.639    44.295    pix_clk_raw
    BUFGCTRL_X0Y17       BUFG (Prop_bufg_I_O)         0.091    44.386 r  u_bufg_pix/O
                         net (fo=55, routed)          1.509    45.896    u_soc/u_vga/u_vga_sync/pix_clk
    SLICE_X58Y93         FDCE                                         r  u_soc/u_vga/u_vga_sync/v_count_reg[1]/C
                         clock pessimism              0.353    46.249    
                         clock uncertainty           -0.100    46.149    
    SLICE_X58Y93         FDCE (Setup_fdce_C_D)        0.077    46.226    u_soc/u_vga/u_vga_sync/v_count_reg[1]
  -------------------------------------------------------------------
                         required time                         46.226    
                         arrival time                          -9.731    
  -------------------------------------------------------------------
                         slack                                 36.494    





Min Delay Paths
--------------------------------------------------------------------------------------
Slack (MET) :             0.109ns  (arrival time - required time)
  Source:                 u_soc/u_vga/char_r_reg[2]/C
                            (rising edge-triggered cell FDCE clocked by pix_clk_raw  {rise@0.000ns fall@20.000ns period=40.000ns})
  Destination:            u_soc/u_font/data_out_reg/ADDRARDADDR[9]
                            (rising edge-triggered cell RAMB18E1 clocked by pix_clk_raw  {rise@0.000ns fall@20.000ns period=40.000ns})
  Path Group:             pix_clk_raw
  Path Type:              Hold (Min at Fast Process Corner)
  Requirement:            0.000ns  (pix_clk_raw rise@0.000ns - pix_clk_raw rise@0.000ns)
  Data Path Delay:        0.352ns  (logic 0.141ns (40.102%)  route 0.211ns (59.898%))
  Logic Levels:           0  
  Clock Path Skew:        0.059ns (DCD - SCD - CPR)
    Destination Clock Delay (DCD):    2.425ns
    Source Clock Delay      (SCD):    1.832ns
    Clock Pessimism Removal (CPR):    0.533ns

    Location             Delay type                Incr(ns)  Path(ns)    Netlist Resource(s)
  -------------------------------------------------------------------    -------------------
                         (clock pix_clk_raw rise edge)
                                                      0.000     0.000 r  
    E3                                                0.000     0.000 r  sys_clk_in (IN)
                         net (fo=0)                   0.000     0.000    sys_clk_in
    E3                   IBUF (Prop_ibuf_I_O)         0.250     0.250 r  sys_clk_in_IBUF_inst/O
                         net (fo=1, routed)           0.440     0.690    sys_clk_in_IBUF
    MMCME2_ADV_X1Y2      MMCME2_ADV (Prop_mmcme2_adv_CLKIN1_CLKOUT0)
                                                      0.050     0.740 r  u_mmcm/CLKOUT0
                         net (fo=1, routed)           0.499     1.239    pix_clk_raw
    BUFGCTRL_X0Y17       BUFG (Prop_bufg_I_O)         0.026     1.265 r  u_bufg_pix/O
                         net (fo=55, routed)          0.568     1.832    u_soc/u_vga/pix_clk
    SLICE_X63Y94         FDCE                                         r  u_soc/u_vga/char_r_reg[2]/C
  -------------------------------------------------------------------    -------------------
    SLICE_X63Y94         FDCE (Prop_fdce_C_Q)         0.141     1.973 r  u_soc/u_vga/char_r_reg[2]/Q
                         net (fo=1, routed)           0.211     2.184    u_soc/u_font/ADDRARDADDR[5]
    RAMB18_X1Y38         RAMB18E1                                     r  u_soc/u_font/data_out_reg/ADDRARDADDR[9]
  -------------------------------------------------------------------    -------------------

                         (clock pix_clk_raw rise edge)
                                                      0.000     0.000 r  
    E3                                                0.000     0.000 r  sys_clk_in (IN)
                         net (fo=0)                   0.000     0.000    sys_clk_in
    E3                   IBUF (Prop_ibuf_I_O)         0.438     0.438 r  sys_clk_in_IBUF_inst/O
                         net (fo=1, routed)           0.480     0.918    sys_clk_in_IBUF
    MMCME2_ADV_X1Y2      MMCME2_ADV (Prop_mmcme2_adv_CLKIN1_CLKOUT0)
                                                      0.053     0.971 r  u_mmcm/CLKOUT0
                         net (fo=1, routed)           0.544     1.514    pix_clk_raw
    BUFGCTRL_X0Y17       BUFG (Prop_bufg_I_O)         0.029     1.543 r  u_bufg_pix/O
                         net (fo=55, routed)          0.882     2.425    u_soc/u_font/pix_clk
    RAMB18_X1Y38         RAMB18E1                                     r  u_soc/u_font/data_out_reg/CLKARDCLK
                         clock pessimism             -0.533     1.892    
    RAMB18_X1Y38         RAMB18E1 (Hold_ramb18e1_CLKARDCLK_ADDRARDADDR[9])
                                                      0.183     2.075    u_soc/u_font/data_out_reg
  -------------------------------------------------------------------
                         required time                         -2.075    
                         arrival time                           2.184    
  -------------------------------------------------------------------
                         slack                                  0.109    

Slack (MET) :             0.128ns  (arrival time - required time)
  Source:                 u_soc/u_vga/fb_addr_0_reg[11]/C
                            (rising edge-triggered cell FDCE clocked by pix_clk_raw  {rise@0.000ns fall@20.000ns period=40.000ns})
  Destination:            u_soc/u_cfb/mem_reg/ADDRBWRADDR[14]
                            (rising edge-triggered cell RAMB36E1 clocked by pix_clk_raw  {rise@0.000ns fall@20.000ns period=40.000ns})
  Path Group:             pix_clk_raw
  Path Type:              Hold (Min at Fast Process Corner)
  Requirement:            0.000ns  (pix_clk_raw rise@0.000ns - pix_clk_raw rise@0.000ns)
  Data Path Delay:        0.392ns  (logic 0.141ns (35.949%)  route 0.251ns (64.051%))
  Logic Levels:           0  
  Clock Path Skew:        0.081ns (DCD - SCD - CPR)
    Destination Clock Delay (DCD):    2.423ns
    Source Clock Delay      (SCD):    1.829ns
    Clock Pessimism Removal (CPR):    0.512ns

    Location             Delay type                Incr(ns)  Path(ns)    Netlist Resource(s)
  -------------------------------------------------------------------    -------------------
                         (clock pix_clk_raw rise edge)
                                                      0.000     0.000 r  
    E3                                                0.000     0.000 r  sys_clk_in (IN)
                         net (fo=0)                   0.000     0.000    sys_clk_in
    E3                   IBUF (Prop_ibuf_I_O)         0.250     0.250 r  sys_clk_in_IBUF_inst/O
                         net (fo=1, routed)           0.440     0.690    sys_clk_in_IBUF
    MMCME2_ADV_X1Y2      MMCME2_ADV (Prop_mmcme2_adv_CLKIN1_CLKOUT0)
                                                      0.050     0.740 r  u_mmcm/CLKOUT0
                         net (fo=1, routed)           0.499     1.239    pix_clk_raw
    BUFGCTRL_X0Y17       BUFG (Prop_bufg_I_O)         0.026     1.265 r  u_bufg_pix/O
                         net (fo=55, routed)          0.565     1.829    u_soc/u_vga/pix_clk
    SLICE_X61Y92         FDCE                                         r  u_soc/u_vga/fb_addr_0_reg[11]/C
  -------------------------------------------------------------------    -------------------
    SLICE_X61Y92         FDCE (Prop_fdce_C_Q)         0.141     1.970 r  u_soc/u_vga/fb_addr_0_reg[11]/Q
                         net (fo=1, routed)           0.251     2.222    u_soc/u_cfb/Q[11]
    RAMB36_X1Y18         RAMB36E1                                     r  u_soc/u_cfb/mem_reg/ADDRBWRADDR[14]
  -------------------------------------------------------------------    -------------------

                         (clock pix_clk_raw rise edge)
                                                      0.000     0.000 r  
    E3                                                0.000     0.000 r  sys_clk_in (IN)
                         net (fo=0)                   0.000     0.000    sys_clk_in
    E3                   IBUF (Prop_ibuf_I_O)         0.438     0.438 r  sys_clk_in_IBUF_inst/O
                         net (fo=1, routed)           0.480     0.918    sys_clk_in_IBUF
    MMCME2_ADV_X1Y2      MMCME2_ADV (Prop_mmcme2_adv_CLKIN1_CLKOUT0)
                                                      0.053     0.971 r  u_mmcm/CLKOUT0
                         net (fo=1, routed)           0.544     1.514    pix_clk_raw
    BUFGCTRL_X0Y17       BUFG (Prop_bufg_I_O)         0.029     1.543 r  u_bufg_pix/O
                         net (fo=55, routed)          0.880     2.423    u_soc/u_cfb/pix_clk
    RAMB36_X1Y18         RAMB36E1                                     r  u_soc/u_cfb/mem_reg/CLKBWRCLK
                         clock pessimism             -0.512     1.911    
    RAMB36_X1Y18         RAMB36E1 (Hold_ramb36e1_CLKBWRCLK_ADDRBWRADDR[14])
                                                      0.183     2.094    u_soc/u_cfb/mem_reg
  -------------------------------------------------------------------
                         required time                         -2.094    
                         arrival time                           2.222    
  -------------------------------------------------------------------
                         slack                                  0.128    

Slack (MET) :             0.128ns  (arrival time - required time)
  Source:                 u_soc/u_vga/fb_addr_0_reg[8]/C
                            (rising edge-triggered cell FDCE clocked by pix_clk_raw  {rise@0.000ns fall@20.000ns period=40.000ns})
  Destination:            u_soc/u_cfb/mem_reg/ADDRBWRADDR[11]
                            (rising edge-triggered cell RAMB36E1 clocked by pix_clk_raw  {rise@0.000ns fall@20.000ns period=40.000ns})
  Path Group:             pix_clk_raw
  Path Type:              Hold (Min at Fast Process Corner)
  Requirement:            0.000ns  (pix_clk_raw rise@0.000ns - pix_clk_raw rise@0.000ns)
  Data Path Delay:        0.393ns  (logic 0.141ns (35.897%)  route 0.252ns (64.103%))
  Logic Levels:           0  
  Clock Path Skew:        0.081ns (DCD - SCD - CPR)
    Destination Clock Delay (DCD):    2.423ns
    Source Clock Delay      (SCD):    1.829ns
    Clock Pessimism Removal (CPR):    0.512ns

    Location             Delay type                Incr(ns)  Path(ns)    Netlist Resource(s)
  -------------------------------------------------------------------    -------------------
                         (clock pix_clk_raw rise edge)
                                                      0.000     0.000 r  
    E3                                                0.000     0.000 r  sys_clk_in (IN)
                         net (fo=0)                   0.000     0.000    sys_clk_in
    E3                   IBUF (Prop_ibuf_I_O)         0.250     0.250 r  sys_clk_in_IBUF_inst/O
                         net (fo=1, routed)           0.440     0.690    sys_clk_in_IBUF
    MMCME2_ADV_X1Y2      MMCME2_ADV (Prop_mmcme2_adv_CLKIN1_CLKOUT0)
                                                      0.050     0.740 r  u_mmcm/CLKOUT0
                         net (fo=1, routed)           0.499     1.239    pix_clk_raw
    BUFGCTRL_X0Y17       BUFG (Prop_bufg_I_O)         0.026     1.265 r  u_bufg_pix/O
                         net (fo=55, routed)          0.565     1.829    u_soc/u_vga/pix_clk
    SLICE_X61Y92         FDCE                                         r  u_soc/u_vga/fb_addr_0_reg[8]/C
  -------------------------------------------------------------------    -------------------
    SLICE_X61Y92         FDCE (Prop_fdce_C_Q)         0.141     1.970 r  u_soc/u_vga/fb_addr_0_reg[8]/Q
                         net (fo=1, routed)           0.252     2.222    u_soc/u_cfb/Q[8]
    RAMB36_X1Y18         RAMB36E1                                     r  u_soc/u_cfb/mem_reg/ADDRBWRADDR[11]
  -------------------------------------------------------------------    -------------------

                         (clock pix_clk_raw rise edge)
                                                      0.000     0.000 r  
    E3                                                0.000     0.000 r  sys_clk_in (IN)
                         net (fo=0)                   0.000     0.000    sys_clk_in
    E3                   IBUF (Prop_ibuf_I_O)         0.438     0.438 r  sys_clk_in_IBUF_inst/O
                         net (fo=1, routed)           0.480     0.918    sys_clk_in_IBUF
    MMCME2_ADV_X1Y2      MMCME2_ADV (Prop_mmcme2_adv_CLKIN1_CLKOUT0)
                                                      0.053     0.971 r  u_mmcm/CLKOUT0
                         net (fo=1, routed)           0.544     1.514    pix_clk_raw
    BUFGCTRL_X0Y17       BUFG (Prop_bufg_I_O)         0.029     1.543 r  u_bufg_pix/O
                         net (fo=55, routed)          0.880     2.423    u_soc/u_cfb/pix_clk
    RAMB36_X1Y18         RAMB36E1                                     r  u_soc/u_cfb/mem_reg/CLKBWRCLK
                         clock pessimism             -0.512     1.911    
    RAMB36_X1Y18         RAMB36E1 (Hold_ramb36e1_CLKBWRCLK_ADDRBWRADDR[11])
                                                      0.183     2.094    u_soc/u_cfb/mem_reg
  -------------------------------------------------------------------
                         required time                         -2.094    
                         arrival time                           2.222    
  -------------------------------------------------------------------
                         slack                                  0.128    

Slack (MET) :             0.132ns  (arrival time - required time)
  Source:                 u_soc/u_vga/char_r_reg[5]/C
                            (rising edge-triggered cell FDPE clocked by pix_clk_raw  {rise@0.000ns fall@20.000ns period=40.000ns})
  Destination:            u_soc/u_font/data_out_reg/ADDRARDADDR[12]
                            (rising edge-triggered cell RAMB18E1 clocked by pix_clk_raw  {rise@0.000ns fall@20.000ns period=40.000ns})
  Path Group:             pix_clk_raw
  Path Type:              Hold (Min at Fast Process Corner)
  Requirement:            0.000ns  (pix_clk_raw rise@0.000ns - pix_clk_raw rise@0.000ns)
  Data Path Delay:        0.374ns  (logic 0.164ns (43.810%)  route 0.210ns (56.190%))
  Logic Levels:           0  
  Clock Path Skew:        0.059ns (DCD - SCD - CPR)
    Destination Clock Delay (DCD):    2.425ns
    Source Clock Delay      (SCD):    1.832ns
    Clock Pessimism Removal (CPR):    0.533ns

    Location             Delay type                Incr(ns)  Path(ns)    Netlist Resource(s)
  -------------------------------------------------------------------    -------------------
                         (clock pix_clk_raw rise edge)
                                                      0.000     0.000 r  
    E3                                                0.000     0.000 r  sys_clk_in (IN)
                         net (fo=0)                   0.000     0.000    sys_clk_in
    E3                   IBUF (Prop_ibuf_I_O)         0.250     0.250 r  sys_clk_in_IBUF_inst/O
                         net (fo=1, routed)           0.440     0.690    sys_clk_in_IBUF
    MMCME2_ADV_X1Y2      MMCME2_ADV (Prop_mmcme2_adv_CLKIN1_CLKOUT0)
                                                      0.050     0.740 r  u_mmcm/CLKOUT0
                         net (fo=1, routed)           0.499     1.239    pix_clk_raw
    BUFGCTRL_X0Y17       BUFG (Prop_bufg_I_O)         0.026     1.265 r  u_bufg_pix/O
                         net (fo=55, routed)          0.568     1.832    u_soc/u_vga/pix_clk
    SLICE_X62Y94         FDPE                                         r  u_soc/u_vga/char_r_reg[5]/C
  -------------------------------------------------------------------    -------------------
    SLICE_X62Y94         FDPE (Prop_fdpe_C_Q)         0.164     1.996 r  u_soc/u_vga/char_r_reg[5]/Q
                         net (fo=1, routed)           0.210     2.207    u_soc/u_font/ADDRARDADDR[8]
    RAMB18_X1Y38         RAMB18E1                                     r  u_soc/u_font/data_out_reg/ADDRARDADDR[12]
  -------------------------------------------------------------------    -------------------

                         (clock pix_clk_raw rise edge)
                                                      0.000     0.000 r  
    E3                                                0.000     0.000 r  sys_clk_in (IN)
                         net (fo=0)                   0.000     0.000    sys_clk_in
    E3                   IBUF (Prop_ibuf_I_O)         0.438     0.438 r  sys_clk_in_IBUF_inst/O
                         net (fo=1, routed)           0.480     0.918    sys_clk_in_IBUF
    MMCME2_ADV_X1Y2      MMCME2_ADV (Prop_mmcme2_adv_CLKIN1_CLKOUT0)
                                                      0.053     0.971 r  u_mmcm/CLKOUT0
                         net (fo=1, routed)           0.544     1.514    pix_clk_raw
    BUFGCTRL_X0Y17       BUFG (Prop_bufg_I_O)         0.029     1.543 r  u_bufg_pix/O
                         net (fo=55, routed)          0.882     2.425    u_soc/u_font/pix_clk
    RAMB18_X1Y38         RAMB18E1                                     r  u_soc/u_font/data_out_reg/CLKARDCLK
                         clock pessimism             -0.533     1.892    
    RAMB18_X1Y38         RAMB18E1 (Hold_ramb18e1_CLKARDCLK_ADDRARDADDR[12])
                                                      0.183     2.075    u_soc/u_font/data_out_reg
  -------------------------------------------------------------------
                         required time                         -2.075    
                         arrival time                           2.207    
  -------------------------------------------------------------------
                         slack                                  0.132    

Slack (MET) :             0.134ns  (arrival time - required time)
  Source:                 u_soc/u_vga/fb_addr_0_reg[0]/C
                            (rising edge-triggered cell FDCE clocked by pix_clk_raw  {rise@0.000ns fall@20.000ns period=40.000ns})
  Destination:            u_soc/u_cfb/mem_reg/ADDRBWRADDR[3]
                            (rising edge-triggered cell RAMB36E1 clocked by pix_clk_raw  {rise@0.000ns fall@20.000ns period=40.000ns})
  Path Group:             pix_clk_raw
  Path Type:              Hold (Min at Fast Process Corner)
  Requirement:            0.000ns  (pix_clk_raw rise@0.000ns - pix_clk_raw rise@0.000ns)
  Data Path Delay:        0.397ns  (logic 0.141ns (35.510%)  route 0.256ns (64.490%))
  Logic Levels:           0  
  Clock Path Skew:        0.080ns (DCD - SCD - CPR)
    Destination Clock Delay (DCD):    2.423ns
    Source Clock Delay      (SCD):    1.830ns
    Clock Pessimism Removal (CPR):    0.512ns

    Location             Delay type                Incr(ns)  Path(ns)    Netlist Resource(s)
  -------------------------------------------------------------------    -------------------
                         (clock pix_clk_raw rise edge)
                                                      0.000     0.000 r  
    E3                                                0.000     0.000 r  sys_clk_in (IN)
                         net (fo=0)                   0.000     0.000    sys_clk_in
    E3                   IBUF (Prop_ibuf_I_O)         0.250     0.250 r  sys_clk_in_IBUF_inst/O
                         net (fo=1, routed)           0.440     0.690    sys_clk_in_IBUF
    MMCME2_ADV_X1Y2      MMCME2_ADV (Prop_mmcme2_adv_CLKIN1_CLKOUT0)
                                                      0.050     0.740 r  u_mmcm/CLKOUT0
                         net (fo=1, routed)           0.499     1.239    pix_clk_raw
    BUFGCTRL_X0Y17       BUFG (Prop_bufg_I_O)         0.026     1.265 r  u_bufg_pix/O
                         net (fo=55, routed)          0.566     1.830    u_soc/u_vga/pix_clk
    SLICE_X61Y93         FDCE                                         r  u_soc/u_vga/fb_addr_0_reg[0]/C
  -------------------------------------------------------------------    -------------------
    SLICE_X61Y93         FDCE (Prop_fdce_C_Q)         0.141     1.971 r  u_soc/u_vga/fb_addr_0_reg[0]/Q
                         net (fo=1, routed)           0.256     2.227    u_soc/u_cfb/Q[0]
    RAMB36_X1Y18         RAMB36E1                                     r  u_soc/u_cfb/mem_reg/ADDRBWRADDR[3]
  -------------------------------------------------------------------    -------------------

                         (clock pix_clk_raw rise edge)
                                                      0.000     0.000 r  
    E3                                                0.000     0.000 r  sys_clk_in (IN)
                         net (fo=0)                   0.000     0.000    sys_clk_in
    E3                   IBUF (Prop_ibuf_I_O)         0.438     0.438 r  sys_clk_in_IBUF_inst/O
                         net (fo=1, routed)           0.480     0.918    sys_clk_in_IBUF
    MMCME2_ADV_X1Y2      MMCME2_ADV (Prop_mmcme2_adv_CLKIN1_CLKOUT0)
                                                      0.053     0.971 r  u_mmcm/CLKOUT0
                         net (fo=1, routed)           0.544     1.514    pix_clk_raw
    BUFGCTRL_X0Y17       BUFG (Prop_bufg_I_O)         0.029     1.543 r  u_bufg_pix/O
                         net (fo=55, routed)          0.880     2.423    u_soc/u_cfb/pix_clk
    RAMB36_X1Y18         RAMB36E1                                     r  u_soc/u_cfb/mem_reg/CLKBWRCLK
                         clock pessimism             -0.512     1.911    
    RAMB36_X1Y18         RAMB36E1 (Hold_ramb36e1_CLKBWRCLK_ADDRBWRADDR[3])
                                                      0.183     2.094    u_soc/u_cfb/mem_reg
  -------------------------------------------------------------------
                         required time                         -2.094    
                         arrival time                           2.227    
  -------------------------------------------------------------------
                         slack                                  0.134    

Slack (MET) :             0.150ns  (arrival time - required time)
  Source:                 u_soc/u_vga/u_vga_sync/h_count_reg[0]/C
                            (rising edge-triggered cell FDCE clocked by pix_clk_raw  {rise@0.000ns fall@20.000ns period=40.000ns})
  Destination:            u_soc/u_vga/u_vga_sync/h_count_reg[4]/D
                            (rising edge-triggered cell FDCE clocked by pix_clk_raw  {rise@0.000ns fall@20.000ns period=40.000ns})
  Path Group:             pix_clk_raw
  Path Type:              Hold (Min at Fast Process Corner)
  Requirement:            0.000ns  (pix_clk_raw rise@0.000ns - pix_clk_raw rise@0.000ns)
  Data Path Delay:        0.284ns  (logic 0.186ns (65.597%)  route 0.098ns (34.403%))
  Logic Levels:           1  (LUT6=1)
  Clock Path Skew:        0.013ns (DCD - SCD - CPR)
    Destination Clock Delay (DCD):    2.380ns
    Source Clock Delay      (SCD):    1.830ns
    Clock Pessimism Removal (CPR):    0.536ns

    Location             Delay type                Incr(ns)  Path(ns)    Netlist Resource(s)
  -------------------------------------------------------------------    -------------------
                         (clock pix_clk_raw rise edge)
                                                      0.000     0.000 r  
    E3                                                0.000     0.000 r  sys_clk_in (IN)
                         net (fo=0)                   0.000     0.000    sys_clk_in
    E3                   IBUF (Prop_ibuf_I_O)         0.250     0.250 r  sys_clk_in_IBUF_inst/O
                         net (fo=1, routed)           0.440     0.690    sys_clk_in_IBUF
    MMCME2_ADV_X1Y2      MMCME2_ADV (Prop_mmcme2_adv_CLKIN1_CLKOUT0)
                                                      0.050     0.740 r  u_mmcm/CLKOUT0
                         net (fo=1, routed)           0.499     1.239    pix_clk_raw
    BUFGCTRL_X0Y17       BUFG (Prop_bufg_I_O)         0.026     1.265 r  u_bufg_pix/O
                         net (fo=55, routed)          0.566     1.830    u_soc/u_vga/u_vga_sync/pix_clk
    SLICE_X61Y93         FDCE                                         r  u_soc/u_vga/u_vga_sync/h_count_reg[0]/C
  -------------------------------------------------------------------    -------------------
    SLICE_X61Y93         FDCE (Prop_fdce_C_Q)         0.141     1.971 r  u_soc/u_vga/u_vga_sync/h_count_reg[0]/Q
                         net (fo=7, routed)           0.098     2.069    u_soc/u_vga/u_vga_sync/h_count_reg[9]_0[0]
    SLICE_X60Y93         LUT6 (Prop_lut6_I3_O)        0.045     2.114 r  u_soc/u_vga/u_vga_sync/h_count[4]_i_1/O
                         net (fo=1, routed)           0.000     2.114    u_soc/u_vga/u_vga_sync/h_count[4]
    SLICE_X60Y93         FDCE                                         r  u_soc/u_vga/u_vga_sync/h_count_reg[4]/D
  -------------------------------------------------------------------    -------------------

                         (clock pix_clk_raw rise edge)
                                                      0.000     0.000 r  
    E3                                                0.000     0.000 r  sys_clk_in (IN)
                         net (fo=0)                   0.000     0.000    sys_clk_in
    E3                   IBUF (Prop_ibuf_I_O)         0.438     0.438 r  sys_clk_in_IBUF_inst/O
                         net (fo=1, routed)           0.480     0.918    sys_clk_in_IBUF
    MMCME2_ADV_X1Y2      MMCME2_ADV (Prop_mmcme2_adv_CLKIN1_CLKOUT0)
                                                      0.053     0.971 r  u_mmcm/CLKOUT0
                         net (fo=1, routed)           0.544     1.514    pix_clk_raw
    BUFGCTRL_X0Y17       BUFG (Prop_bufg_I_O)         0.029     1.543 r  u_bufg_pix/O
                         net (fo=55, routed)          0.837     2.380    u_soc/u_vga/u_vga_sync/pix_clk
    SLICE_X60Y93         FDCE                                         r  u_soc/u_vga/u_vga_sync/h_count_reg[4]/C
                         clock pessimism             -0.536     1.843    
    SLICE_X60Y93         FDCE (Hold_fdce_C_D)         0.121     1.964    u_soc/u_vga/u_vga_sync/h_count_reg[4]
  -------------------------------------------------------------------
                         required time                         -1.964    
                         arrival time                           2.114    
  -------------------------------------------------------------------
                         slack                                  0.150    

Slack (MET) :             0.152ns  (arrival time - required time)
  Source:                 u_soc/u_vga/u_vga_sync/h_count_reg[0]/C
                            (rising edge-triggered cell FDCE clocked by pix_clk_raw  {rise@0.000ns fall@20.000ns period=40.000ns})
  Destination:            u_soc/u_vga/u_vga_sync/h_count_reg[1]/D
                            (rising edge-triggered cell FDCE clocked by pix_clk_raw  {rise@0.000ns fall@20.000ns period=40.000ns})
  Path Group:             pix_clk_raw
  Path Type:              Hold (Min at Fast Process Corner)
  Requirement:            0.000ns  (pix_clk_raw rise@0.000ns - pix_clk_raw rise@0.000ns)
  Data Path Delay:        0.286ns  (logic 0.186ns (65.137%)  route 0.100ns (34.863%))
  Logic Levels:           1  (LUT3=1)
  Clock Path Skew:        0.013ns (DCD - SCD - CPR)
    Destination Clock Delay (DCD):    2.380ns
    Source Clock Delay      (SCD):    1.830ns
    Clock Pessimism Removal (CPR):    0.536ns

    Location             Delay type                Incr(ns)  Path(ns)    Netlist Resource(s)
  -------------------------------------------------------------------    -------------------
                         (clock pix_clk_raw rise edge)
                                                      0.000     0.000 r  
    E3                                                0.000     0.000 r  sys_clk_in (IN)
                         net (fo=0)                   0.000     0.000    sys_clk_in
    E3                   IBUF (Prop_ibuf_I_O)         0.250     0.250 r  sys_clk_in_IBUF_inst/O
                         net (fo=1, routed)           0.440     0.690    sys_clk_in_IBUF
    MMCME2_ADV_X1Y2      MMCME2_ADV (Prop_mmcme2_adv_CLKIN1_CLKOUT0)
                                                      0.050     0.740 r  u_mmcm/CLKOUT0
                         net (fo=1, routed)           0.499     1.239    pix_clk_raw
    BUFGCTRL_X0Y17       BUFG (Prop_bufg_I_O)         0.026     1.265 r  u_bufg_pix/O
                         net (fo=55, routed)          0.566     1.830    u_soc/u_vga/u_vga_sync/pix_clk
    SLICE_X61Y93         FDCE                                         r  u_soc/u_vga/u_vga_sync/h_count_reg[0]/C
  -------------------------------------------------------------------    -------------------
    SLICE_X61Y93         FDCE (Prop_fdce_C_Q)         0.141     1.971 r  u_soc/u_vga/u_vga_sync/h_count_reg[0]/Q
                         net (fo=7, routed)           0.100     2.071    u_soc/u_vga/u_vga_sync/h_count_reg[9]_0[0]
    SLICE_X60Y93         LUT3 (Prop_lut3_I2_O)        0.045     2.116 r  u_soc/u_vga/u_vga_sync/h_count[1]_i_1/O
                         net (fo=1, routed)           0.000     2.116    u_soc/u_vga/u_vga_sync/h_count[1]
    SLICE_X60Y93         FDCE                                         r  u_soc/u_vga/u_vga_sync/h_count_reg[1]/D
  -------------------------------------------------------------------    -------------------

                         (clock pix_clk_raw rise edge)
                                                      0.000     0.000 r  
    E3                                                0.000     0.000 r  sys_clk_in (IN)
                         net (fo=0)                   0.000     0.000    sys_clk_in
    E3                   IBUF (Prop_ibuf_I_O)         0.438     0.438 r  sys_clk_in_IBUF_inst/O
                         net (fo=1, routed)           0.480     0.918    sys_clk_in_IBUF
    MMCME2_ADV_X1Y2      MMCME2_ADV (Prop_mmcme2_adv_CLKIN1_CLKOUT0)
                                                      0.053     0.971 r  u_mmcm/CLKOUT0
                         net (fo=1, routed)           0.544     1.514    pix_clk_raw
    BUFGCTRL_X0Y17       BUFG (Prop_bufg_I_O)         0.029     1.543 r  u_bufg_pix/O
                         net (fo=55, routed)          0.837     2.380    u_soc/u_vga/u_vga_sync/pix_clk
    SLICE_X60Y93         FDCE                                         r  u_soc/u_vga/u_vga_sync/h_count_reg[1]/C
                         clock pessimism             -0.536     1.843    
    SLICE_X60Y93         FDCE (Hold_fdce_C_D)         0.121     1.964    u_soc/u_vga/u_vga_sync/h_count_reg[1]
  -------------------------------------------------------------------
                         required time                         -1.964    
                         arrival time                           2.116    
  -------------------------------------------------------------------
                         slack                                  0.152    

Slack (MET) :             0.157ns  (arrival time - required time)
  Source:                 u_soc/u_vga/char_r_reg[0]/C
                            (rising edge-triggered cell FDCE clocked by pix_clk_raw  {rise@0.000ns fall@20.000ns period=40.000ns})
  Destination:            u_soc/u_font/data_out_reg/ADDRARDADDR[7]
                            (rising edge-triggered cell RAMB18E1 clocked by pix_clk_raw  {rise@0.000ns fall@20.000ns period=40.000ns})
  Path Group:             pix_clk_raw
  Path Type:              Hold (Min at Fast Process Corner)
  Requirement:            0.000ns  (pix_clk_raw rise@0.000ns - pix_clk_raw rise@0.000ns)
  Data Path Delay:        0.399ns  (logic 0.141ns (35.319%)  route 0.258ns (64.681%))
  Logic Levels:           0  
  Clock Path Skew:        0.059ns (DCD - SCD - CPR)
    Destination Clock Delay (DCD):    2.425ns
    Source Clock Delay      (SCD):    1.832ns
    Clock Pessimism Removal (CPR):    0.533ns

    Location             Delay type                Incr(ns)  Path(ns)    Netlist Resource(s)
  -------------------------------------------------------------------    -------------------
                         (clock pix_clk_raw rise edge)
                                                      0.000     0.000 r  
    E3                                                0.000     0.000 r  sys_clk_in (IN)
                         net (fo=0)                   0.000     0.000    sys_clk_in
    E3                   IBUF (Prop_ibuf_I_O)         0.250     0.250 r  sys_clk_in_IBUF_inst/O
                         net (fo=1, routed)           0.440     0.690    sys_clk_in_IBUF
    MMCME2_ADV_X1Y2      MMCME2_ADV (Prop_mmcme2_adv_CLKIN1_CLKOUT0)
                                                      0.050     0.740 r  u_mmcm/CLKOUT0
                         net (fo=1, routed)           0.499     1.239    pix_clk_raw
    BUFGCTRL_X0Y17       BUFG (Prop_bufg_I_O)         0.026     1.265 r  u_bufg_pix/O
                         net (fo=55, routed)          0.568     1.832    u_soc/u_vga/pix_clk
    SLICE_X63Y94         FDCE                                         r  u_soc/u_vga/char_r_reg[0]/C
  -------------------------------------------------------------------    -------------------
    SLICE_X63Y94         FDCE (Prop_fdce_C_Q)         0.141     1.973 r  u_soc/u_vga/char_r_reg[0]/Q
                         net (fo=1, routed)           0.258     2.232    u_soc/u_font/ADDRARDADDR[3]
    RAMB18_X1Y38         RAMB18E1                                     r  u_soc/u_font/data_out_reg/ADDRARDADDR[7]
  -------------------------------------------------------------------    -------------------

                         (clock pix_clk_raw rise edge)
                                                      0.000     0.000 r  
    E3                                                0.000     0.000 r  sys_clk_in (IN)
                         net (fo=0)                   0.000     0.000    sys_clk_in
    E3                   IBUF (Prop_ibuf_I_O)         0.438     0.438 r  sys_clk_in_IBUF_inst/O
                         net (fo=1, routed)           0.480     0.918    sys_clk_in_IBUF
    MMCME2_ADV_X1Y2      MMCME2_ADV (Prop_mmcme2_adv_CLKIN1_CLKOUT0)
                                                      0.053     0.971 r  u_mmcm/CLKOUT0
                         net (fo=1, routed)           0.544     1.514    pix_clk_raw
    BUFGCTRL_X0Y17       BUFG (Prop_bufg_I_O)         0.029     1.543 r  u_bufg_pix/O
                         net (fo=55, routed)          0.882     2.425    u_soc/u_font/pix_clk
    RAMB18_X1Y38         RAMB18E1                                     r  u_soc/u_font/data_out_reg/CLKARDCLK
                         clock pessimism             -0.533     1.892    
    RAMB18_X1Y38         RAMB18E1 (Hold_ramb18e1_CLKARDCLK_ADDRARDADDR[7])
                                                      0.183     2.075    u_soc/u_font/data_out_reg
  -------------------------------------------------------------------
                         required time                         -2.075    
                         arrival time                           2.232    
  -------------------------------------------------------------------
                         slack                                  0.157    

Slack (MET) :             0.163ns  (arrival time - required time)
  Source:                 u_soc/u_vga/char_r_reg[1]/C
                            (rising edge-triggered cell FDCE clocked by pix_clk_raw  {rise@0.000ns fall@20.000ns period=40.000ns})
  Destination:            u_soc/u_font/data_out_reg/ADDRARDADDR[8]
                            (rising edge-triggered cell RAMB18E1 clocked by pix_clk_raw  {rise@0.000ns fall@20.000ns period=40.000ns})
  Path Group:             pix_clk_raw
  Path Type:              Hold (Min at Fast Process Corner)
  Requirement:            0.000ns  (pix_clk_raw rise@0.000ns - pix_clk_raw rise@0.000ns)
  Data Path Delay:        0.405ns  (logic 0.141ns (34.772%)  route 0.264ns (65.228%))
  Logic Levels:           0  
  Clock Path Skew:        0.059ns (DCD - SCD - CPR)
    Destination Clock Delay (DCD):    2.425ns
    Source Clock Delay      (SCD):    1.832ns
    Clock Pessimism Removal (CPR):    0.533ns

    Location             Delay type                Incr(ns)  Path(ns)    Netlist Resource(s)
  -------------------------------------------------------------------    -------------------
                         (clock pix_clk_raw rise edge)
                                                      0.000     0.000 r  
    E3                                                0.000     0.000 r  sys_clk_in (IN)
                         net (fo=0)                   0.000     0.000    sys_clk_in
    E3                   IBUF (Prop_ibuf_I_O)         0.250     0.250 r  sys_clk_in_IBUF_inst/O
                         net (fo=1, routed)           0.440     0.690    sys_clk_in_IBUF
    MMCME2_ADV_X1Y2      MMCME2_ADV (Prop_mmcme2_adv_CLKIN1_CLKOUT0)
                                                      0.050     0.740 r  u_mmcm/CLKOUT0
                         net (fo=1, routed)           0.499     1.239    pix_clk_raw
    BUFGCTRL_X0Y17       BUFG (Prop_bufg_I_O)         0.026     1.265 r  u_bufg_pix/O
                         net (fo=55, routed)          0.568     1.832    u_soc/u_vga/pix_clk
    SLICE_X63Y94         FDCE                                         r  u_soc/u_vga/char_r_reg[1]/C
  -------------------------------------------------------------------    -------------------
    SLICE_X63Y94         FDCE (Prop_fdce_C_Q)         0.141     1.973 r  u_soc/u_vga/char_r_reg[1]/Q
                         net (fo=1, routed)           0.264     2.238    u_soc/u_font/ADDRARDADDR[4]
    RAMB18_X1Y38         RAMB18E1                                     r  u_soc/u_font/data_out_reg/ADDRARDADDR[8]
  -------------------------------------------------------------------    -------------------

                         (clock pix_clk_raw rise edge)
                                                      0.000     0.000 r  
    E3                                                0.000     0.000 r  sys_clk_in (IN)
                         net (fo=0)                   0.000     0.000    sys_clk_in
    E3                   IBUF (Prop_ibuf_I_O)         0.438     0.438 r  sys_clk_in_IBUF_inst/O
                         net (fo=1, routed)           0.480     0.918    sys_clk_in_IBUF
    MMCME2_ADV_X1Y2      MMCME2_ADV (Prop_mmcme2_adv_CLKIN1_CLKOUT0)
                                                      0.053     0.971 r  u_mmcm/CLKOUT0
                         net (fo=1, routed)           0.544     1.514    pix_clk_raw
    BUFGCTRL_X0Y17       BUFG (Prop_bufg_I_O)         0.029     1.543 r  u_bufg_pix/O
                         net (fo=55, routed)          0.882     2.425    u_soc/u_font/pix_clk
    RAMB18_X1Y38         RAMB18E1                                     r  u_soc/u_font/data_out_reg/CLKARDCLK
                         clock pessimism             -0.533     1.892    
    RAMB18_X1Y38         RAMB18E1 (Hold_ramb18e1_CLKARDCLK_ADDRARDADDR[8])
                                                      0.183     2.075    u_soc/u_font/data_out_reg
  -------------------------------------------------------------------
                         required time                         -2.075    
                         arrival time                           2.238    
  -------------------------------------------------------------------
                         slack                                  0.163    

Slack (MET) :             0.178ns  (arrival time - required time)
  Source:                 u_soc/u_vga/fb_addr_0_reg[3]/C
                            (rising edge-triggered cell FDCE clocked by pix_clk_raw  {rise@0.000ns fall@20.000ns period=40.000ns})
  Destination:            u_soc/u_cfb/mem_reg/ADDRBWRADDR[6]
                            (rising edge-triggered cell RAMB36E1 clocked by pix_clk_raw  {rise@0.000ns fall@20.000ns period=40.000ns})
  Path Group:             pix_clk_raw
  Path Type:              Hold (Min at Fast Process Corner)
  Requirement:            0.000ns  (pix_clk_raw rise@0.000ns - pix_clk_raw rise@0.000ns)
  Data Path Delay:        0.366ns  (logic 0.148ns (40.482%)  route 0.218ns (59.518%))
  Logic Levels:           0  
  Clock Path Skew:        0.058ns (DCD - SCD - CPR)
    Destination Clock Delay (DCD):    2.423ns
    Source Clock Delay      (SCD):    1.831ns
    Clock Pessimism Removal (CPR):    0.533ns

    Location             Delay type                Incr(ns)  Path(ns)    Netlist Resource(s)
  -------------------------------------------------------------------    -------------------
                         (clock pix_clk_raw rise edge)
                                                      0.000     0.000 r  
    E3                                                0.000     0.000 r  sys_clk_in (IN)
                         net (fo=0)                   0.000     0.000    sys_clk_in
    E3                   IBUF (Prop_ibuf_I_O)         0.250     0.250 r  sys_clk_in_IBUF_inst/O
                         net (fo=1, routed)           0.440     0.690    sys_clk_in_IBUF
    MMCME2_ADV_X1Y2      MMCME2_ADV (Prop_mmcme2_adv_CLKIN1_CLKOUT0)
                                                      0.050     0.740 r  u_mmcm/CLKOUT0
                         net (fo=1, routed)           0.499     1.239    pix_clk_raw
    BUFGCTRL_X0Y17       BUFG (Prop_bufg_I_O)         0.026     1.265 r  u_bufg_pix/O
                         net (fo=55, routed)          0.567     1.831    u_soc/u_vga/pix_clk
    SLICE_X62Y91         FDCE                                         r  u_soc/u_vga/fb_addr_0_reg[3]/C
  -------------------------------------------------------------------    -------------------
    SLICE_X62Y91         FDCE (Prop_fdce_C_Q)         0.148     1.979 r  u_soc/u_vga/fb_addr_0_reg[3]/Q
                         net (fo=1, routed)           0.218     2.197    u_soc/u_cfb/Q[3]
    RAMB36_X1Y18         RAMB36E1                                     r  u_soc/u_cfb/mem_reg/ADDRBWRADDR[6]
  -------------------------------------------------------------------    -------------------

                         (clock pix_clk_raw rise edge)
                                                      0.000     0.000 r  
    E3                                                0.000     0.000 r  sys_clk_in (IN)
                         net (fo=0)                   0.000     0.000    sys_clk_in
    E3                   IBUF (Prop_ibuf_I_O)         0.438     0.438 r  sys_clk_in_IBUF_inst/O
                         net (fo=1, routed)           0.480     0.918    sys_clk_in_IBUF
    MMCME2_ADV_X1Y2      MMCME2_ADV (Prop_mmcme2_adv_CLKIN1_CLKOUT0)
                                                      0.053     0.971 r  u_mmcm/CLKOUT0
                         net (fo=1, routed)           0.544     1.514    pix_clk_raw
    BUFGCTRL_X0Y17       BUFG (Prop_bufg_I_O)         0.029     1.543 r  u_bufg_pix/O
                         net (fo=55, routed)          0.880     2.423    u_soc/u_cfb/pix_clk
    RAMB36_X1Y18         RAMB36E1                                     r  u_soc/u_cfb/mem_reg/CLKBWRCLK
                         clock pessimism             -0.533     1.890    
    RAMB36_X1Y18         RAMB36E1 (Hold_ramb36e1_CLKBWRCLK_ADDRBWRADDR[6])
                                                      0.129     2.019    u_soc/u_cfb/mem_reg
  -------------------------------------------------------------------
                         required time                         -2.019    
                         arrival time                           2.197    
  -------------------------------------------------------------------
                         slack                                  0.178    





Pulse Width Checks
--------------------------------------------------------------------------------------
Clock Name:         pix_clk_raw
Waveform(ns):       { 0.000 20.000 }
Period(ns):         40.000
Sources:            { u_mmcm/CLKOUT0 }

Check Type        Corner  Lib Pin             Reference Pin  Required(ns)  Actual(ns)  Slack(ns)  Location         Pin
Min Period        n/a     RAMB36E1/CLKBWRCLK  n/a            2.576         40.000      37.424     RAMB36_X1Y18     u_soc/u_cfb/mem_reg/CLKBWRCLK
Min Period        n/a     RAMB18E1/CLKARDCLK  n/a            2.576         40.000      37.424     RAMB18_X1Y38     u_soc/u_font/data_out_reg/CLKARDCLK
Min Period        n/a     BUFG/I              n/a            2.155         40.000      37.845     BUFGCTRL_X0Y17   u_bufg_pix/I
Min Period        n/a     MMCME2_ADV/CLKOUT0  n/a            1.249         40.000      38.751     MMCME2_ADV_X1Y2  u_mmcm/CLKOUT0
Min Period        n/a     FDCE/C              n/a            1.000         40.000      39.000     SLICE_X63Y94     u_soc/u_vga/char_r_reg[0]/C
Min Period        n/a     FDCE/C              n/a            1.000         40.000      39.000     SLICE_X63Y94     u_soc/u_vga/char_r_reg[1]/C
Min Period        n/a     FDCE/C              n/a            1.000         40.000      39.000     SLICE_X63Y94     u_soc/u_vga/char_r_reg[2]/C
Min Period        n/a     FDCE/C              n/a            1.000         40.000      39.000     SLICE_X62Y94     u_soc/u_vga/char_r_reg[3]/C
Min Period        n/a     FDCE/C              n/a            1.000         40.000      39.000     SLICE_X62Y94     u_soc/u_vga/char_r_reg[4]/C
Min Period        n/a     FDPE/C              n/a            1.000         40.000      39.000     SLICE_X62Y94     u_soc/u_vga/char_r_reg[5]/C
Max Period        n/a     MMCME2_ADV/CLKOUT0  n/a            213.360       40.000      173.360    MMCME2_ADV_X1Y2  u_mmcm/CLKOUT0
Low Pulse Width   Slow    FDCE/C              n/a            0.500         20.000      19.500     SLICE_X63Y94     u_soc/u_vga/char_r_reg[0]/C
Low Pulse Width   Fast    FDCE/C              n/a            0.500         20.000      19.500     SLICE_X63Y94     u_soc/u_vga/char_r_reg[0]/C
Low Pulse Width   Slow    FDCE/C              n/a            0.500         20.000      19.500     SLICE_X63Y94     u_soc/u_vga/char_r_reg[1]/C
Low Pulse Width   Fast    FDCE/C              n/a            0.500         20.000      19.500     SLICE_X63Y94     u_soc/u_vga/char_r_reg[1]/C
Low Pulse Width   Slow    FDCE/C              n/a            0.500         20.000      19.500     SLICE_X63Y94     u_soc/u_vga/char_r_reg[2]/C
Low Pulse Width   Fast    FDCE/C              n/a            0.500         20.000      19.500     SLICE_X63Y94     u_soc/u_vga/char_r_reg[2]/C
Low Pulse Width   Slow    FDCE/C              n/a            0.500         20.000      19.500     SLICE_X62Y94     u_soc/u_vga/char_r_reg[3]/C
Low Pulse Width   Fast    FDCE/C              n/a            0.500         20.000      19.500     SLICE_X62Y94     u_soc/u_vga/char_r_reg[3]/C
Low Pulse Width   Slow    FDCE/C              n/a            0.500         20.000      19.500     SLICE_X62Y94     u_soc/u_vga/char_r_reg[4]/C
Low Pulse Width   Fast    FDCE/C              n/a            0.500         20.000      19.500     SLICE_X62Y94     u_soc/u_vga/char_r_reg[4]/C
High Pulse Width  Slow    FDCE/C              n/a            0.500         20.000      19.500     SLICE_X63Y94     u_soc/u_vga/char_r_reg[0]/C
High Pulse Width  Fast    FDCE/C              n/a            0.500         20.000      19.500     SLICE_X63Y94     u_soc/u_vga/char_r_reg[0]/C
High Pulse Width  Slow    FDCE/C              n/a            0.500         20.000      19.500     SLICE_X63Y94     u_soc/u_vga/char_r_reg[1]/C
High Pulse Width  Fast    FDCE/C              n/a            0.500         20.000      19.500     SLICE_X63Y94     u_soc/u_vga/char_r_reg[1]/C
High Pulse Width  Slow    FDCE/C              n/a            0.500         20.000      19.500     SLICE_X63Y94     u_soc/u_vga/char_r_reg[2]/C
High Pulse Width  Fast    FDCE/C              n/a            0.500         20.000      19.500     SLICE_X63Y94     u_soc/u_vga/char_r_reg[2]/C
High Pulse Width  Slow    FDCE/C              n/a            0.500         20.000      19.500     SLICE_X62Y94     u_soc/u_vga/char_r_reg[3]/C
High Pulse Width  Fast    FDCE/C              n/a            0.500         20.000      19.500     SLICE_X62Y94     u_soc/u_vga/char_r_reg[3]/C
High Pulse Width  Slow    FDCE/C              n/a            0.500         20.000      19.500     SLICE_X62Y94     u_soc/u_vga/char_r_reg[4]/C
High Pulse Width  Fast    FDCE/C              n/a            0.500         20.000      19.500     SLICE_X62Y94     u_soc/u_vga/char_r_reg[4]/C



---------------------------------------------------------------------------------------------------
From Clock:  sys_clk_raw
  To Clock:  sys_clk_raw

Setup :            0  Failing Endpoints,  Worst Slack        0.020ns,  Total Violation        0.000ns
Hold  :            0  Failing Endpoints,  Worst Slack        0.039ns,  Total Violation        0.000ns
PW    :            0  Failing Endpoints,  Worst Slack        6.442ns,  Total Violation        0.000ns
---------------------------------------------------------------------------------------------------


Max Delay Paths
--------------------------------------------------------------------------------------
Slack (MET) :             0.020ns  (required time - arrival time)
  Source:                 u_soc/u_gpu/gen_cores[2].u_core/player_idx_reg__6/C
                            (rising edge-triggered cell FDCE clocked by sys_clk_raw  {rise@0.000ns fall@7.692ns period=15.385ns})
  Destination:            u_soc/u_gpu/gen_cores[2].u_core/ddx_reg[30]/D
                            (rising edge-triggered cell FDPE clocked by sys_clk_raw  {rise@0.000ns fall@7.692ns period=15.385ns})
  Path Group:             sys_clk_raw
  Path Type:              Setup (Max at Slow Process Corner)
  Requirement:            15.385ns  (sys_clk_raw rise@15.385ns - sys_clk_raw rise@0.000ns)
  Data Path Delay:        15.230ns  (logic 7.877ns (51.721%)  route 7.353ns (48.279%))
  Logic Levels:           17  (CARRY4=10 DSP48E1=1 LUT2=1 LUT4=2 LUT5=1 LUT6=2)
  Clock Path Skew:        -0.130ns (DCD - SCD + CPR)
    Destination Clock Delay (DCD):    5.882ns = ( 21.266 - 15.385 ) 
    Source Clock Delay      (SCD):    6.323ns
    Clock Pessimism Removal (CPR):    0.311ns
  Clock Uncertainty:      0.086ns  ((TSJ^2 + DJ^2)^1/2) / 2 + PE
    Total System Jitter     (TSJ):    0.071ns
    Discrete Jitter          (DJ):    0.156ns
    Phase Error              (PE):    0.000ns

    Location             Delay type                Incr(ns)  Path(ns)    Netlist Resource(s)
  -------------------------------------------------------------------    -------------------
                         (clock sys_clk_raw rise edge)
                                                      0.000     0.000 r  
    E3                                                0.000     0.000 r  sys_clk_in (IN)
                         net (fo=0)                   0.000     0.000    sys_clk_in
    E3                   IBUF (Prop_ibuf_I_O)         1.482     1.482 r  sys_clk_in_IBUF_inst/O
                         net (fo=1, routed)           1.233     2.715    sys_clk_in_IBUF
    MMCME2_ADV_X1Y2      MMCME2_ADV (Prop_mmcme2_adv_CLKIN1_CLKOUT1)
                                                      0.088     2.803 r  u_mmcm/CLKOUT1
                         net (fo=1, routed)           1.719     4.522    sys_clk_raw
    BUFGCTRL_X0Y16       BUFG (Prop_bufg_I_O)         0.096     4.618 r  u_bufg_sys/O
                         net (fo=3499, routed)        1.704     6.323    u_soc/u_gpu/gen_cores[2].u_core/sys_clk
    SLICE_X76Y79         FDCE                                         r  u_soc/u_gpu/gen_cores[2].u_core/player_idx_reg__6/C
  -------------------------------------------------------------------    -------------------
    SLICE_X76Y79         FDCE (Prop_fdce_C_Q)         0.518     6.841 r  u_soc/u_gpu/gen_cores[2].u_core/player_idx_reg__6/Q
                         net (fo=96, routed)          1.447     8.288    u_soc/u_gpu/player_idx_reg__31_2[24]
    SLICE_X80Y83         LUT6 (Prop_lut6_I3_O)        0.124     8.412 r  u_soc/u_gpu/rdy_mul_b_i_67__1/O
                         net (fo=2, routed)           0.872     9.284    u_soc/u_gpu/gen_cores[2].u_core/rdx_mul_b_5
    SLICE_X78Y83         LUT6 (Prop_lut6_I5_O)        0.124     9.408 r  u_soc/u_gpu/gen_cores[2].u_core/p_0_out_inferred__0/rdy_mul_b_i_26/O
                         net (fo=2, routed)           0.912    10.320    u_soc/u_gpu/gen_cores[2].u_core/p_0_out[8]
    DSP48_X2Y28          DSP48E1 (Prop_dsp48e1_A[8]_P[16])
                                                      3.841    14.161 r  u_soc/u_gpu/gen_cores[2].u_core/rdx_mul_a/P[16]
                         net (fo=2, routed)           0.945    15.106    u_soc/u_gpu/gen_cores[2].u_core/rdx_mul_a__0[16]
    SLICE_X79Y70         LUT2 (Prop_lut2_I0_O)        0.124    15.230 r  u_soc/u_gpu/gen_cores[2].u_core/ddx[30]_i_53__1/O
                         net (fo=1, routed)           0.000    15.230    u_soc/u_gpu/gen_cores[2].u_core/ddx[30]_i_53__1_n_0
    SLICE_X79Y70         CARRY4 (Prop_carry4_S[0]_CO[3])
                                                      0.532    15.762 r  u_soc/u_gpu/gen_cores[2].u_core/ddx_reg[30]_i_45__1/CO[3]
                         net (fo=1, routed)           0.000    15.762    u_soc/u_gpu/gen_cores[2].u_core/ddx_reg[30]_i_45__1_n_0
    SLICE_X79Y71         CARRY4 (Prop_carry4_CI_CO[3])
                                                      0.114    15.876 r  u_soc/u_gpu/gen_cores[2].u_core/ddx_reg[30]_i_35__1/CO[3]
                         net (fo=1, routed)           0.000    15.876    u_soc/u_gpu/gen_cores[2].u_core/ddx_reg[30]_i_35__1_n_0
    SLICE_X79Y72         CARRY4 (Prop_carry4_CI_CO[3])
                                                      0.114    15.990 r  u_soc/u_gpu/gen_cores[2].u_core/ddx_reg[30]_i_17__1/CO[3]
                         net (fo=1, routed)           0.000    15.990    u_soc/u_gpu/gen_cores[2].u_core/ddx_reg[30]_i_17__1_n_0
    SLICE_X79Y73         CARRY4 (Prop_carry4_CI_CO[3])
                                                      0.114    16.104 r  u_soc/u_gpu/gen_cores[2].u_core/step_x_neg_reg_i_4__1/CO[3]
                         net (fo=1, routed)           0.000    16.104    u_soc/u_gpu/gen_cores[2].u_core/step_x_neg_reg_i_4__1_n_0
    SLICE_X79Y74         CARRY4 (Prop_carry4_CI_CO[3])
                                                      0.114    16.218 r  u_soc/u_gpu/gen_cores[2].u_core/step_x_neg_reg_i_3__1/CO[3]
                         net (fo=1, routed)           0.009    16.227    u_soc/u_gpu/gen_cores[2].u_core/step_x_neg_reg_i_3__1_n_0
    SLICE_X79Y75         CARRY4 (Prop_carry4_CI_CO[0])
                                                      0.271    16.498 r  u_soc/u_gpu/gen_cores[2].u_core/step_x_neg_reg_i_2__1/CO[0]
                         net (fo=15, routed)          0.751    17.249    u_soc/u_gpu/gen_cores[2].u_core/step_x_neg_reg_i_2__1_n_3
    SLICE_X77Y74         CARRY4 (Prop_carry4_S[3]_CO[3])
                                                      0.774    18.023 r  u_soc/u_gpu/gen_cores[2].u_core/ddx_reg[30]_i_10__1/CO[3]
                         net (fo=1, routed)           0.009    18.032    u_soc/u_gpu/gen_cores[2].u_core/ddx_reg[30]_i_10__1_n_0
    SLICE_X77Y75         CARRY4 (Prop_carry4_CI_CO[3])
                                                      0.114    18.146 r  u_soc/u_gpu/gen_cores[2].u_core/ddx_reg[30]_i_6__1/CO[3]
                         net (fo=1, routed)           0.000    18.146    u_soc/u_gpu/gen_cores[2].u_core/ddx_reg[30]_i_6__1_n_0
    SLICE_X77Y76         CARRY4 (Prop_carry4_CI_CO[3])
                                                      0.114    18.260 r  u_soc/u_gpu/gen_cores[2].u_core/ddx_reg[30]_i_7__1/CO[3]
                         net (fo=1, routed)           0.000    18.260    u_soc/u_gpu/gen_cores[2].u_core/ddx_reg[30]_i_7__1_n_0
    SLICE_X77Y77         CARRY4 (Prop_carry4_CI_O[1])
                                                      0.334    18.594 f  u_soc/u_gpu/gen_cores[2].u_core/ddx_reg[30]_i_18__1/O[1]
                         net (fo=1, routed)           0.839    19.433    u_soc/u_gpu/gen_cores[2].u_core/ddx4[30]
    SLICE_X76Y74         LUT4 (Prop_lut4_I1_O)        0.303    19.736 r  u_soc/u_gpu/gen_cores[2].u_core/ddx[30]_i_8__1/O
                         net (fo=1, routed)           0.680    20.416    u_soc/u_gpu/gen_cores[2].u_core/ddx[30]_i_8__1_n_0
    SLICE_X76Y74         LUT5 (Prop_lut5_I4_O)        0.124    20.540 r  u_soc/u_gpu/gen_cores[2].u_core/ddx[30]_i_2__1/O
                         net (fo=15, routed)          0.888    21.428    u_soc/u_gpu/gen_cores[2].u_core/ddx[30]_i_2__1_n_0
    SLICE_X70Y74         LUT4 (Prop_lut4_I0_O)        0.124    21.552 r  u_soc/u_gpu/gen_cores[2].u_core/ddx[30]_i_1__1/O
                         net (fo=1, routed)           0.000    21.552    u_soc/u_gpu/gen_cores[2].u_core/ddx2
    SLICE_X70Y74         FDPE                                         r  u_soc/u_gpu/gen_cores[2].u_core/ddx_reg[30]/D
  -------------------------------------------------------------------    -------------------

                         (clock sys_clk_raw rise edge)
                                                     15.385    15.385 r  
    E3                                                0.000    15.385 r  sys_clk_in (IN)
                         net (fo=0)                   0.000    15.385    sys_clk_in
    E3                   IBUF (Prop_ibuf_I_O)         1.411    16.796 r  sys_clk_in_IBUF_inst/O
                         net (fo=1, routed)           1.162    17.958    sys_clk_in_IBUF
    MMCME2_ADV_X1Y2      MMCME2_ADV (Prop_mmcme2_adv_CLKIN1_CLKOUT1)
                                                      0.083    18.041 r  u_mmcm/CLKOUT1
                         net (fo=1, routed)           1.639    19.680    sys_clk_raw
    BUFGCTRL_X0Y16       BUFG (Prop_bufg_I_O)         0.091    19.771 r  u_bufg_sys/O
                         net (fo=3499, routed)        1.495    21.266    u_soc/u_gpu/gen_cores[2].u_core/sys_clk
    SLICE_X70Y74         FDPE                                         r  u_soc/u_gpu/gen_cores[2].u_core/ddx_reg[30]/C
                         clock pessimism              0.311    21.577    
                         clock uncertainty           -0.086    21.492    
    SLICE_X70Y74         FDPE (Setup_fdpe_C_D)        0.081    21.573    u_soc/u_gpu/gen_cores[2].u_core/ddx_reg[30]
  -------------------------------------------------------------------
                         required time                         21.573    
                         arrival time                         -21.552    
  -------------------------------------------------------------------
                         slack                                  0.020    

Slack (MET) :             0.064ns  (required time - arrival time)
  Source:                 u_soc/u_gpu/gen_cores[2].u_core/player_idx_reg__6/C
                            (rising edge-triggered cell FDCE clocked by sys_clk_raw  {rise@0.000ns fall@7.692ns period=15.385ns})
  Destination:            u_soc/u_gpu/gen_cores[2].u_core/ddx_reg[3]/D
                            (rising edge-triggered cell FDPE clocked by sys_clk_raw  {rise@0.000ns fall@7.692ns period=15.385ns})
  Path Group:             sys_clk_raw
  Path Type:              Setup (Max at Slow Process Corner)
  Requirement:            15.385ns  (sys_clk_raw rise@15.385ns - sys_clk_raw rise@0.000ns)
  Data Path Delay:        15.223ns  (logic 7.870ns (51.699%)  route 7.353ns (48.301%))
  Logic Levels:           17  (CARRY4=10 DSP48E1=1 LUT2=1 LUT4=1 LUT5=2 LUT6=2)
  Clock Path Skew:        -0.130ns (DCD - SCD + CPR)
    Destination Clock Delay (DCD):    5.882ns = ( 21.266 - 15.385 ) 
    Source Clock Delay      (SCD):    6.323ns
    Clock Pessimism Removal (CPR):    0.311ns
  Clock Uncertainty:      0.086ns  ((TSJ^2 + DJ^2)^1/2) / 2 + PE
    Total System Jitter     (TSJ):    0.071ns
    Discrete Jitter          (DJ):    0.156ns
    Phase Error              (PE):    0.000ns

    Location             Delay type                Incr(ns)  Path(ns)    Netlist Resource(s)
  -------------------------------------------------------------------    -------------------
                         (clock sys_clk_raw rise edge)
                                                      0.000     0.000 r  
    E3                                                0.000     0.000 r  sys_clk_in (IN)
                         net (fo=0)                   0.000     0.000    sys_clk_in
    E3                   IBUF (Prop_ibuf_I_O)         1.482     1.482 r  sys_clk_in_IBUF_inst/O
                         net (fo=1, routed)           1.233     2.715    sys_clk_in_IBUF
    MMCME2_ADV_X1Y2      MMCME2_ADV (Prop_mmcme2_adv_CLKIN1_CLKOUT1)
                                                      0.088     2.803 r  u_mmcm/CLKOUT1
                         net (fo=1, routed)           1.719     4.522    sys_clk_raw
    BUFGCTRL_X0Y16       BUFG (Prop_bufg_I_O)         0.096     4.618 r  u_bufg_sys/O
                         net (fo=3499, routed)        1.704     6.323    u_soc/u_gpu/gen_cores[2].u_core/sys_clk
    SLICE_X76Y79         FDCE                                         r  u_soc/u_gpu/gen_cores[2].u_core/player_idx_reg__6/C
  -------------------------------------------------------------------    -------------------
    SLICE_X76Y79         FDCE (Prop_fdce_C_Q)         0.518     6.841 r  u_soc/u_gpu/gen_cores[2].u_core/player_idx_reg__6/Q
                         net (fo=96, routed)          1.447     8.288    u_soc/u_gpu/player_idx_reg__31_2[24]
    SLICE_X80Y83         LUT6 (Prop_lut6_I3_O)        0.124     8.412 r  u_soc/u_gpu/rdy_mul_b_i_67__1/O
                         net (fo=2, routed)           0.872     9.284    u_soc/u_gpu/gen_cores[2].u_core/rdx_mul_b_5
    SLICE_X78Y83         LUT6 (Prop_lut6_I5_O)        0.124     9.408 r  u_soc/u_gpu/gen_cores[2].u_core/p_0_out_inferred__0/rdy_mul_b_i_26/O
                         net (fo=2, routed)           0.912    10.320    u_soc/u_gpu/gen_cores[2].u_core/p_0_out[8]
    DSP48_X2Y28          DSP48E1 (Prop_dsp48e1_A[8]_P[16])
                                                      3.841    14.161 r  u_soc/u_gpu/gen_cores[2].u_core/rdx_mul_a/P[16]
                         net (fo=2, routed)           0.945    15.106    u_soc/u_gpu/gen_cores[2].u_core/rdx_mul_a__0[16]
    SLICE_X79Y70         LUT2 (Prop_lut2_I0_O)        0.124    15.230 r  u_soc/u_gpu/gen_cores[2].u_core/ddx[30]_i_53__1/O
                         net (fo=1, routed)           0.000    15.230    u_soc/u_gpu/gen_cores[2].u_core/ddx[30]_i_53__1_n_0
    SLICE_X79Y70         CARRY4 (Prop_carry4_S[0]_CO[3])
                                                      0.532    15.762 r  u_soc/u_gpu/gen_cores[2].u_core/ddx_reg[30]_i_45__1/CO[3]
                         net (fo=1, routed)           0.000    15.762    u_soc/u_gpu/gen_cores[2].u_core/ddx_reg[30]_i_45__1_n_0
    SLICE_X79Y71         CARRY4 (Prop_carry4_CI_CO[3])
                                                      0.114    15.876 r  u_soc/u_gpu/gen_cores[2].u_core/ddx_reg[30]_i_35__1/CO[3]
                         net (fo=1, routed)           0.000    15.876    u_soc/u_gpu/gen_cores[2].u_core/ddx_reg[30]_i_35__1_n_0
    SLICE_X79Y72         CARRY4 (Prop_carry4_CI_CO[3])
                                                      0.114    15.990 r  u_soc/u_gpu/gen_cores[2].u_core/ddx_reg[30]_i_17__1/CO[3]
                         net (fo=1, routed)           0.000    15.990    u_soc/u_gpu/gen_cores[2].u_core/ddx_reg[30]_i_17__1_n_0
    SLICE_X79Y73         CARRY4 (Prop_carry4_CI_CO[3])
                                                      0.114    16.104 r  u_soc/u_gpu/gen_cores[2].u_core/step_x_neg_reg_i_4__1/CO[3]
                         net (fo=1, routed)           0.000    16.104    u_soc/u_gpu/gen_cores[2].u_core/step_x_neg_reg_i_4__1_n_0
    SLICE_X79Y74         CARRY4 (Prop_carry4_CI_CO[3])
                                                      0.114    16.218 r  u_soc/u_gpu/gen_cores[2].u_core/step_x_neg_reg_i_3__1/CO[3]
                         net (fo=1, routed)           0.009    16.227    u_soc/u_gpu/gen_cores[2].u_core/step_x_neg_reg_i_3__1_n_0
    SLICE_X79Y75         CARRY4 (Prop_carry4_CI_CO[0])
                                                      0.271    16.498 r  u_soc/u_gpu/gen_cores[2].u_core/step_x_neg_reg_i_2__1/CO[0]
                         net (fo=15, routed)          0.751    17.249    u_soc/u_gpu/gen_cores[2].u_core/step_x_neg_reg_i_2__1_n_3
    SLICE_X77Y74         CARRY4 (Prop_carry4_S[3]_CO[3])
                                                      0.774    18.023 r  u_soc/u_gpu/gen_cores[2].u_core/ddx_reg[30]_i_10__1/CO[3]
                         net (fo=1, routed)           0.009    18.032    u_soc/u_gpu/gen_cores[2].u_core/ddx_reg[30]_i_10__1_n_0
    SLICE_X77Y75         CARRY4 (Prop_carry4_CI_CO[3])
                                                      0.114    18.146 r  u_soc/u_gpu/gen_cores[2].u_core/ddx_reg[30]_i_6__1/CO[3]
                         net (fo=1, routed)           0.000    18.146    u_soc/u_gpu/gen_cores[2].u_core/ddx_reg[30]_i_6__1_n_0
    SLICE_X77Y76         CARRY4 (Prop_carry4_CI_CO[3])
                                                      0.114    18.260 r  u_soc/u_gpu/gen_cores[2].u_core/ddx_reg[30]_i_7__1/CO[3]
                         net (fo=1, routed)           0.000    18.260    u_soc/u_gpu/gen_cores[2].u_core/ddx_reg[30]_i_7__1_n_0
    SLICE_X77Y77         CARRY4 (Prop_carry4_CI_O[1])
                                                      0.334    18.594 f  u_soc/u_gpu/gen_cores[2].u_core/ddx_reg[30]_i_18__1/O[1]
                         net (fo=1, routed)           0.839    19.433    u_soc/u_gpu/gen_cores[2].u_core/ddx4[30]
    SLICE_X76Y74         LUT4 (Prop_lut4_I1_O)        0.303    19.736 r  u_soc/u_gpu/gen_cores[2].u_core/ddx[30]_i_8__1/O
                         net (fo=1, routed)           0.680    20.416    u_soc/u_gpu/gen_cores[2].u_core/ddx[30]_i_8__1_n_0
    SLICE_X76Y74         LUT5 (Prop_lut5_I4_O)        0.124    20.540 r  u_soc/u_gpu/gen_cores[2].u_core/ddx[30]_i_2__1/O
                         net (fo=15, routed)          0.888    21.428    u_soc/u_gpu/gen_cores[2].u_core/ddx[30]_i_2__1_n_0
    SLICE_X70Y74         LUT5 (Prop_lut5_I2_O)        0.117    21.545 r  u_soc/u_gpu/gen_cores[2].u_core/ddx[3]_i_1__1/O
                         net (fo=1, routed)           0.000    21.545    u_soc/u_gpu/gen_cores[2].u_core/ddx[3]_i_1__1_n_0
    SLICE_X70Y74         FDPE                                         r  u_soc/u_gpu/gen_cores[2].u_core/ddx_reg[3]/D
  -------------------------------------------------------------------    -------------------

                         (clock sys_clk_raw rise edge)
                                                     15.385    15.385 r  
    E3                                                0.000    15.385 r  sys_clk_in (IN)
                         net (fo=0)                   0.000    15.385    sys_clk_in
    E3                   IBUF (Prop_ibuf_I_O)         1.411    16.796 r  sys_clk_in_IBUF_inst/O
                         net (fo=1, routed)           1.162    17.958    sys_clk_in_IBUF
    MMCME2_ADV_X1Y2      MMCME2_ADV (Prop_mmcme2_adv_CLKIN1_CLKOUT1)
                                                      0.083    18.041 r  u_mmcm/CLKOUT1
                         net (fo=1, routed)           1.639    19.680    sys_clk_raw
    BUFGCTRL_X0Y16       BUFG (Prop_bufg_I_O)         0.091    19.771 r  u_bufg_sys/O
                         net (fo=3499, routed)        1.495    21.266    u_soc/u_gpu/gen_cores[2].u_core/sys_clk
    SLICE_X70Y74         FDPE                                         r  u_soc/u_gpu/gen_cores[2].u_core/ddx_reg[3]/C
                         clock pessimism              0.311    21.577    
                         clock uncertainty           -0.086    21.492    
    SLICE_X70Y74         FDPE (Setup_fdpe_C_D)        0.118    21.610    u_soc/u_gpu/gen_cores[2].u_core/ddx_reg[3]
  -------------------------------------------------------------------
                         required time                         21.610    
                         arrival time                         -21.545    
  -------------------------------------------------------------------
                         slack                                  0.064    

Slack (MET) :             0.083ns  (required time - arrival time)
  Source:                 u_soc/u_gpu/gen_cores[3].u_core/col_r_reg[1]/C
                            (rising edge-triggered cell FDCE clocked by sys_clk_raw  {rise@0.000ns fall@7.692ns period=15.385ns})
  Destination:            u_soc/u_gpu/gen_cores[3].u_core/ddy_reg[9]/D
                            (rising edge-triggered cell FDPE clocked by sys_clk_raw  {rise@0.000ns fall@7.692ns period=15.385ns})
  Path Group:             sys_clk_raw
  Path Type:              Setup (Max at Slow Process Corner)
  Requirement:            15.385ns  (sys_clk_raw rise@15.385ns - sys_clk_raw rise@0.000ns)
  Data Path Delay:        15.211ns  (logic 7.668ns (50.411%)  route 7.543ns (49.589%))
  Logic Levels:           17  (CARRY4=9 DSP48E1=1 LUT1=1 LUT2=1 LUT3=1 LUT4=1 LUT5=3)
  Clock Path Skew:        -0.037ns (DCD - SCD + CPR)
    Destination Clock Delay (DCD):    6.063ns = ( 21.448 - 15.385 ) 
    Source Clock Delay      (SCD):    6.420ns
    Clock Pessimism Removal (CPR):    0.319ns
  Clock Uncertainty:      0.086ns  ((TSJ^2 + DJ^2)^1/2) / 2 + PE
    Total System Jitter     (TSJ):    0.071ns
    Discrete Jitter          (DJ):    0.156ns
    Phase Error              (PE):    0.000ns

    Location             Delay type                Incr(ns)  Path(ns)    Netlist Resource(s)
  -------------------------------------------------------------------    -------------------
                         (clock sys_clk_raw rise edge)
                                                      0.000     0.000 r  
    E3                                                0.000     0.000 r  sys_clk_in (IN)
                         net (fo=0)                   0.000     0.000    sys_clk_in
    E3                   IBUF (Prop_ibuf_I_O)         1.482     1.482 r  sys_clk_in_IBUF_inst/O
                         net (fo=1, routed)           1.233     2.715    sys_clk_in_IBUF
    MMCME2_ADV_X1Y2      MMCME2_ADV (Prop_mmcme2_adv_CLKIN1_CLKOUT1)
                                                      0.088     2.803 r  u_mmcm/CLKOUT1
                         net (fo=1, routed)           1.719     4.522    sys_clk_raw
    BUFGCTRL_X0Y16       BUFG (Prop_bufg_I_O)         0.096     4.618 r  u_bufg_sys/O
                         net (fo=3499, routed)        1.801     6.420    u_soc/u_gpu/gen_cores[3].u_core/sys_clk
    SLICE_X34Y30         FDCE                                         r  u_soc/u_gpu/gen_cores[3].u_core/col_r_reg[1]/C
  -------------------------------------------------------------------    -------------------
    SLICE_X34Y30         FDCE (Prop_fdce_C_Q)         0.518     6.938 f  u_soc/u_gpu/gen_cores[3].u_core/col_r_reg[1]/Q
                         net (fo=62, routed)          1.083     8.021    u_soc/u_gpu/gen_cores[3].u_core/col_r[1]
    SLICE_X34Y31         LUT5 (Prop_lut5_I0_O)        0.152     8.173 r  u_soc/u_gpu/gen_cores[3].u_core/g1_b1__3/O
                         net (fo=1, routed)           0.862     9.035    u_soc/u_gpu/gen_cores[3].u_core/g1_b1__3_n_0
    SLICE_X34Y31         LUT3 (Prop_lut3_I1_O)        0.381     9.416 r  u_soc/u_gpu/gen_cores[3].u_core/rdy_mul_b_i_15/O
                         net (fo=2, routed)           1.355    10.772    u_soc/u_gpu/gen_cores[3].u_core/rdy_mul_b_i_15_n_0
    DSP48_X0Y9           DSP48E1 (Prop_dsp48e1_B[1]_P[16])
                                                      3.887    14.659 r  u_soc/u_gpu/gen_cores[3].u_core/rdy_mul_b/P[16]
                         net (fo=1, routed)           0.860    15.519    u_soc/u_gpu/gen_cores[3].u_core/rdy_mul_b__0[16]
    SLICE_X12Y19         LUT2 (Prop_lut2_I1_O)        0.124    15.643 r  u_soc/u_gpu/gen_cores[3].u_core/ddy[30]_i_53__2/O
                         net (fo=1, routed)           0.000    15.643    u_soc/u_gpu/gen_cores[3].u_core/ddy[30]_i_53__2_n_0
    SLICE_X12Y19         CARRY4 (Prop_carry4_S[0]_O[0])
                                                      0.252    15.895 f  u_soc/u_gpu/gen_cores[3].u_core/ddy_reg[30]_i_45__2/O[0]
                         net (fo=1, routed)           0.487    16.382    u_soc/u_gpu/gen_cores[3].u_core/rdy_comb__0[0]
    SLICE_X13Y19         LUT1 (Prop_lut1_I0_O)        0.295    16.677 r  u_soc/u_gpu/gen_cores[3].u_core/ddy[30]_i_40__2/O
                         net (fo=1, routed)           0.617    17.294    u_soc/u_gpu/gen_cores[3].u_core/ddy[30]_i_40__2_n_0
    SLICE_X14Y21         CARRY4 (Prop_carry4_CYINIT_CO[3])
                                                      0.595    17.889 r  u_soc/u_gpu/gen_cores[3].u_core/ddy_reg[30]_i_22__2/CO[3]
                         net (fo=1, routed)           0.000    17.889    u_soc/u_gpu/gen_cores[3].u_core/ddy_reg[30]_i_22__2_n_0
    SLICE_X14Y22         CARRY4 (Prop_carry4_CI_CO[3])
                                                      0.117    18.006 r  u_soc/u_gpu/gen_cores[3].u_core/ddy_reg[30]_i_8__2/CO[3]
                         net (fo=1, routed)           0.000    18.006    u_soc/u_gpu/gen_cores[3].u_core/ddy_reg[30]_i_8__2_n_0
    SLICE_X14Y23         CARRY4 (Prop_carry4_CI_CO[3])
                                                      0.117    18.123 r  u_soc/u_gpu/gen_cores[3].u_core/ddy_reg[30]_i_7__2/CO[3]
                         net (fo=1, routed)           0.000    18.123    u_soc/u_gpu/gen_cores[3].u_core/ddy_reg[30]_i_7__2_n_0
    SLICE_X14Y24         CARRY4 (Prop_carry4_CI_CO[3])
                                                      0.117    18.240 r  u_soc/u_gpu/gen_cores[3].u_core/ddy_reg[30]_i_9__2/CO[3]
                         net (fo=1, routed)           0.009    18.249    u_soc/u_gpu/gen_cores[3].u_core/ddy_reg[30]_i_9__2_n_0
    SLICE_X14Y25         CARRY4 (Prop_carry4_CI_CO[3])
                                                      0.117    18.366 r  u_soc/u_gpu/gen_cores[3].u_core/ddy_reg[30]_i_10__2/CO[3]
                         net (fo=1, routed)           0.000    18.366    u_soc/u_gpu/gen_cores[3].u_core/ddy_reg[30]_i_10__2_n_0
    SLICE_X14Y26         CARRY4 (Prop_carry4_CI_CO[3])
                                                      0.117    18.483 r  u_soc/u_gpu/gen_cores[3].u_core/ddy_reg[30]_i_12__2/CO[3]
                         net (fo=1, routed)           0.000    18.483    u_soc/u_gpu/gen_cores[3].u_core/ddy_reg[30]_i_12__2_n_0
    SLICE_X14Y27         CARRY4 (Prop_carry4_CI_CO[3])
                                                      0.117    18.600 r  u_soc/u_gpu/gen_cores[3].u_core/ddy_reg[30]_i_13__2/CO[3]
                         net (fo=1, routed)           0.000    18.600    u_soc/u_gpu/gen_cores[3].u_core/ddy_reg[30]_i_13__2_n_0
    SLICE_X14Y28         CARRY4 (Prop_carry4_CI_O[0])
                                                      0.219    18.819 f  u_soc/u_gpu/gen_cores[3].u_core/ddy_reg[30]_i_34__2/O[0]
                         net (fo=1, routed)           0.623    19.443    u_soc/u_gpu/gen_cores[3].u_core/ddy4[29]
    SLICE_X15Y28         LUT4 (Prop_lut4_I2_O)        0.295    19.738 r  u_soc/u_gpu/gen_cores[3].u_core/ddy[30]_i_14__2/O
                         net (fo=1, routed)           0.483    20.221    u_soc/u_gpu/gen_cores[3].u_core/ddy[30]_i_14__2_n_0
    SLICE_X15Y28         LUT5 (Prop_lut5_I4_O)        0.124    20.345 r  u_soc/u_gpu/gen_cores[3].u_core/ddy[30]_i_4__2/O
                         net (fo=23, routed)          1.161    21.507    u_soc/u_gpu/gen_cores[3].u_core/ddy[30]_i_4__2_n_0
    SLICE_X27Y30         LUT5 (Prop_lut5_I2_O)        0.124    21.631 r  u_soc/u_gpu/gen_cores[3].u_core/ddy[9]_i_1__1/O
                         net (fo=1, routed)           0.000    21.631    u_soc/u_gpu/gen_cores[3].u_core/ddy[9]_i_1__1_n_0
    SLICE_X27Y30         FDPE                                         r  u_soc/u_gpu/gen_cores[3].u_core/ddy_reg[9]/D
  -------------------------------------------------------------------    -------------------

                         (clock sys_clk_raw rise edge)
                                                     15.385    15.385 r  
    E3                                                0.000    15.385 r  sys_clk_in (IN)
                         net (fo=0)                   0.000    15.385    sys_clk_in
    E3                   IBUF (Prop_ibuf_I_O)         1.411    16.796 r  sys_clk_in_IBUF_inst/O
                         net (fo=1, routed)           1.162    17.958    sys_clk_in_IBUF
    MMCME2_ADV_X1Y2      MMCME2_ADV (Prop_mmcme2_adv_CLKIN1_CLKOUT1)
                                                      0.083    18.041 r  u_mmcm/CLKOUT1
                         net (fo=1, routed)           1.639    19.680    sys_clk_raw
    BUFGCTRL_X0Y16       BUFG (Prop_bufg_I_O)         0.091    19.771 r  u_bufg_sys/O
                         net (fo=3499, routed)        1.677    21.448    u_soc/u_gpu/gen_cores[3].u_core/sys_clk
    SLICE_X27Y30         FDPE                                         r  u_soc/u_gpu/gen_cores[3].u_core/ddy_reg[9]/C
                         clock pessimism              0.319    21.767    
                         clock uncertainty           -0.086    21.682    
    SLICE_X27Y30         FDPE (Setup_fdpe_C_D)        0.032    21.714    u_soc/u_gpu/gen_cores[3].u_core/ddy_reg[9]
  -------------------------------------------------------------------
                         required time                         21.714    
                         arrival time                         -21.631    
  -------------------------------------------------------------------
                         slack                                  0.083    

Slack (MET) :             0.122ns  (required time - arrival time)
  Source:                 u_soc/u_gpu/gen_cores[2].u_core/player_idx_reg__6/C
                            (rising edge-triggered cell FDCE clocked by sys_clk_raw  {rise@0.000ns fall@7.692ns period=15.385ns})
  Destination:            u_soc/u_gpu/gen_cores[2].u_core/ddx_reg[6]/D
                            (rising edge-triggered cell FDPE clocked by sys_clk_raw  {rise@0.000ns fall@7.692ns period=15.385ns})
  Path Group:             sys_clk_raw
  Path Type:              Setup (Max at Slow Process Corner)
  Requirement:            15.385ns  (sys_clk_raw rise@15.385ns - sys_clk_raw rise@0.000ns)
  Data Path Delay:        15.126ns  (logic 7.877ns (52.077%)  route 7.249ns (47.923%))
  Logic Levels:           17  (CARRY4=10 DSP48E1=1 LUT2=1 LUT4=1 LUT5=2 LUT6=2)
  Clock Path Skew:        -0.128ns (DCD - SCD + CPR)
    Destination Clock Delay (DCD):    5.884ns = ( 21.268 - 15.385 ) 
    Source Clock Delay      (SCD):    6.323ns
    Clock Pessimism Removal (CPR):    0.311ns
  Clock Uncertainty:      0.086ns  ((TSJ^2 + DJ^2)^1/2) / 2 + PE
    Total System Jitter     (TSJ):    0.071ns
    Discrete Jitter          (DJ):    0.156ns
    Phase Error              (PE):    0.000ns

    Location             Delay type                Incr(ns)  Path(ns)    Netlist Resource(s)
  -------------------------------------------------------------------    -------------------
                         (clock sys_clk_raw rise edge)
                                                      0.000     0.000 r  
    E3                                                0.000     0.000 r  sys_clk_in (IN)
                         net (fo=0)                   0.000     0.000    sys_clk_in
    E3                   IBUF (Prop_ibuf_I_O)         1.482     1.482 r  sys_clk_in_IBUF_inst/O
                         net (fo=1, routed)           1.233     2.715    sys_clk_in_IBUF
    MMCME2_ADV_X1Y2      MMCME2_ADV (Prop_mmcme2_adv_CLKIN1_CLKOUT1)
                                                      0.088     2.803 r  u_mmcm/CLKOUT1
                         net (fo=1, routed)           1.719     4.522    sys_clk_raw
    BUFGCTRL_X0Y16       BUFG (Prop_bufg_I_O)         0.096     4.618 r  u_bufg_sys/O
                         net (fo=3499, routed)        1.704     6.323    u_soc/u_gpu/gen_cores[2].u_core/sys_clk
    SLICE_X76Y79         FDCE                                         r  u_soc/u_gpu/gen_cores[2].u_core/player_idx_reg__6/C
  -------------------------------------------------------------------    -------------------
    SLICE_X76Y79         FDCE (Prop_fdce_C_Q)         0.518     6.841 r  u_soc/u_gpu/gen_cores[2].u_core/player_idx_reg__6/Q
                         net (fo=96, routed)          1.447     8.288    u_soc/u_gpu/player_idx_reg__31_2[24]
    SLICE_X80Y83         LUT6 (Prop_lut6_I3_O)        0.124     8.412 r  u_soc/u_gpu/rdy_mul_b_i_67__1/O
                         net (fo=2, routed)           0.872     9.284    u_soc/u_gpu/gen_cores[2].u_core/rdx_mul_b_5
    SLICE_X78Y83         LUT6 (Prop_lut6_I5_O)        0.124     9.408 r  u_soc/u_gpu/gen_cores[2].u_core/p_0_out_inferred__0/rdy_mul_b_i_26/O
                         net (fo=2, routed)           0.912    10.320    u_soc/u_gpu/gen_cores[2].u_core/p_0_out[8]
    DSP48_X2Y28          DSP48E1 (Prop_dsp48e1_A[8]_P[16])
                                                      3.841    14.161 r  u_soc/u_gpu/gen_cores[2].u_core/rdx_mul_a/P[16]
                         net (fo=2, routed)           0.945    15.106    u_soc/u_gpu/gen_cores[2].u_core/rdx_mul_a__0[16]
    SLICE_X79Y70         LUT2 (Prop_lut2_I0_O)        0.124    15.230 r  u_soc/u_gpu/gen_cores[2].u_core/ddx[30]_i_53__1/O
                         net (fo=1, routed)           0.000    15.230    u_soc/u_gpu/gen_cores[2].u_core/ddx[30]_i_53__1_n_0
    SLICE_X79Y70         CARRY4 (Prop_carry4_S[0]_CO[3])
                                                      0.532    15.762 r  u_soc/u_gpu/gen_cores[2].u_core/ddx_reg[30]_i_45__1/CO[3]
                         net (fo=1, routed)           0.000    15.762    u_soc/u_gpu/gen_cores[2].u_core/ddx_reg[30]_i_45__1_n_0
    SLICE_X79Y71         CARRY4 (Prop_carry4_CI_CO[3])
                                                      0.114    15.876 r  u_soc/u_gpu/gen_cores[2].u_core/ddx_reg[30]_i_35__1/CO[3]
                         net (fo=1, routed)           0.000    15.876    u_soc/u_gpu/gen_cores[2].u_core/ddx_reg[30]_i_35__1_n_0
    SLICE_X79Y72         CARRY4 (Prop_carry4_CI_CO[3])
                                                      0.114    15.990 r  u_soc/u_gpu/gen_cores[2].u_core/ddx_reg[30]_i_17__1/CO[3]
                         net (fo=1, routed)           0.000    15.990    u_soc/u_gpu/gen_cores[2].u_core/ddx_reg[30]_i_17__1_n_0
    SLICE_X79Y73         CARRY4 (Prop_carry4_CI_CO[3])
                                                      0.114    16.104 r  u_soc/u_gpu/gen_cores[2].u_core/step_x_neg_reg_i_4__1/CO[3]
                         net (fo=1, routed)           0.000    16.104    u_soc/u_gpu/gen_cores[2].u_core/step_x_neg_reg_i_4__1_n_0
    SLICE_X79Y74         CARRY4 (Prop_carry4_CI_CO[3])
                                                      0.114    16.218 r  u_soc/u_gpu/gen_cores[2].u_core/step_x_neg_reg_i_3__1/CO[3]
                         net (fo=1, routed)           0.009    16.227    u_soc/u_gpu/gen_cores[2].u_core/step_x_neg_reg_i_3__1_n_0
    SLICE_X79Y75         CARRY4 (Prop_carry4_CI_CO[0])
                                                      0.271    16.498 r  u_soc/u_gpu/gen_cores[2].u_core/step_x_neg_reg_i_2__1/CO[0]
                         net (fo=15, routed)          0.751    17.249    u_soc/u_gpu/gen_cores[2].u_core/step_x_neg_reg_i_2__1_n_3
    SLICE_X77Y74         CARRY4 (Prop_carry4_S[3]_CO[3])
                                                      0.774    18.023 r  u_soc/u_gpu/gen_cores[2].u_core/ddx_reg[30]_i_10__1/CO[3]
                         net (fo=1, routed)           0.009    18.032    u_soc/u_gpu/gen_cores[2].u_core/ddx_reg[30]_i_10__1_n_0
    SLICE_X77Y75         CARRY4 (Prop_carry4_CI_CO[3])
                                                      0.114    18.146 r  u_soc/u_gpu/gen_cores[2].u_core/ddx_reg[30]_i_6__1/CO[3]
                         net (fo=1, routed)           0.000    18.146    u_soc/u_gpu/gen_cores[2].u_core/ddx_reg[30]_i_6__1_n_0
    SLICE_X77Y76         CARRY4 (Prop_carry4_CI_CO[3])
                                                      0.114    18.260 r  u_soc/u_gpu/gen_cores[2].u_core/ddx_reg[30]_i_7__1/CO[3]
                         net (fo=1, routed)           0.000    18.260    u_soc/u_gpu/gen_cores[2].u_core/ddx_reg[30]_i_7__1_n_0
    SLICE_X77Y77         CARRY4 (Prop_carry4_CI_O[1])
                                                      0.334    18.594 f  u_soc/u_gpu/gen_cores[2].u_core/ddx_reg[30]_i_18__1/O[1]
                         net (fo=1, routed)           0.839    19.433    u_soc/u_gpu/gen_cores[2].u_core/ddx4[30]
    SLICE_X76Y74         LUT4 (Prop_lut4_I1_O)        0.303    19.736 r  u_soc/u_gpu/gen_cores[2].u_core/ddx[30]_i_8__1/O
                         net (fo=1, routed)           0.680    20.416    u_soc/u_gpu/gen_cores[2].u_core/ddx[30]_i_8__1_n_0
    SLICE_X76Y74         LUT5 (Prop_lut5_I4_O)        0.124    20.540 r  u_soc/u_gpu/gen_cores[2].u_core/ddx[30]_i_2__1/O
                         net (fo=15, routed)          0.784    21.324    u_soc/u_gpu/gen_cores[2].u_core/ddx[30]_i_2__1_n_0
    SLICE_X70Y73         LUT5 (Prop_lut5_I2_O)        0.124    21.448 r  u_soc/u_gpu/gen_cores[2].u_core/ddx[6]_i_1__1/O
                         net (fo=1, routed)           0.000    21.448    u_soc/u_gpu/gen_cores[2].u_core/ddx[6]_i_1__1_n_0
    SLICE_X70Y73         FDPE                                         r  u_soc/u_gpu/gen_cores[2].u_core/ddx_reg[6]/D
  -------------------------------------------------------------------    -------------------

                         (clock sys_clk_raw rise edge)
                                                     15.385    15.385 r  
    E3                                                0.000    15.385 r  sys_clk_in (IN)
                         net (fo=0)                   0.000    15.385    sys_clk_in
    E3                   IBUF (Prop_ibuf_I_O)         1.411    16.796 r  sys_clk_in_IBUF_inst/O
                         net (fo=1, routed)           1.162    17.958    sys_clk_in_IBUF
    MMCME2_ADV_X1Y2      MMCME2_ADV (Prop_mmcme2_adv_CLKIN1_CLKOUT1)
                                                      0.083    18.041 r  u_mmcm/CLKOUT1
                         net (fo=1, routed)           1.639    19.680    sys_clk_raw
    BUFGCTRL_X0Y16       BUFG (Prop_bufg_I_O)         0.091    19.771 r  u_bufg_sys/O
                         net (fo=3499, routed)        1.497    21.268    u_soc/u_gpu/gen_cores[2].u_core/sys_clk
    SLICE_X70Y73         FDPE                                         r  u_soc/u_gpu/gen_cores[2].u_core/ddx_reg[6]/C
                         clock pessimism              0.311    21.579    
                         clock uncertainty           -0.086    21.494    
    SLICE_X70Y73         FDPE (Setup_fdpe_C_D)        0.077    21.571    u_soc/u_gpu/gen_cores[2].u_core/ddx_reg[6]
  -------------------------------------------------------------------
                         required time                         21.571    
                         arrival time                         -21.448    
  -------------------------------------------------------------------
                         slack                                  0.122    

Slack (MET) :             0.128ns  (required time - arrival time)
  Source:                 u_soc/u_gpu/gen_cores[2].u_core/player_idx_reg__6/C
                            (rising edge-triggered cell FDCE clocked by sys_clk_raw  {rise@0.000ns fall@7.692ns period=15.385ns})
  Destination:            u_soc/u_gpu/gen_cores[2].u_core/ddx_reg[7]/D
                            (rising edge-triggered cell FDPE clocked by sys_clk_raw  {rise@0.000ns fall@7.692ns period=15.385ns})
  Path Group:             sys_clk_raw
  Path Type:              Setup (Max at Slow Process Corner)
  Requirement:            15.385ns  (sys_clk_raw rise@15.385ns - sys_clk_raw rise@0.000ns)
  Data Path Delay:        15.122ns  (logic 7.877ns (52.091%)  route 7.245ns (47.909%))
  Logic Levels:           17  (CARRY4=10 DSP48E1=1 LUT2=1 LUT4=1 LUT5=2 LUT6=2)
  Clock Path Skew:        -0.128ns (DCD - SCD + CPR)
    Destination Clock Delay (DCD):    5.884ns = ( 21.268 - 15.385 ) 
    Source Clock Delay      (SCD):    6.323ns
    Clock Pessimism Removal (CPR):    0.311ns
  Clock Uncertainty:      0.086ns  ((TSJ^2 + DJ^2)^1/2) / 2 + PE
    Total System Jitter     (TSJ):    0.071ns
    Discrete Jitter          (DJ):    0.156ns
    Phase Error              (PE):    0.000ns

    Location             Delay type                Incr(ns)  Path(ns)    Netlist Resource(s)
  -------------------------------------------------------------------    -------------------
                         (clock sys_clk_raw rise edge)
                                                      0.000     0.000 r  
    E3                                                0.000     0.000 r  sys_clk_in (IN)
                         net (fo=0)                   0.000     0.000    sys_clk_in
    E3                   IBUF (Prop_ibuf_I_O)         1.482     1.482 r  sys_clk_in_IBUF_inst/O
                         net (fo=1, routed)           1.233     2.715    sys_clk_in_IBUF
    MMCME2_ADV_X1Y2      MMCME2_ADV (Prop_mmcme2_adv_CLKIN1_CLKOUT1)
                                                      0.088     2.803 r  u_mmcm/CLKOUT1
                         net (fo=1, routed)           1.719     4.522    sys_clk_raw
    BUFGCTRL_X0Y16       BUFG (Prop_bufg_I_O)         0.096     4.618 r  u_bufg_sys/O
                         net (fo=3499, routed)        1.704     6.323    u_soc/u_gpu/gen_cores[2].u_core/sys_clk
    SLICE_X76Y79         FDCE                                         r  u_soc/u_gpu/gen_cores[2].u_core/player_idx_reg__6/C
  -------------------------------------------------------------------    -------------------
    SLICE_X76Y79         FDCE (Prop_fdce_C_Q)         0.518     6.841 r  u_soc/u_gpu/gen_cores[2].u_core/player_idx_reg__6/Q
                         net (fo=96, routed)          1.447     8.288    u_soc/u_gpu/player_idx_reg__31_2[24]
    SLICE_X80Y83         LUT6 (Prop_lut6_I3_O)        0.124     8.412 r  u_soc/u_gpu/rdy_mul_b_i_67__1/O
                         net (fo=2, routed)           0.872     9.284    u_soc/u_gpu/gen_cores[2].u_core/rdx_mul_b_5
    SLICE_X78Y83         LUT6 (Prop_lut6_I5_O)        0.124     9.408 r  u_soc/u_gpu/gen_cores[2].u_core/p_0_out_inferred__0/rdy_mul_b_i_26/O
                         net (fo=2, routed)           0.912    10.320    u_soc/u_gpu/gen_cores[2].u_core/p_0_out[8]
    DSP48_X2Y28          DSP48E1 (Prop_dsp48e1_A[8]_P[16])
                                                      3.841    14.161 r  u_soc/u_gpu/gen_cores[2].u_core/rdx_mul_a/P[16]
                         net (fo=2, routed)           0.945    15.106    u_soc/u_gpu/gen_cores[2].u_core/rdx_mul_a__0[16]
    SLICE_X79Y70         LUT2 (Prop_lut2_I0_O)        0.124    15.230 r  u_soc/u_gpu/gen_cores[2].u_core/ddx[30]_i_53__1/O
                         net (fo=1, routed)           0.000    15.230    u_soc/u_gpu/gen_cores[2].u_core/ddx[30]_i_53__1_n_0
    SLICE_X79Y70         CARRY4 (Prop_carry4_S[0]_CO[3])
                                                      0.532    15.762 r  u_soc/u_gpu/gen_cores[2].u_core/ddx_reg[30]_i_45__1/CO[3]
                         net (fo=1, routed)           0.000    15.762    u_soc/u_gpu/gen_cores[2].u_core/ddx_reg[30]_i_45__1_n_0
    SLICE_X79Y71         CARRY4 (Prop_carry4_CI_CO[3])
                                                      0.114    15.876 r  u_soc/u_gpu/gen_cores[2].u_core/ddx_reg[30]_i_35__1/CO[3]
                         net (fo=1, routed)           0.000    15.876    u_soc/u_gpu/gen_cores[2].u_core/ddx_reg[30]_i_35__1_n_0
    SLICE_X79Y72         CARRY4 (Prop_carry4_CI_CO[3])
                                                      0.114    15.990 r  u_soc/u_gpu/gen_cores[2].u_core/ddx_reg[30]_i_17__1/CO[3]
                         net (fo=1, routed)           0.000    15.990    u_soc/u_gpu/gen_cores[2].u_core/ddx_reg[30]_i_17__1_n_0
    SLICE_X79Y73         CARRY4 (Prop_carry4_CI_CO[3])
                                                      0.114    16.104 r  u_soc/u_gpu/gen_cores[2].u_core/step_x_neg_reg_i_4__1/CO[3]
                         net (fo=1, routed)           0.000    16.104    u_soc/u_gpu/gen_cores[2].u_core/step_x_neg_reg_i_4__1_n_0
    SLICE_X79Y74         CARRY4 (Prop_carry4_CI_CO[3])
                                                      0.114    16.218 r  u_soc/u_gpu/gen_cores[2].u_core/step_x_neg_reg_i_3__1/CO[3]
                         net (fo=1, routed)           0.009    16.227    u_soc/u_gpu/gen_cores[2].u_core/step_x_neg_reg_i_3__1_n_0
    SLICE_X79Y75         CARRY4 (Prop_carry4_CI_CO[0])
                                                      0.271    16.498 r  u_soc/u_gpu/gen_cores[2].u_core/step_x_neg_reg_i_2__1/CO[0]
                         net (fo=15, routed)          0.751    17.249    u_soc/u_gpu/gen_cores[2].u_core/step_x_neg_reg_i_2__1_n_3
    SLICE_X77Y74         CARRY4 (Prop_carry4_S[3]_CO[3])
                                                      0.774    18.023 r  u_soc/u_gpu/gen_cores[2].u_core/ddx_reg[30]_i_10__1/CO[3]
                         net (fo=1, routed)           0.009    18.032    u_soc/u_gpu/gen_cores[2].u_core/ddx_reg[30]_i_10__1_n_0
    SLICE_X77Y75         CARRY4 (Prop_carry4_CI_CO[3])
                                                      0.114    18.146 r  u_soc/u_gpu/gen_cores[2].u_core/ddx_reg[30]_i_6__1/CO[3]
                         net (fo=1, routed)           0.000    18.146    u_soc/u_gpu/gen_cores[2].u_core/ddx_reg[30]_i_6__1_n_0
    SLICE_X77Y76         CARRY4 (Prop_carry4_CI_CO[3])
                                                      0.114    18.260 r  u_soc/u_gpu/gen_cores[2].u_core/ddx_reg[30]_i_7__1/CO[3]
                         net (fo=1, routed)           0.000    18.260    u_soc/u_gpu/gen_cores[2].u_core/ddx_reg[30]_i_7__1_n_0
    SLICE_X77Y77         CARRY4 (Prop_carry4_CI_O[1])
                                                      0.334    18.594 f  u_soc/u_gpu/gen_cores[2].u_core/ddx_reg[30]_i_18__1/O[1]
                         net (fo=1, routed)           0.839    19.433    u_soc/u_gpu/gen_cores[2].u_core/ddx4[30]
    SLICE_X76Y74         LUT4 (Prop_lut4_I1_O)        0.303    19.736 r  u_soc/u_gpu/gen_cores[2].u_core/ddx[30]_i_8__1/O
                         net (fo=1, routed)           0.680    20.416    u_soc/u_gpu/gen_cores[2].u_core/ddx[30]_i_8__1_n_0
    SLICE_X76Y74         LUT5 (Prop_lut5_I4_O)        0.124    20.540 r  u_soc/u_gpu/gen_cores[2].u_core/ddx[30]_i_2__1/O
                         net (fo=15, routed)          0.780    21.320    u_soc/u_gpu/gen_cores[2].u_core/ddx[30]_i_2__1_n_0
    SLICE_X70Y73         LUT5 (Prop_lut5_I2_O)        0.124    21.444 r  u_soc/u_gpu/gen_cores[2].u_core/ddx[7]_i_1__1/O
                         net (fo=1, routed)           0.000    21.444    u_soc/u_gpu/gen_cores[2].u_core/ddx[7]_i_1__1_n_0
    SLICE_X70Y73         FDPE                                         r  u_soc/u_gpu/gen_cores[2].u_core/ddx_reg[7]/D
  -------------------------------------------------------------------    -------------------

                         (clock sys_clk_raw rise edge)
                                                     15.385    15.385 r  
    E3                                                0.000    15.385 r  sys_clk_in (IN)
                         net (fo=0)                   0.000    15.385    sys_clk_in
    E3                   IBUF (Prop_ibuf_I_O)         1.411    16.796 r  sys_clk_in_IBUF_inst/O
                         net (fo=1, routed)           1.162    17.958    sys_clk_in_IBUF
    MMCME2_ADV_X1Y2      MMCME2_ADV (Prop_mmcme2_adv_CLKIN1_CLKOUT1)
                                                      0.083    18.041 r  u_mmcm/CLKOUT1
                         net (fo=1, routed)           1.639    19.680    sys_clk_raw
    BUFGCTRL_X0Y16       BUFG (Prop_bufg_I_O)         0.091    19.771 r  u_bufg_sys/O
                         net (fo=3499, routed)        1.497    21.268    u_soc/u_gpu/gen_cores[2].u_core/sys_clk
    SLICE_X70Y73         FDPE                                         r  u_soc/u_gpu/gen_cores[2].u_core/ddx_reg[7]/C
                         clock pessimism              0.311    21.579    
                         clock uncertainty           -0.086    21.494    
    SLICE_X70Y73         FDPE (Setup_fdpe_C_D)        0.079    21.573    u_soc/u_gpu/gen_cores[2].u_core/ddx_reg[7]
  -------------------------------------------------------------------
                         required time                         21.573    
                         arrival time                         -21.444    
  -------------------------------------------------------------------
                         slack                                  0.128    

Slack (MET) :             0.146ns  (required time - arrival time)
  Source:                 u_soc/u_gpu/gen_cores[2].u_core/player_idx_reg__6/C
                            (rising edge-triggered cell FDCE clocked by sys_clk_raw  {rise@0.000ns fall@7.692ns period=15.385ns})
  Destination:            u_soc/u_gpu/gen_cores[2].u_core/ddx_reg[1]/D
                            (rising edge-triggered cell FDPE clocked by sys_clk_raw  {rise@0.000ns fall@7.692ns period=15.385ns})
  Path Group:             sys_clk_raw
  Path Type:              Setup (Max at Slow Process Corner)
  Requirement:            15.385ns  (sys_clk_raw rise@15.385ns - sys_clk_raw rise@0.000ns)
  Data Path Delay:        15.054ns  (logic 7.877ns (52.324%)  route 7.177ns (47.676%))
  Logic Levels:           17  (CARRY4=10 DSP48E1=1 LUT2=1 LUT4=1 LUT5=2 LUT6=2)
  Clock Path Skew:        -0.128ns (DCD - SCD + CPR)
    Destination Clock Delay (DCD):    5.884ns = ( 21.268 - 15.385 ) 
    Source Clock Delay      (SCD):    6.323ns
    Clock Pessimism Removal (CPR):    0.311ns
  Clock Uncertainty:      0.086ns  ((TSJ^2 + DJ^2)^1/2) / 2 + PE
    Total System Jitter     (TSJ):    0.071ns
    Discrete Jitter          (DJ):    0.156ns
    Phase Error              (PE):    0.000ns

    Location             Delay type                Incr(ns)  Path(ns)    Netlist Resource(s)
  -------------------------------------------------------------------    -------------------
                         (clock sys_clk_raw rise edge)
                                                      0.000     0.000 r  
    E3                                                0.000     0.000 r  sys_clk_in (IN)
                         net (fo=0)                   0.000     0.000    sys_clk_in
    E3                   IBUF (Prop_ibuf_I_O)         1.482     1.482 r  sys_clk_in_IBUF_inst/O
                         net (fo=1, routed)           1.233     2.715    sys_clk_in_IBUF
    MMCME2_ADV_X1Y2      MMCME2_ADV (Prop_mmcme2_adv_CLKIN1_CLKOUT1)
                                                      0.088     2.803 r  u_mmcm/CLKOUT1
                         net (fo=1, routed)           1.719     4.522    sys_clk_raw
    BUFGCTRL_X0Y16       BUFG (Prop_bufg_I_O)         0.096     4.618 r  u_bufg_sys/O
                         net (fo=3499, routed)        1.704     6.323    u_soc/u_gpu/gen_cores[2].u_core/sys_clk
    SLICE_X76Y79         FDCE                                         r  u_soc/u_gpu/gen_cores[2].u_core/player_idx_reg__6/C
  -------------------------------------------------------------------    -------------------
    SLICE_X76Y79         FDCE (Prop_fdce_C_Q)         0.518     6.841 r  u_soc/u_gpu/gen_cores[2].u_core/player_idx_reg__6/Q
                         net (fo=96, routed)          1.447     8.288    u_soc/u_gpu/player_idx_reg__31_2[24]
    SLICE_X80Y83         LUT6 (Prop_lut6_I3_O)        0.124     8.412 r  u_soc/u_gpu/rdy_mul_b_i_67__1/O
                         net (fo=2, routed)           0.872     9.284    u_soc/u_gpu/gen_cores[2].u_core/rdx_mul_b_5
    SLICE_X78Y83         LUT6 (Prop_lut6_I5_O)        0.124     9.408 r  u_soc/u_gpu/gen_cores[2].u_core/p_0_out_inferred__0/rdy_mul_b_i_26/O
                         net (fo=2, routed)           0.912    10.320    u_soc/u_gpu/gen_cores[2].u_core/p_0_out[8]
    DSP48_X2Y28          DSP48E1 (Prop_dsp48e1_A[8]_P[16])
                                                      3.841    14.161 r  u_soc/u_gpu/gen_cores[2].u_core/rdx_mul_a/P[16]
                         net (fo=2, routed)           0.945    15.106    u_soc/u_gpu/gen_cores[2].u_core/rdx_mul_a__0[16]
    SLICE_X79Y70         LUT2 (Prop_lut2_I0_O)        0.124    15.230 r  u_soc/u_gpu/gen_cores[2].u_core/ddx[30]_i_53__1/O
                         net (fo=1, routed)           0.000    15.230    u_soc/u_gpu/gen_cores[2].u_core/ddx[30]_i_53__1_n_0
    SLICE_X79Y70         CARRY4 (Prop_carry4_S[0]_CO[3])
                                                      0.532    15.762 r  u_soc/u_gpu/gen_cores[2].u_core/ddx_reg[30]_i_45__1/CO[3]
                         net (fo=1, routed)           0.000    15.762    u_soc/u_gpu/gen_cores[2].u_core/ddx_reg[30]_i_45__1_n_0
    SLICE_X79Y71         CARRY4 (Prop_carry4_CI_CO[3])
                                                      0.114    15.876 r  u_soc/u_gpu/gen_cores[2].u_core/ddx_reg[30]_i_35__1/CO[3]
                         net (fo=1, routed)           0.000    15.876    u_soc/u_gpu/gen_cores[2].u_core/ddx_reg[30]_i_35__1_n_0
    SLICE_X79Y72         CARRY4 (Prop_carry4_CI_CO[3])
                                                      0.114    15.990 r  u_soc/u_gpu/gen_cores[2].u_core/ddx_reg[30]_i_17__1/CO[3]
                         net (fo=1, routed)           0.000    15.990    u_soc/u_gpu/gen_cores[2].u_core/ddx_reg[30]_i_17__1_n_0
    SLICE_X79Y73         CARRY4 (Prop_carry4_CI_CO[3])
                                                      0.114    16.104 r  u_soc/u_gpu/gen_cores[2].u_core/step_x_neg_reg_i_4__1/CO[3]
                         net (fo=1, routed)           0.000    16.104    u_soc/u_gpu/gen_cores[2].u_core/step_x_neg_reg_i_4__1_n_0
    SLICE_X79Y74         CARRY4 (Prop_carry4_CI_CO[3])
                                                      0.114    16.218 r  u_soc/u_gpu/gen_cores[2].u_core/step_x_neg_reg_i_3__1/CO[3]
                         net (fo=1, routed)           0.009    16.227    u_soc/u_gpu/gen_cores[2].u_core/step_x_neg_reg_i_3__1_n_0
    SLICE_X79Y75         CARRY4 (Prop_carry4_CI_CO[0])
                                                      0.271    16.498 r  u_soc/u_gpu/gen_cores[2].u_core/step_x_neg_reg_i_2__1/CO[0]
                         net (fo=15, routed)          0.751    17.249    u_soc/u_gpu/gen_cores[2].u_core/step_x_neg_reg_i_2__1_n_3
    SLICE_X77Y74         CARRY4 (Prop_carry4_S[3]_CO[3])
                                                      0.774    18.023 r  u_soc/u_gpu/gen_cores[2].u_core/ddx_reg[30]_i_10__1/CO[3]
                         net (fo=1, routed)           0.009    18.032    u_soc/u_gpu/gen_cores[2].u_core/ddx_reg[30]_i_10__1_n_0
    SLICE_X77Y75         CARRY4 (Prop_carry4_CI_CO[3])
                                                      0.114    18.146 r  u_soc/u_gpu/gen_cores[2].u_core/ddx_reg[30]_i_6__1/CO[3]
                         net (fo=1, routed)           0.000    18.146    u_soc/u_gpu/gen_cores[2].u_core/ddx_reg[30]_i_6__1_n_0
    SLICE_X77Y76         CARRY4 (Prop_carry4_CI_CO[3])
                                                      0.114    18.260 r  u_soc/u_gpu/gen_cores[2].u_core/ddx_reg[30]_i_7__1/CO[3]
                         net (fo=1, routed)           0.000    18.260    u_soc/u_gpu/gen_cores[2].u_core/ddx_reg[30]_i_7__1_n_0
    SLICE_X77Y77         CARRY4 (Prop_carry4_CI_O[1])
                                                      0.334    18.594 f  u_soc/u_gpu/gen_cores[2].u_core/ddx_reg[30]_i_18__1/O[1]
                         net (fo=1, routed)           0.839    19.433    u_soc/u_gpu/gen_cores[2].u_core/ddx4[30]
    SLICE_X76Y74         LUT4 (Prop_lut4_I1_O)        0.303    19.736 r  u_soc/u_gpu/gen_cores[2].u_core/ddx[30]_i_8__1/O
                         net (fo=1, routed)           0.680    20.416    u_soc/u_gpu/gen_cores[2].u_core/ddx[30]_i_8__1_n_0
    SLICE_X76Y74         LUT5 (Prop_lut5_I4_O)        0.124    20.540 r  u_soc/u_gpu/gen_cores[2].u_core/ddx[30]_i_2__1/O
                         net (fo=15, routed)          0.713    21.253    u_soc/u_gpu/gen_cores[2].u_core/ddx[30]_i_2__1_n_0
    SLICE_X71Y73         LUT5 (Prop_lut5_I2_O)        0.124    21.377 r  u_soc/u_gpu/gen_cores[2].u_core/ddx[1]_i_1__1/O
                         net (fo=1, routed)           0.000    21.377    u_soc/u_gpu/gen_cores[2].u_core/ddx[1]_i_1__1_n_0
    SLICE_X71Y73         FDPE                                         r  u_soc/u_gpu/gen_cores[2].u_core/ddx_reg[1]/D
  -------------------------------------------------------------------    -------------------

                         (clock sys_clk_raw rise edge)
                                                     15.385    15.385 r  
    E3                                                0.000    15.385 r  sys_clk_in (IN)
                         net (fo=0)                   0.000    15.385    sys_clk_in
    E3                   IBUF (Prop_ibuf_I_O)         1.411    16.796 r  sys_clk_in_IBUF_inst/O
                         net (fo=1, routed)           1.162    17.958    sys_clk_in_IBUF
    MMCME2_ADV_X1Y2      MMCME2_ADV (Prop_mmcme2_adv_CLKIN1_CLKOUT1)
                                                      0.083    18.041 r  u_mmcm/CLKOUT1
                         net (fo=1, routed)           1.639    19.680    sys_clk_raw
    BUFGCTRL_X0Y16       BUFG (Prop_bufg_I_O)         0.091    19.771 r  u_bufg_sys/O
                         net (fo=3499, routed)        1.497    21.268    u_soc/u_gpu/gen_cores[2].u_core/sys_clk
    SLICE_X71Y73         FDPE                                         r  u_soc/u_gpu/gen_cores[2].u_core/ddx_reg[1]/C
                         clock pessimism              0.311    21.579    
                         clock uncertainty           -0.086    21.494    
    SLICE_X71Y73         FDPE (Setup_fdpe_C_D)        0.029    21.523    u_soc/u_gpu/gen_cores[2].u_core/ddx_reg[1]
  -------------------------------------------------------------------
                         required time                         21.523    
                         arrival time                         -21.377    
  -------------------------------------------------------------------
                         slack                                  0.146    

Slack (MET) :             0.175ns  (required time - arrival time)
  Source:                 u_soc/u_gpu/gen_cores[2].u_core/player_idx_reg__6/C
                            (rising edge-triggered cell FDCE clocked by sys_clk_raw  {rise@0.000ns fall@7.692ns period=15.385ns})
  Destination:            u_soc/u_gpu/gen_cores[2].u_core/ddx_reg[2]/D
                            (rising edge-triggered cell FDPE clocked by sys_clk_raw  {rise@0.000ns fall@7.692ns period=15.385ns})
  Path Group:             sys_clk_raw
  Path Type:              Setup (Max at Slow Process Corner)
  Requirement:            15.385ns  (sys_clk_raw rise@15.385ns - sys_clk_raw rise@0.000ns)
  Data Path Delay:        15.071ns  (logic 7.877ns (52.266%)  route 7.194ns (47.734%))
  Logic Levels:           17  (CARRY4=10 DSP48E1=1 LUT2=1 LUT4=1 LUT5=2 LUT6=2)
  Clock Path Skew:        -0.130ns (DCD - SCD + CPR)
    Destination Clock Delay (DCD):    5.882ns = ( 21.266 - 15.385 ) 
    Source Clock Delay      (SCD):    6.323ns
    Clock Pessimism Removal (CPR):    0.311ns
  Clock Uncertainty:      0.086ns  ((TSJ^2 + DJ^2)^1/2) / 2 + PE
    Total System Jitter     (TSJ):    0.071ns
    Discrete Jitter          (DJ):    0.156ns
    Phase Error              (PE):    0.000ns

    Location             Delay type                Incr(ns)  Path(ns)    Netlist Resource(s)
  -------------------------------------------------------------------    -------------------
                         (clock sys_clk_raw rise edge)
                                                      0.000     0.000 r  
    E3                                                0.000     0.000 r  sys_clk_in (IN)
                         net (fo=0)                   0.000     0.000    sys_clk_in
    E3                   IBUF (Prop_ibuf_I_O)         1.482     1.482 r  sys_clk_in_IBUF_inst/O
                         net (fo=1, routed)           1.233     2.715    sys_clk_in_IBUF
    MMCME2_ADV_X1Y2      MMCME2_ADV (Prop_mmcme2_adv_CLKIN1_CLKOUT1)
                                                      0.088     2.803 r  u_mmcm/CLKOUT1
                         net (fo=1, routed)           1.719     4.522    sys_clk_raw
    BUFGCTRL_X0Y16       BUFG (Prop_bufg_I_O)         0.096     4.618 r  u_bufg_sys/O
                         net (fo=3499, routed)        1.704     6.323    u_soc/u_gpu/gen_cores[2].u_core/sys_clk
    SLICE_X76Y79         FDCE                                         r  u_soc/u_gpu/gen_cores[2].u_core/player_idx_reg__6/C
  -------------------------------------------------------------------    -------------------
    SLICE_X76Y79         FDCE (Prop_fdce_C_Q)         0.518     6.841 r  u_soc/u_gpu/gen_cores[2].u_core/player_idx_reg__6/Q
                         net (fo=96, routed)          1.447     8.288    u_soc/u_gpu/player_idx_reg__31_2[24]
    SLICE_X80Y83         LUT6 (Prop_lut6_I3_O)        0.124     8.412 r  u_soc/u_gpu/rdy_mul_b_i_67__1/O
                         net (fo=2, routed)           0.872     9.284    u_soc/u_gpu/gen_cores[2].u_core/rdx_mul_b_5
    SLICE_X78Y83         LUT6 (Prop_lut6_I5_O)        0.124     9.408 r  u_soc/u_gpu/gen_cores[2].u_core/p_0_out_inferred__0/rdy_mul_b_i_26/O
                         net (fo=2, routed)           0.912    10.320    u_soc/u_gpu/gen_cores[2].u_core/p_0_out[8]
    DSP48_X2Y28          DSP48E1 (Prop_dsp48e1_A[8]_P[16])
                                                      3.841    14.161 r  u_soc/u_gpu/gen_cores[2].u_core/rdx_mul_a/P[16]
                         net (fo=2, routed)           0.945    15.106    u_soc/u_gpu/gen_cores[2].u_core/rdx_mul_a__0[16]
    SLICE_X79Y70         LUT2 (Prop_lut2_I0_O)        0.124    15.230 r  u_soc/u_gpu/gen_cores[2].u_core/ddx[30]_i_53__1/O
                         net (fo=1, routed)           0.000    15.230    u_soc/u_gpu/gen_cores[2].u_core/ddx[30]_i_53__1_n_0
    SLICE_X79Y70         CARRY4 (Prop_carry4_S[0]_CO[3])
                                                      0.532    15.762 r  u_soc/u_gpu/gen_cores[2].u_core/ddx_reg[30]_i_45__1/CO[3]
                         net (fo=1, routed)           0.000    15.762    u_soc/u_gpu/gen_cores[2].u_core/ddx_reg[30]_i_45__1_n_0
    SLICE_X79Y71         CARRY4 (Prop_carry4_CI_CO[3])
                                                      0.114    15.876 r  u_soc/u_gpu/gen_cores[2].u_core/ddx_reg[30]_i_35__1/CO[3]
                         net (fo=1, routed)           0.000    15.876    u_soc/u_gpu/gen_cores[2].u_core/ddx_reg[30]_i_35__1_n_0
    SLICE_X79Y72         CARRY4 (Prop_carry4_CI_CO[3])
                                                      0.114    15.990 r  u_soc/u_gpu/gen_cores[2].u_core/ddx_reg[30]_i_17__1/CO[3]
                         net (fo=1, routed)           0.000    15.990    u_soc/u_gpu/gen_cores[2].u_core/ddx_reg[30]_i_17__1_n_0
    SLICE_X79Y73         CARRY4 (Prop_carry4_CI_CO[3])
                                                      0.114    16.104 r  u_soc/u_gpu/gen_cores[2].u_core/step_x_neg_reg_i_4__1/CO[3]
                         net (fo=1, routed)           0.000    16.104    u_soc/u_gpu/gen_cores[2].u_core/step_x_neg_reg_i_4__1_n_0
    SLICE_X79Y74         CARRY4 (Prop_carry4_CI_CO[3])
                                                      0.114    16.218 r  u_soc/u_gpu/gen_cores[2].u_core/step_x_neg_reg_i_3__1/CO[3]
                         net (fo=1, routed)           0.009    16.227    u_soc/u_gpu/gen_cores[2].u_core/step_x_neg_reg_i_3__1_n_0
    SLICE_X79Y75         CARRY4 (Prop_carry4_CI_CO[0])
                                                      0.271    16.498 r  u_soc/u_gpu/gen_cores[2].u_core/step_x_neg_reg_i_2__1/CO[0]
                         net (fo=15, routed)          0.751    17.249    u_soc/u_gpu/gen_cores[2].u_core/step_x_neg_reg_i_2__1_n_3
    SLICE_X77Y74         CARRY4 (Prop_carry4_S[3]_CO[3])
                                                      0.774    18.023 r  u_soc/u_gpu/gen_cores[2].u_core/ddx_reg[30]_i_10__1/CO[3]
                         net (fo=1, routed)           0.009    18.032    u_soc/u_gpu/gen_cores[2].u_core/ddx_reg[30]_i_10__1_n_0
    SLICE_X77Y75         CARRY4 (Prop_carry4_CI_CO[3])
                                                      0.114    18.146 r  u_soc/u_gpu/gen_cores[2].u_core/ddx_reg[30]_i_6__1/CO[3]
                         net (fo=1, routed)           0.000    18.146    u_soc/u_gpu/gen_cores[2].u_core/ddx_reg[30]_i_6__1_n_0
    SLICE_X77Y76         CARRY4 (Prop_carry4_CI_CO[3])
                                                      0.114    18.260 r  u_soc/u_gpu/gen_cores[2].u_core/ddx_reg[30]_i_7__1/CO[3]
                         net (fo=1, routed)           0.000    18.260    u_soc/u_gpu/gen_cores[2].u_core/ddx_reg[30]_i_7__1_n_0
    SLICE_X77Y77         CARRY4 (Prop_carry4_CI_O[1])
                                                      0.334    18.594 f  u_soc/u_gpu/gen_cores[2].u_core/ddx_reg[30]_i_18__1/O[1]
                         net (fo=1, routed)           0.839    19.433    u_soc/u_gpu/gen_cores[2].u_core/ddx4[30]
    SLICE_X76Y74         LUT4 (Prop_lut4_I1_O)        0.303    19.736 r  u_soc/u_gpu/gen_cores[2].u_core/ddx[30]_i_8__1/O
                         net (fo=1, routed)           0.680    20.416    u_soc/u_gpu/gen_cores[2].u_core/ddx[30]_i_8__1_n_0
    SLICE_X76Y74         LUT5 (Prop_lut5_I4_O)        0.124    20.540 r  u_soc/u_gpu/gen_cores[2].u_core/ddx[30]_i_2__1/O
                         net (fo=15, routed)          0.730    21.270    u_soc/u_gpu/gen_cores[2].u_core/ddx[30]_i_2__1_n_0
    SLICE_X70Y74         LUT5 (Prop_lut5_I2_O)        0.124    21.394 r  u_soc/u_gpu/gen_cores[2].u_core/ddx[2]_i_1__1/O
                         net (fo=1, routed)           0.000    21.394    u_soc/u_gpu/gen_cores[2].u_core/ddx[2]_i_1__1_n_0
    SLICE_X70Y74         FDPE                                         r  u_soc/u_gpu/gen_cores[2].u_core/ddx_reg[2]/D
  -------------------------------------------------------------------    -------------------

                         (clock sys_clk_raw rise edge)
                                                     15.385    15.385 r  
    E3                                                0.000    15.385 r  sys_clk_in (IN)
                         net (fo=0)                   0.000    15.385    sys_clk_in
    E3                   IBUF (Prop_ibuf_I_O)         1.411    16.796 r  sys_clk_in_IBUF_inst/O
                         net (fo=1, routed)           1.162    17.958    sys_clk_in_IBUF
    MMCME2_ADV_X1Y2      MMCME2_ADV (Prop_mmcme2_adv_CLKIN1_CLKOUT1)
                                                      0.083    18.041 r  u_mmcm/CLKOUT1
                         net (fo=1, routed)           1.639    19.680    sys_clk_raw
    BUFGCTRL_X0Y16       BUFG (Prop_bufg_I_O)         0.091    19.771 r  u_bufg_sys/O
                         net (fo=3499, routed)        1.495    21.266    u_soc/u_gpu/gen_cores[2].u_core/sys_clk
    SLICE_X70Y74         FDPE                                         r  u_soc/u_gpu/gen_cores[2].u_core/ddx_reg[2]/C
                         clock pessimism              0.311    21.577    
                         clock uncertainty           -0.086    21.492    
    SLICE_X70Y74         FDPE (Setup_fdpe_C_D)        0.077    21.569    u_soc/u_gpu/gen_cores[2].u_core/ddx_reg[2]
  -------------------------------------------------------------------
                         required time                         21.569    
                         arrival time                         -21.394    
  -------------------------------------------------------------------
                         slack                                  0.175    

Slack (MET) :             0.204ns  (required time - arrival time)
  Source:                 u_soc/u_gpu/gen_cores[3].u_core/col_r_reg[1]/C
                            (rising edge-triggered cell FDCE clocked by sys_clk_raw  {rise@0.000ns fall@7.692ns period=15.385ns})
  Destination:            u_soc/u_gpu/gen_cores[3].u_core/ddy_reg[1]/D
                            (rising edge-triggered cell FDPE clocked by sys_clk_raw  {rise@0.000ns fall@7.692ns period=15.385ns})
  Path Group:             sys_clk_raw
  Path Type:              Setup (Max at Slow Process Corner)
  Requirement:            15.385ns  (sys_clk_raw rise@15.385ns - sys_clk_raw rise@0.000ns)
  Data Path Delay:        15.090ns  (logic 7.668ns (50.815%)  route 7.422ns (49.185%))
  Logic Levels:           17  (CARRY4=9 DSP48E1=1 LUT1=1 LUT2=1 LUT3=1 LUT4=1 LUT5=3)
  Clock Path Skew:        -0.036ns (DCD - SCD + CPR)
    Destination Clock Delay (DCD):    6.064ns = ( 21.449 - 15.385 ) 
    Source Clock Delay      (SCD):    6.420ns
    Clock Pessimism Removal (CPR):    0.319ns
  Clock Uncertainty:      0.086ns  ((TSJ^2 + DJ^2)^1/2) / 2 + PE
    Total System Jitter     (TSJ):    0.071ns
    Discrete Jitter          (DJ):    0.156ns
    Phase Error              (PE):    0.000ns

    Location             Delay type                Incr(ns)  Path(ns)    Netlist Resource(s)
  -------------------------------------------------------------------    -------------------
                         (clock sys_clk_raw rise edge)
                                                      0.000     0.000 r  
    E3                                                0.000     0.000 r  sys_clk_in (IN)
                         net (fo=0)                   0.000     0.000    sys_clk_in
    E3                   IBUF (Prop_ibuf_I_O)         1.482     1.482 r  sys_clk_in_IBUF_inst/O
                         net (fo=1, routed)           1.233     2.715    sys_clk_in_IBUF
    MMCME2_ADV_X1Y2      MMCME2_ADV (Prop_mmcme2_adv_CLKIN1_CLKOUT1)
                                                      0.088     2.803 r  u_mmcm/CLKOUT1
                         net (fo=1, routed)           1.719     4.522    sys_clk_raw
    BUFGCTRL_X0Y16       BUFG (Prop_bufg_I_O)         0.096     4.618 r  u_bufg_sys/O
                         net (fo=3499, routed)        1.801     6.420    u_soc/u_gpu/gen_cores[3].u_core/sys_clk
    SLICE_X34Y30         FDCE                                         r  u_soc/u_gpu/gen_cores[3].u_core/col_r_reg[1]/C
  -------------------------------------------------------------------    -------------------
    SLICE_X34Y30         FDCE (Prop_fdce_C_Q)         0.518     6.938 f  u_soc/u_gpu/gen_cores[3].u_core/col_r_reg[1]/Q
                         net (fo=62, routed)          1.083     8.021    u_soc/u_gpu/gen_cores[3].u_core/col_r[1]
    SLICE_X34Y31         LUT5 (Prop_lut5_I0_O)        0.152     8.173 r  u_soc/u_gpu/gen_cores[3].u_core/g1_b1__3/O
                         net (fo=1, routed)           0.862     9.035    u_soc/u_gpu/gen_cores[3].u_core/g1_b1__3_n_0
    SLICE_X34Y31         LUT3 (Prop_lut3_I1_O)        0.381     9.416 r  u_soc/u_gpu/gen_cores[3].u_core/rdy_mul_b_i_15/O
                         net (fo=2, routed)           1.355    10.772    u_soc/u_gpu/gen_cores[3].u_core/rdy_mul_b_i_15_n_0
    DSP48_X0Y9           DSP48E1 (Prop_dsp48e1_B[1]_P[16])
                                                      3.887    14.659 r  u_soc/u_gpu/gen_cores[3].u_core/rdy_mul_b/P[16]
                         net (fo=1, routed)           0.860    15.519    u_soc/u_gpu/gen_cores[3].u_core/rdy_mul_b__0[16]
    SLICE_X12Y19         LUT2 (Prop_lut2_I1_O)        0.124    15.643 r  u_soc/u_gpu/gen_cores[3].u_core/ddy[30]_i_53__2/O
                         net (fo=1, routed)           0.000    15.643    u_soc/u_gpu/gen_cores[3].u_core/ddy[30]_i_53__2_n_0
    SLICE_X12Y19         CARRY4 (Prop_carry4_S[0]_O[0])
                                                      0.252    15.895 f  u_soc/u_gpu/gen_cores[3].u_core/ddy_reg[30]_i_45__2/O[0]
                         net (fo=1, routed)           0.487    16.382    u_soc/u_gpu/gen_cores[3].u_core/rdy_comb__0[0]
    SLICE_X13Y19         LUT1 (Prop_lut1_I0_O)        0.295    16.677 r  u_soc/u_gpu/gen_cores[3].u_core/ddy[30]_i_40__2/O
                         net (fo=1, routed)           0.617    17.294    u_soc/u_gpu/gen_cores[3].u_core/ddy[30]_i_40__2_n_0
    SLICE_X14Y21         CARRY4 (Prop_carry4_CYINIT_CO[3])
                                                      0.595    17.889 r  u_soc/u_gpu/gen_cores[3].u_core/ddy_reg[30]_i_22__2/CO[3]
                         net (fo=1, routed)           0.000    17.889    u_soc/u_gpu/gen_cores[3].u_core/ddy_reg[30]_i_22__2_n_0
    SLICE_X14Y22         CARRY4 (Prop_carry4_CI_CO[3])
                                                      0.117    18.006 r  u_soc/u_gpu/gen_cores[3].u_core/ddy_reg[30]_i_8__2/CO[3]
                         net (fo=1, routed)           0.000    18.006    u_soc/u_gpu/gen_cores[3].u_core/ddy_reg[30]_i_8__2_n_0
    SLICE_X14Y23         CARRY4 (Prop_carry4_CI_CO[3])
                                                      0.117    18.123 r  u_soc/u_gpu/gen_cores[3].u_core/ddy_reg[30]_i_7__2/CO[3]
                         net (fo=1, routed)           0.000    18.123    u_soc/u_gpu/gen_cores[3].u_core/ddy_reg[30]_i_7__2_n_0
    SLICE_X14Y24         CARRY4 (Prop_carry4_CI_CO[3])
                                                      0.117    18.240 r  u_soc/u_gpu/gen_cores[3].u_core/ddy_reg[30]_i_9__2/CO[3]
                         net (fo=1, routed)           0.009    18.249    u_soc/u_gpu/gen_cores[3].u_core/ddy_reg[30]_i_9__2_n_0
    SLICE_X14Y25         CARRY4 (Prop_carry4_CI_CO[3])
                                                      0.117    18.366 r  u_soc/u_gpu/gen_cores[3].u_core/ddy_reg[30]_i_10__2/CO[3]
                         net (fo=1, routed)           0.000    18.366    u_soc/u_gpu/gen_cores[3].u_core/ddy_reg[30]_i_10__2_n_0
    SLICE_X14Y26         CARRY4 (Prop_carry4_CI_CO[3])
                                                      0.117    18.483 r  u_soc/u_gpu/gen_cores[3].u_core/ddy_reg[30]_i_12__2/CO[3]
                         net (fo=1, routed)           0.000    18.483    u_soc/u_gpu/gen_cores[3].u_core/ddy_reg[30]_i_12__2_n_0
    SLICE_X14Y27         CARRY4 (Prop_carry4_CI_CO[3])
                                                      0.117    18.600 r  u_soc/u_gpu/gen_cores[3].u_core/ddy_reg[30]_i_13__2/CO[3]
                         net (fo=1, routed)           0.000    18.600    u_soc/u_gpu/gen_cores[3].u_core/ddy_reg[30]_i_13__2_n_0
    SLICE_X14Y28         CARRY4 (Prop_carry4_CI_O[0])
                                                      0.219    18.819 f  u_soc/u_gpu/gen_cores[3].u_core/ddy_reg[30]_i_34__2/O[0]
                         net (fo=1, routed)           0.623    19.443    u_soc/u_gpu/gen_cores[3].u_core/ddy4[29]
    SLICE_X15Y28         LUT4 (Prop_lut4_I2_O)        0.295    19.738 r  u_soc/u_gpu/gen_cores[3].u_core/ddy[30]_i_14__2/O
                         net (fo=1, routed)           0.483    20.221    u_soc/u_gpu/gen_cores[3].u_core/ddy[30]_i_14__2_n_0
    SLICE_X15Y28         LUT5 (Prop_lut5_I4_O)        0.124    20.345 r  u_soc/u_gpu/gen_cores[3].u_core/ddy[30]_i_4__2/O
                         net (fo=23, routed)          1.041    21.386    u_soc/u_gpu/gen_cores[3].u_core/ddy[30]_i_4__2_n_0
    SLICE_X20Y30         LUT5 (Prop_lut5_I2_O)        0.124    21.510 r  u_soc/u_gpu/gen_cores[3].u_core/ddy[1]_i_1__2/O
                         net (fo=1, routed)           0.000    21.510    u_soc/u_gpu/gen_cores[3].u_core/ddy[1]_i_1__2_n_0
    SLICE_X20Y30         FDPE                                         r  u_soc/u_gpu/gen_cores[3].u_core/ddy_reg[1]/D
  -------------------------------------------------------------------    -------------------

                         (clock sys_clk_raw rise edge)
                                                     15.385    15.385 r  
    E3                                                0.000    15.385 r  sys_clk_in (IN)
                         net (fo=0)                   0.000    15.385    sys_clk_in
    E3                   IBUF (Prop_ibuf_I_O)         1.411    16.796 r  sys_clk_in_IBUF_inst/O
                         net (fo=1, routed)           1.162    17.958    sys_clk_in_IBUF
    MMCME2_ADV_X1Y2      MMCME2_ADV (Prop_mmcme2_adv_CLKIN1_CLKOUT1)
                                                      0.083    18.041 r  u_mmcm/CLKOUT1
                         net (fo=1, routed)           1.639    19.680    sys_clk_raw
    BUFGCTRL_X0Y16       BUFG (Prop_bufg_I_O)         0.091    19.771 r  u_bufg_sys/O
                         net (fo=3499, routed)        1.678    21.449    u_soc/u_gpu/gen_cores[3].u_core/sys_clk
    SLICE_X20Y30         FDPE                                         r  u_soc/u_gpu/gen_cores[3].u_core/ddy_reg[1]/C
                         clock pessimism              0.319    21.768    
                         clock uncertainty           -0.086    21.683    
    SLICE_X20Y30         FDPE (Setup_fdpe_C_D)        0.031    21.714    u_soc/u_gpu/gen_cores[3].u_core/ddy_reg[1]
  -------------------------------------------------------------------
                         required time                         21.714    
                         arrival time                         -21.510    
  -------------------------------------------------------------------
                         slack                                  0.204    

Slack (MET) :             0.236ns  (required time - arrival time)
  Source:                 u_soc/u_gpu/gen_cores[2].u_core/player_idx_reg__6/C
                            (rising edge-triggered cell FDCE clocked by sys_clk_raw  {rise@0.000ns fall@7.692ns period=15.385ns})
  Destination:            u_soc/u_gpu/gen_cores[2].u_core/ddx_reg[13]/D
                            (rising edge-triggered cell FDPE clocked by sys_clk_raw  {rise@0.000ns fall@7.692ns period=15.385ns})
  Path Group:             sys_clk_raw
  Path Type:              Setup (Max at Slow Process Corner)
  Requirement:            15.385ns  (sys_clk_raw rise@15.385ns - sys_clk_raw rise@0.000ns)
  Data Path Delay:        15.045ns  (logic 7.877ns (52.356%)  route 7.168ns (47.644%))
  Logic Levels:           17  (CARRY4=10 DSP48E1=1 LUT2=1 LUT4=1 LUT5=2 LUT6=2)
  Clock Path Skew:        -0.047ns (DCD - SCD + CPR)
    Destination Clock Delay (DCD):    5.965ns = ( 21.349 - 15.385 ) 
    Source Clock Delay      (SCD):    6.323ns
    Clock Pessimism Removal (CPR):    0.311ns
  Clock Uncertainty:      0.086ns  ((TSJ^2 + DJ^2)^1/2) / 2 + PE
    Total System Jitter     (TSJ):    0.071ns
    Discrete Jitter          (DJ):    0.156ns
    Phase Error              (PE):    0.000ns

    Location             Delay type                Incr(ns)  Path(ns)    Netlist Resource(s)
  -------------------------------------------------------------------    -------------------
                         (clock sys_clk_raw rise edge)
                                                      0.000     0.000 r  
    E3                                                0.000     0.000 r  sys_clk_in (IN)
                         net (fo=0)                   0.000     0.000    sys_clk_in
    E3                   IBUF (Prop_ibuf_I_O)         1.482     1.482 r  sys_clk_in_IBUF_inst/O
                         net (fo=1, routed)           1.233     2.715    sys_clk_in_IBUF
    MMCME2_ADV_X1Y2      MMCME2_ADV (Prop_mmcme2_adv_CLKIN1_CLKOUT1)
                                                      0.088     2.803 r  u_mmcm/CLKOUT1
                         net (fo=1, routed)           1.719     4.522    sys_clk_raw
    BUFGCTRL_X0Y16       BUFG (Prop_bufg_I_O)         0.096     4.618 r  u_bufg_sys/O
                         net (fo=3499, routed)        1.704     6.323    u_soc/u_gpu/gen_cores[2].u_core/sys_clk
    SLICE_X76Y79         FDCE                                         r  u_soc/u_gpu/gen_cores[2].u_core/player_idx_reg__6/C
  -------------------------------------------------------------------    -------------------
    SLICE_X76Y79         FDCE (Prop_fdce_C_Q)         0.518     6.841 r  u_soc/u_gpu/gen_cores[2].u_core/player_idx_reg__6/Q
                         net (fo=96, routed)          1.447     8.288    u_soc/u_gpu/player_idx_reg__31_2[24]
    SLICE_X80Y83         LUT6 (Prop_lut6_I3_O)        0.124     8.412 r  u_soc/u_gpu/rdy_mul_b_i_67__1/O
                         net (fo=2, routed)           0.872     9.284    u_soc/u_gpu/gen_cores[2].u_core/rdx_mul_b_5
    SLICE_X78Y83         LUT6 (Prop_lut6_I5_O)        0.124     9.408 r  u_soc/u_gpu/gen_cores[2].u_core/p_0_out_inferred__0/rdy_mul_b_i_26/O
                         net (fo=2, routed)           0.912    10.320    u_soc/u_gpu/gen_cores[2].u_core/p_0_out[8]
    DSP48_X2Y28          DSP48E1 (Prop_dsp48e1_A[8]_P[16])
                                                      3.841    14.161 r  u_soc/u_gpu/gen_cores[2].u_core/rdx_mul_a/P[16]
                         net (fo=2, routed)           0.945    15.106    u_soc/u_gpu/gen_cores[2].u_core/rdx_mul_a__0[16]
    SLICE_X79Y70         LUT2 (Prop_lut2_I0_O)        0.124    15.230 r  u_soc/u_gpu/gen_cores[2].u_core/ddx[30]_i_53__1/O
                         net (fo=1, routed)           0.000    15.230    u_soc/u_gpu/gen_cores[2].u_core/ddx[30]_i_53__1_n_0
    SLICE_X79Y70         CARRY4 (Prop_carry4_S[0]_CO[3])
                                                      0.532    15.762 r  u_soc/u_gpu/gen_cores[2].u_core/ddx_reg[30]_i_45__1/CO[3]
                         net (fo=1, routed)           0.000    15.762    u_soc/u_gpu/gen_cores[2].u_core/ddx_reg[30]_i_45__1_n_0
    SLICE_X79Y71         CARRY4 (Prop_carry4_CI_CO[3])
                                                      0.114    15.876 r  u_soc/u_gpu/gen_cores[2].u_core/ddx_reg[30]_i_35__1/CO[3]
                         net (fo=1, routed)           0.000    15.876    u_soc/u_gpu/gen_cores[2].u_core/ddx_reg[30]_i_35__1_n_0
    SLICE_X79Y72         CARRY4 (Prop_carry4_CI_CO[3])
                                                      0.114    15.990 r  u_soc/u_gpu/gen_cores[2].u_core/ddx_reg[30]_i_17__1/CO[3]
                         net (fo=1, routed)           0.000    15.990    u_soc/u_gpu/gen_cores[2].u_core/ddx_reg[30]_i_17__1_n_0
    SLICE_X79Y73         CARRY4 (Prop_carry4_CI_CO[3])
                                                      0.114    16.104 r  u_soc/u_gpu/gen_cores[2].u_core/step_x_neg_reg_i_4__1/CO[3]
                         net (fo=1, routed)           0.000    16.104    u_soc/u_gpu/gen_cores[2].u_core/step_x_neg_reg_i_4__1_n_0
    SLICE_X79Y74         CARRY4 (Prop_carry4_CI_CO[3])
                                                      0.114    16.218 r  u_soc/u_gpu/gen_cores[2].u_core/step_x_neg_reg_i_3__1/CO[3]
                         net (fo=1, routed)           0.009    16.227    u_soc/u_gpu/gen_cores[2].u_core/step_x_neg_reg_i_3__1_n_0
    SLICE_X79Y75         CARRY4 (Prop_carry4_CI_CO[0])
                                                      0.271    16.498 r  u_soc/u_gpu/gen_cores[2].u_core/step_x_neg_reg_i_2__1/CO[0]
                         net (fo=15, routed)          0.751    17.249    u_soc/u_gpu/gen_cores[2].u_core/step_x_neg_reg_i_2__1_n_3
    SLICE_X77Y74         CARRY4 (Prop_carry4_S[3]_CO[3])
                                                      0.774    18.023 r  u_soc/u_gpu/gen_cores[2].u_core/ddx_reg[30]_i_10__1/CO[3]
                         net (fo=1, routed)           0.009    18.032    u_soc/u_gpu/gen_cores[2].u_core/ddx_reg[30]_i_10__1_n_0
    SLICE_X77Y75         CARRY4 (Prop_carry4_CI_CO[3])
                                                      0.114    18.146 r  u_soc/u_gpu/gen_cores[2].u_core/ddx_reg[30]_i_6__1/CO[3]
                         net (fo=1, routed)           0.000    18.146    u_soc/u_gpu/gen_cores[2].u_core/ddx_reg[30]_i_6__1_n_0
    SLICE_X77Y76         CARRY4 (Prop_carry4_CI_CO[3])
                                                      0.114    18.260 r  u_soc/u_gpu/gen_cores[2].u_core/ddx_reg[30]_i_7__1/CO[3]
                         net (fo=1, routed)           0.000    18.260    u_soc/u_gpu/gen_cores[2].u_core/ddx_reg[30]_i_7__1_n_0
    SLICE_X77Y77         CARRY4 (Prop_carry4_CI_O[1])
                                                      0.334    18.594 f  u_soc/u_gpu/gen_cores[2].u_core/ddx_reg[30]_i_18__1/O[1]
                         net (fo=1, routed)           0.839    19.433    u_soc/u_gpu/gen_cores[2].u_core/ddx4[30]
    SLICE_X76Y74         LUT4 (Prop_lut4_I1_O)        0.303    19.736 r  u_soc/u_gpu/gen_cores[2].u_core/ddx[30]_i_8__1/O
                         net (fo=1, routed)           0.680    20.416    u_soc/u_gpu/gen_cores[2].u_core/ddx[30]_i_8__1_n_0
    SLICE_X76Y74         LUT5 (Prop_lut5_I4_O)        0.124    20.540 r  u_soc/u_gpu/gen_cores[2].u_core/ddx[30]_i_2__1/O
                         net (fo=15, routed)          0.704    21.244    u_soc/u_gpu/gen_cores[2].u_core/ddx[30]_i_2__1_n_0
    SLICE_X72Y75         LUT5 (Prop_lut5_I2_O)        0.124    21.368 r  u_soc/u_gpu/gen_cores[2].u_core/ddx[13]_i_1__1/O
                         net (fo=1, routed)           0.000    21.368    u_soc/u_gpu/gen_cores[2].u_core/ddx[13]_i_1__1_n_0
    SLICE_X72Y75         FDPE                                         r  u_soc/u_gpu/gen_cores[2].u_core/ddx_reg[13]/D
  -------------------------------------------------------------------    -------------------

                         (clock sys_clk_raw rise edge)
                                                     15.385    15.385 r  
    E3                                                0.000    15.385 r  sys_clk_in (IN)
                         net (fo=0)                   0.000    15.385    sys_clk_in
    E3                   IBUF (Prop_ibuf_I_O)         1.411    16.796 r  sys_clk_in_IBUF_inst/O
                         net (fo=1, routed)           1.162    17.958    sys_clk_in_IBUF
    MMCME2_ADV_X1Y2      MMCME2_ADV (Prop_mmcme2_adv_CLKIN1_CLKOUT1)
                                                      0.083    18.041 r  u_mmcm/CLKOUT1
                         net (fo=1, routed)           1.639    19.680    sys_clk_raw
    BUFGCTRL_X0Y16       BUFG (Prop_bufg_I_O)         0.091    19.771 r  u_bufg_sys/O
                         net (fo=3499, routed)        1.578    21.349    u_soc/u_gpu/gen_cores[2].u_core/sys_clk
    SLICE_X72Y75         FDPE                                         r  u_soc/u_gpu/gen_cores[2].u_core/ddx_reg[13]/C
                         clock pessimism              0.311    21.660    
                         clock uncertainty           -0.086    21.575    
    SLICE_X72Y75         FDPE (Setup_fdpe_C_D)        0.029    21.604    u_soc/u_gpu/gen_cores[2].u_core/ddx_reg[13]
  -------------------------------------------------------------------
                         required time                         21.604    
                         arrival time                         -21.368    
  -------------------------------------------------------------------
                         slack                                  0.236    

Slack (MET) :             0.243ns  (required time - arrival time)
  Source:                 u_soc/u_gpu/gen_cores[2].u_core/player_idx_reg__6/C
                            (rising edge-triggered cell FDCE clocked by sys_clk_raw  {rise@0.000ns fall@7.692ns period=15.385ns})
  Destination:            u_soc/u_gpu/gen_cores[2].u_core/ddx_reg[11]/D
                            (rising edge-triggered cell FDPE clocked by sys_clk_raw  {rise@0.000ns fall@7.692ns period=15.385ns})
  Path Group:             sys_clk_raw
  Path Type:              Setup (Max at Slow Process Corner)
  Requirement:            15.385ns  (sys_clk_raw rise@15.385ns - sys_clk_raw rise@0.000ns)
  Data Path Delay:        14.955ns  (logic 7.877ns (52.670%)  route 7.078ns (47.330%))
  Logic Levels:           17  (CARRY4=10 DSP48E1=1 LUT2=1 LUT4=1 LUT5=2 LUT6=2)
  Clock Path Skew:        -0.130ns (DCD - SCD + CPR)
    Destination Clock Delay (DCD):    5.882ns = ( 21.266 - 15.385 ) 
    Source Clock Delay      (SCD):    6.323ns
    Clock Pessimism Removal (CPR):    0.311ns
  Clock Uncertainty:      0.086ns  ((TSJ^2 + DJ^2)^1/2) / 2 + PE
    Total System Jitter     (TSJ):    0.071ns
    Discrete Jitter          (DJ):    0.156ns
    Phase Error              (PE):    0.000ns

    Location             Delay type                Incr(ns)  Path(ns)    Netlist Resource(s)
  -------------------------------------------------------------------    -------------------
                         (clock sys_clk_raw rise edge)
                                                      0.000     0.000 r  
    E3                                                0.000     0.000 r  sys_clk_in (IN)
                         net (fo=0)                   0.000     0.000    sys_clk_in
    E3                   IBUF (Prop_ibuf_I_O)         1.482     1.482 r  sys_clk_in_IBUF_inst/O
                         net (fo=1, routed)           1.233     2.715    sys_clk_in_IBUF
    MMCME2_ADV_X1Y2      MMCME2_ADV (Prop_mmcme2_adv_CLKIN1_CLKOUT1)
                                                      0.088     2.803 r  u_mmcm/CLKOUT1
                         net (fo=1, routed)           1.719     4.522    sys_clk_raw
    BUFGCTRL_X0Y16       BUFG (Prop_bufg_I_O)         0.096     4.618 r  u_bufg_sys/O
                         net (fo=3499, routed)        1.704     6.323    u_soc/u_gpu/gen_cores[2].u_core/sys_clk
    SLICE_X76Y79         FDCE                                         r  u_soc/u_gpu/gen_cores[2].u_core/player_idx_reg__6/C
  -------------------------------------------------------------------    -------------------
    SLICE_X76Y79         FDCE (Prop_fdce_C_Q)         0.518     6.841 r  u_soc/u_gpu/gen_cores[2].u_core/player_idx_reg__6/Q
                         net (fo=96, routed)          1.447     8.288    u_soc/u_gpu/player_idx_reg__31_2[24]
    SLICE_X80Y83         LUT6 (Prop_lut6_I3_O)        0.124     8.412 r  u_soc/u_gpu/rdy_mul_b_i_67__1/O
                         net (fo=2, routed)           0.872     9.284    u_soc/u_gpu/gen_cores[2].u_core/rdx_mul_b_5
    SLICE_X78Y83         LUT6 (Prop_lut6_I5_O)        0.124     9.408 r  u_soc/u_gpu/gen_cores[2].u_core/p_0_out_inferred__0/rdy_mul_b_i_26/O
                         net (fo=2, routed)           0.912    10.320    u_soc/u_gpu/gen_cores[2].u_core/p_0_out[8]
    DSP48_X2Y28          DSP48E1 (Prop_dsp48e1_A[8]_P[16])
                                                      3.841    14.161 r  u_soc/u_gpu/gen_cores[2].u_core/rdx_mul_a/P[16]
                         net (fo=2, routed)           0.945    15.106    u_soc/u_gpu/gen_cores[2].u_core/rdx_mul_a__0[16]
    SLICE_X79Y70         LUT2 (Prop_lut2_I0_O)        0.124    15.230 r  u_soc/u_gpu/gen_cores[2].u_core/ddx[30]_i_53__1/O
                         net (fo=1, routed)           0.000    15.230    u_soc/u_gpu/gen_cores[2].u_core/ddx[30]_i_53__1_n_0
    SLICE_X79Y70         CARRY4 (Prop_carry4_S[0]_CO[3])
                                                      0.532    15.762 r  u_soc/u_gpu/gen_cores[2].u_core/ddx_reg[30]_i_45__1/CO[3]
                         net (fo=1, routed)           0.000    15.762    u_soc/u_gpu/gen_cores[2].u_core/ddx_reg[30]_i_45__1_n_0
    SLICE_X79Y71         CARRY4 (Prop_carry4_CI_CO[3])
                                                      0.114    15.876 r  u_soc/u_gpu/gen_cores[2].u_core/ddx_reg[30]_i_35__1/CO[3]
                         net (fo=1, routed)           0.000    15.876    u_soc/u_gpu/gen_cores[2].u_core/ddx_reg[30]_i_35__1_n_0
    SLICE_X79Y72         CARRY4 (Prop_carry4_CI_CO[3])
                                                      0.114    15.990 r  u_soc/u_gpu/gen_cores[2].u_core/ddx_reg[30]_i_17__1/CO[3]
                         net (fo=1, routed)           0.000    15.990    u_soc/u_gpu/gen_cores[2].u_core/ddx_reg[30]_i_17__1_n_0
    SLICE_X79Y73         CARRY4 (Prop_carry4_CI_CO[3])
                                                      0.114    16.104 r  u_soc/u_gpu/gen_cores[2].u_core/step_x_neg_reg_i_4__1/CO[3]
                         net (fo=1, routed)           0.000    16.104    u_soc/u_gpu/gen_cores[2].u_core/step_x_neg_reg_i_4__1_n_0
    SLICE_X79Y74         CARRY4 (Prop_carry4_CI_CO[3])
                                                      0.114    16.218 r  u_soc/u_gpu/gen_cores[2].u_core/step_x_neg_reg_i_3__1/CO[3]
                         net (fo=1, routed)           0.009    16.227    u_soc/u_gpu/gen_cores[2].u_core/step_x_neg_reg_i_3__1_n_0
    SLICE_X79Y75         CARRY4 (Prop_carry4_CI_CO[0])
                                                      0.271    16.498 r  u_soc/u_gpu/gen_cores[2].u_core/step_x_neg_reg_i_2__1/CO[0]
                         net (fo=15, routed)          0.751    17.249    u_soc/u_gpu/gen_cores[2].u_core/step_x_neg_reg_i_2__1_n_3
    SLICE_X77Y74         CARRY4 (Prop_carry4_S[3]_CO[3])
                                                      0.774    18.023 r  u_soc/u_gpu/gen_cores[2].u_core/ddx_reg[30]_i_10__1/CO[3]
                         net (fo=1, routed)           0.009    18.032    u_soc/u_gpu/gen_cores[2].u_core/ddx_reg[30]_i_10__1_n_0
    SLICE_X77Y75         CARRY4 (Prop_carry4_CI_CO[3])
                                                      0.114    18.146 r  u_soc/u_gpu/gen_cores[2].u_core/ddx_reg[30]_i_6__1/CO[3]
                         net (fo=1, routed)           0.000    18.146    u_soc/u_gpu/gen_cores[2].u_core/ddx_reg[30]_i_6__1_n_0
    SLICE_X77Y76         CARRY4 (Prop_carry4_CI_CO[3])
                                                      0.114    18.260 r  u_soc/u_gpu/gen_cores[2].u_core/ddx_reg[30]_i_7__1/CO[3]
                         net (fo=1, routed)           0.000    18.260    u_soc/u_gpu/gen_cores[2].u_core/ddx_reg[30]_i_7__1_n_0
    SLICE_X77Y77         CARRY4 (Prop_carry4_CI_O[1])
                                                      0.334    18.594 f  u_soc/u_gpu/gen_cores[2].u_core/ddx_reg[30]_i_18__1/O[1]
                         net (fo=1, routed)           0.839    19.433    u_soc/u_gpu/gen_cores[2].u_core/ddx4[30]
    SLICE_X76Y74         LUT4 (Prop_lut4_I1_O)        0.303    19.736 r  u_soc/u_gpu/gen_cores[2].u_core/ddx[30]_i_8__1/O
                         net (fo=1, routed)           0.680    20.416    u_soc/u_gpu/gen_cores[2].u_core/ddx[30]_i_8__1_n_0
    SLICE_X76Y74         LUT5 (Prop_lut5_I4_O)        0.124    20.540 r  u_soc/u_gpu/gen_cores[2].u_core/ddx[30]_i_2__1/O
                         net (fo=15, routed)          0.614    21.154    u_soc/u_gpu/gen_cores[2].u_core/ddx[30]_i_2__1_n_0
    SLICE_X71Y74         LUT5 (Prop_lut5_I2_O)        0.124    21.278 r  u_soc/u_gpu/gen_cores[2].u_core/ddx[11]_i_1__1/O
                         net (fo=1, routed)           0.000    21.278    u_soc/u_gpu/gen_cores[2].u_core/ddx[11]_i_1__1_n_0
    SLICE_X71Y74         FDPE                                         r  u_soc/u_gpu/gen_cores[2].u_core/ddx_reg[11]/D
  -------------------------------------------------------------------    -------------------

                         (clock sys_clk_raw rise edge)
                                                     15.385    15.385 r  
    E3                                                0.000    15.385 r  sys_clk_in (IN)
                         net (fo=0)                   0.000    15.385    sys_clk_in
    E3                   IBUF (Prop_ibuf_I_O)         1.411    16.796 r  sys_clk_in_IBUF_inst/O
                         net (fo=1, routed)           1.162    17.958    sys_clk_in_IBUF
    MMCME2_ADV_X1Y2      MMCME2_ADV (Prop_mmcme2_adv_CLKIN1_CLKOUT1)
                                                      0.083    18.041 r  u_mmcm/CLKOUT1
                         net (fo=1, routed)           1.639    19.680    sys_clk_raw
    BUFGCTRL_X0Y16       BUFG (Prop_bufg_I_O)         0.091    19.771 r  u_bufg_sys/O
                         net (fo=3499, routed)        1.495    21.266    u_soc/u_gpu/gen_cores[2].u_core/sys_clk
    SLICE_X71Y74         FDPE                                         r  u_soc/u_gpu/gen_cores[2].u_core/ddx_reg[11]/C
                         clock pessimism              0.311    21.577    
                         clock uncertainty           -0.086    21.492    
    SLICE_X71Y74         FDPE (Setup_fdpe_C_D)        0.029    21.521    u_soc/u_gpu/gen_cores[2].u_core/ddx_reg[11]
  -------------------------------------------------------------------
                         required time                         21.521    
                         arrival time                         -21.278    
  -------------------------------------------------------------------
                         slack                                  0.243    





Min Delay Paths
--------------------------------------------------------------------------------------
Slack (MET) :             0.039ns  (arrival time - required time)
  Source:                 u_soc/u_gpu/u_coll/m_awaddr_reg[8]/C
                            (rising edge-triggered cell FDCE clocked by sys_clk_raw  {rise@0.000ns fall@7.692ns period=15.385ns})
  Destination:            u_soc/u_cfb/aw_addr_r_reg[8]/D
                            (rising edge-triggered cell FDCE clocked by sys_clk_raw  {rise@0.000ns fall@7.692ns period=15.385ns})
  Path Group:             sys_clk_raw
  Path Type:              Hold (Min at Fast Process Corner)
  Requirement:            0.000ns  (sys_clk_raw rise@0.000ns - sys_clk_raw rise@0.000ns)
  Data Path Delay:        0.358ns  (logic 0.141ns (39.436%)  route 0.217ns (60.564%))
  Logic Levels:           0  
  Clock Path Skew:        0.264ns (DCD - SCD - CPR)
    Destination Clock Delay (DCD):    2.376ns
    Source Clock Delay      (SCD):    1.828ns
    Clock Pessimism Removal (CPR):    0.283ns

    Location             Delay type                Incr(ns)  Path(ns)    Netlist Resource(s)
  -------------------------------------------------------------------    -------------------
                         (clock sys_clk_raw rise edge)
                                                      0.000     0.000 r  
    E3                                                0.000     0.000 r  sys_clk_in (IN)
                         net (fo=0)                   0.000     0.000    sys_clk_in
    E3                   IBUF (Prop_ibuf_I_O)         0.250     0.250 r  sys_clk_in_IBUF_inst/O
                         net (fo=1, routed)           0.440     0.690    sys_clk_in_IBUF
    MMCME2_ADV_X1Y2      MMCME2_ADV (Prop_mmcme2_adv_CLKIN1_CLKOUT1)
                                                      0.050     0.740 r  u_mmcm/CLKOUT1
                         net (fo=1, routed)           0.499     1.239    sys_clk_raw
    BUFGCTRL_X0Y16       BUFG (Prop_bufg_I_O)         0.026     1.265 r  u_bufg_sys/O
                         net (fo=3499, routed)        0.564     1.828    u_soc/u_gpu/u_coll/sys_clk
    SLICE_X47Y88         FDCE                                         r  u_soc/u_gpu/u_coll/m_awaddr_reg[8]/C
  -------------------------------------------------------------------    -------------------
    SLICE_X47Y88         FDCE (Prop_fdce_C_Q)         0.141     1.969 r  u_soc/u_gpu/u_coll/m_awaddr_reg[8]/Q
                         net (fo=1, routed)           0.217     2.186    u_soc/u_cfb/aw_addr_r_reg[11]_0[8]
    SLICE_X57Y88         FDCE                                         r  u_soc/u_cfb/aw_addr_r_reg[8]/D
  -------------------------------------------------------------------    -------------------

                         (clock sys_clk_raw rise edge)
                                                      0.000     0.000 r  
    E3                                                0.000     0.000 r  sys_clk_in (IN)
                         net (fo=0)                   0.000     0.000    sys_clk_in
    E3                   IBUF (Prop_ibuf_I_O)         0.438     0.438 r  sys_clk_in_IBUF_inst/O
                         net (fo=1, routed)           0.480     0.918    sys_clk_in_IBUF
    MMCME2_ADV_X1Y2      MMCME2_ADV (Prop_mmcme2_adv_CLKIN1_CLKOUT1)
                                                      0.053     0.971 r  u_mmcm/CLKOUT1
                         net (fo=1, routed)           0.544     1.514    sys_clk_raw
    BUFGCTRL_X0Y16       BUFG (Prop_bufg_I_O)         0.029     1.543 r  u_bufg_sys/O
                         net (fo=3499, routed)        0.833     2.376    u_soc/u_cfb/sys_clk
    SLICE_X57Y88         FDCE                                         r  u_soc/u_cfb/aw_addr_r_reg[8]/C
                         clock pessimism             -0.283     2.092    
    SLICE_X57Y88         FDCE (Hold_fdce_C_D)         0.055     2.147    u_soc/u_cfb/aw_addr_r_reg[8]
  -------------------------------------------------------------------
                         required time                         -2.147    
                         arrival time                           2.186    
  -------------------------------------------------------------------
                         slack                                  0.039    

Slack (MET) :             0.047ns  (arrival time - required time)
  Source:                 u_soc/u_gpu/u_mmio/reg_pang_reg[0]/C
                            (rising edge-triggered cell FDCE clocked by sys_clk_raw  {rise@0.000ns fall@7.692ns period=15.385ns})
  Destination:            u_soc/u_gpu/u_mmio/s_rdata_reg[0]/D
                            (rising edge-triggered cell FDCE clocked by sys_clk_raw  {rise@0.000ns fall@7.692ns period=15.385ns})
  Path Group:             sys_clk_raw
  Path Type:              Hold (Min at Fast Process Corner)
  Requirement:            0.000ns  (sys_clk_raw rise@0.000ns - sys_clk_raw rise@0.000ns)
  Data Path Delay:        0.406ns  (logic 0.186ns (45.842%)  route 0.220ns (54.158%))
  Logic Levels:           1  (LUT6=1)
  Clock Path Skew:        0.267ns (DCD - SCD - CPR)
    Destination Clock Delay (DCD):    2.379ns
    Source Clock Delay      (SCD):    1.828ns
    Clock Pessimism Removal (CPR):    0.283ns

    Location             Delay type                Incr(ns)  Path(ns)    Netlist Resource(s)
  -------------------------------------------------------------------    -------------------
                         (clock sys_clk_raw rise edge)
                                                      0.000     0.000 r  
    E3                                                0.000     0.000 r  sys_clk_in (IN)
                         net (fo=0)                   0.000     0.000    sys_clk_in
    E3                   IBUF (Prop_ibuf_I_O)         0.250     0.250 r  sys_clk_in_IBUF_inst/O
                         net (fo=1, routed)           0.440     0.690    sys_clk_in_IBUF
    MMCME2_ADV_X1Y2      MMCME2_ADV (Prop_mmcme2_adv_CLKIN1_CLKOUT1)
                                                      0.050     0.740 r  u_mmcm/CLKOUT1
                         net (fo=1, routed)           0.499     1.239    sys_clk_raw
    BUFGCTRL_X0Y16       BUFG (Prop_bufg_I_O)         0.026     1.265 r  u_bufg_sys/O
                         net (fo=3499, routed)        0.564     1.828    u_soc/u_gpu/u_mmio/sys_clk
    SLICE_X53Y53         FDCE                                         r  u_soc/u_gpu/u_mmio/reg_pang_reg[0]/C
  -------------------------------------------------------------------    -------------------
    SLICE_X53Y53         FDCE (Prop_fdce_C_Q)         0.141     1.969 r  u_soc/u_gpu/u_mmio/reg_pang_reg[0]/Q
                         net (fo=2, routed)           0.220     2.189    u_soc/gen_real_cpu.u_cpu/picorv32_core/s_rdata_reg[4]_0[0]
    SLICE_X51Y51         LUT6 (Prop_lut6_I3_O)        0.045     2.234 r  u_soc/gen_real_cpu.u_cpu/picorv32_core/s_rdata[0]_i_1/O
                         net (fo=1, routed)           0.000     2.234    u_soc/u_gpu/u_mmio/s_rdata_reg[4]_0[0]
    SLICE_X51Y51         FDCE                                         r  u_soc/u_gpu/u_mmio/s_rdata_reg[0]/D
  -------------------------------------------------------------------    -------------------

                         (clock sys_clk_raw rise edge)
                                                      0.000     0.000 r  
    E3                                                0.000     0.000 r  sys_clk_in (IN)
                         net (fo=0)                   0.000     0.000    sys_clk_in
    E3                   IBUF (Prop_ibuf_I_O)         0.438     0.438 r  sys_clk_in_IBUF_inst/O
                         net (fo=1, routed)           0.480     0.918    sys_clk_in_IBUF
    MMCME2_ADV_X1Y2      MMCME2_ADV (Prop_mmcme2_adv_CLKIN1_CLKOUT1)
                                                      0.053     0.971 r  u_mmcm/CLKOUT1
                         net (fo=1, routed)           0.544     1.514    sys_clk_raw
    BUFGCTRL_X0Y16       BUFG (Prop_bufg_I_O)         0.029     1.543 r  u_bufg_sys/O
                         net (fo=3499, routed)        0.836     2.379    u_soc/u_gpu/u_mmio/sys_clk
    SLICE_X51Y51         FDCE                                         r  u_soc/u_gpu/u_mmio/s_rdata_reg[0]/C
                         clock pessimism             -0.283     2.095    
    SLICE_X51Y51         FDCE (Hold_fdce_C_D)         0.092     2.187    u_soc/u_gpu/u_mmio/s_rdata_reg[0]
  -------------------------------------------------------------------
                         required time                         -2.187    
                         arrival time                           2.234    
  -------------------------------------------------------------------
                         slack                                  0.047    

Slack (MET) :             0.059ns  (arrival time - required time)
  Source:                 u_soc/u_gpu/gen_cores[1].u_core/u_height_div/FSM_onehot_state_reg[0]/C
                            (rising edge-triggered cell FDPE clocked by sys_clk_raw  {rise@0.000ns fall@7.692ns period=15.385ns})
  Destination:            u_soc/u_gpu/gen_cores[1].u_core/u_height_div/dividend_r_reg[32]/D
                            (rising edge-triggered cell FDCE clocked by sys_clk_raw  {rise@0.000ns fall@7.692ns period=15.385ns})
  Path Group:             sys_clk_raw
  Path Type:              Hold (Min at Fast Process Corner)
  Requirement:            0.000ns  (sys_clk_raw rise@0.000ns - sys_clk_raw rise@0.000ns)
  Data Path Delay:        0.392ns  (logic 0.141ns (35.950%)  route 0.251ns (64.050%))
  Logic Levels:           0  
  Clock Path Skew:        0.263ns (DCD - SCD - CPR)
    Destination Clock Delay (DCD):    2.377ns
    Source Clock Delay      (SCD):    1.830ns
    Clock Pessimism Removal (CPR):    0.283ns

    Location             Delay type                Incr(ns)  Path(ns)    Netlist Resource(s)
  -------------------------------------------------------------------    -------------------
                         (clock sys_clk_raw rise edge)
                                                      0.000     0.000 r  
    E3                                                0.000     0.000 r  sys_clk_in (IN)
                         net (fo=0)                   0.000     0.000    sys_clk_in
    E3                   IBUF (Prop_ibuf_I_O)         0.250     0.250 r  sys_clk_in_IBUF_inst/O
                         net (fo=1, routed)           0.440     0.690    sys_clk_in_IBUF
    MMCME2_ADV_X1Y2      MMCME2_ADV (Prop_mmcme2_adv_CLKIN1_CLKOUT1)
                                                      0.050     0.740 r  u_mmcm/CLKOUT1
                         net (fo=1, routed)           0.499     1.239    sys_clk_raw
    BUFGCTRL_X0Y16       BUFG (Prop_bufg_I_O)         0.026     1.265 r  u_bufg_sys/O
                         net (fo=3499, routed)        0.566     1.830    u_soc/u_gpu/gen_cores[1].u_core/u_height_div/sys_clk
    SLICE_X48Y95         FDPE                                         r  u_soc/u_gpu/gen_cores[1].u_core/u_height_div/FSM_onehot_state_reg[0]/C
  -------------------------------------------------------------------    -------------------
    SLICE_X48Y95         FDPE (Prop_fdpe_C_Q)         0.141     1.971 r  u_soc/u_gpu/gen_cores[1].u_core/u_height_div/FSM_onehot_state_reg[0]/Q
                         net (fo=27, routed)          0.251     2.223    u_soc/u_gpu/gen_cores[1].u_core/u_height_div/FSM_onehot_state_reg_n_0_[0]
    SLICE_X53Y95         FDCE                                         r  u_soc/u_gpu/gen_cores[1].u_core/u_height_div/dividend_r_reg[32]/D
  -------------------------------------------------------------------    -------------------

                         (clock sys_clk_raw rise edge)
                                                      0.000     0.000 r  
    E3                                                0.000     0.000 r  sys_clk_in (IN)
                         net (fo=0)                   0.000     0.000    sys_clk_in
    E3                   IBUF (Prop_ibuf_I_O)         0.438     0.438 r  sys_clk_in_IBUF_inst/O
                         net (fo=1, routed)           0.480     0.918    sys_clk_in_IBUF
    MMCME2_ADV_X1Y2      MMCME2_ADV (Prop_mmcme2_adv_CLKIN1_CLKOUT1)
                                                      0.053     0.971 r  u_mmcm/CLKOUT1
                         net (fo=1, routed)           0.544     1.514    sys_clk_raw
    BUFGCTRL_X0Y16       BUFG (Prop_bufg_I_O)         0.029     1.543 r  u_bufg_sys/O
                         net (fo=3499, routed)        0.834     2.377    u_soc/u_gpu/gen_cores[1].u_core/u_height_div/sys_clk
    SLICE_X53Y95         FDCE                                         r  u_soc/u_gpu/gen_cores[1].u_core/u_height_div/dividend_r_reg[32]/C
                         clock pessimism             -0.283     2.093    
    SLICE_X53Y95         FDCE (Hold_fdce_C_D)         0.070     2.163    u_soc/u_gpu/gen_cores[1].u_core/u_height_div/dividend_r_reg[32]
  -------------------------------------------------------------------
                         required time                         -2.163    
                         arrival time                           2.223    
  -------------------------------------------------------------------
                         slack                                  0.059    

Slack (MET) :             0.061ns  (arrival time - required time)
  Source:                 u_soc/u_gpu/u_mmio/s_rdata_reg[21]/C
                            (rising edge-triggered cell FDCE clocked by sys_clk_raw  {rise@0.000ns fall@7.692ns period=15.385ns})
  Destination:            u_soc/gen_real_cpu.u_cpu/picorv32_core/mem_rdata_q_reg[21]/D
                            (rising edge-triggered cell FDRE clocked by sys_clk_raw  {rise@0.000ns fall@7.692ns period=15.385ns})
  Path Group:             sys_clk_raw
  Path Type:              Hold (Min at Fast Process Corner)
  Requirement:            0.000ns  (sys_clk_raw rise@0.000ns - sys_clk_raw rise@0.000ns)
  Data Path Delay:        0.488ns  (logic 0.186ns (38.151%)  route 0.302ns (61.849%))
  Logic Levels:           1  (LUT4=1)
  Clock Path Skew:        0.336ns (DCD - SCD - CPR)
    Destination Clock Delay (DCD):    2.450ns
    Source Clock Delay      (SCD):    1.830ns
    Clock Pessimism Removal (CPR):    0.283ns

    Location             Delay type                Incr(ns)  Path(ns)    Netlist Resource(s)
  -------------------------------------------------------------------    -------------------
                         (clock sys_clk_raw rise edge)
                                                      0.000     0.000 r  
    E3                                                0.000     0.000 r  sys_clk_in (IN)
                         net (fo=0)                   0.000     0.000    sys_clk_in
    E3                   IBUF (Prop_ibuf_I_O)         0.250     0.250 r  sys_clk_in_IBUF_inst/O
                         net (fo=1, routed)           0.440     0.690    sys_clk_in_IBUF
    MMCME2_ADV_X1Y2      MMCME2_ADV (Prop_mmcme2_adv_CLKIN1_CLKOUT1)
                                                      0.050     0.740 r  u_mmcm/CLKOUT1
                         net (fo=1, routed)           0.499     1.239    sys_clk_raw
    BUFGCTRL_X0Y16       BUFG (Prop_bufg_I_O)         0.026     1.265 r  u_bufg_sys/O
                         net (fo=3499, routed)        0.566     1.830    u_soc/u_gpu/u_mmio/sys_clk
    SLICE_X59Y53         FDCE                                         r  u_soc/u_gpu/u_mmio/s_rdata_reg[21]/C
  -------------------------------------------------------------------    -------------------
    SLICE_X59Y53         FDCE (Prop_fdce_C_Q)         0.141     1.971 r  u_soc/u_gpu/u_mmio/s_rdata_reg[21]/Q
                         net (fo=3, routed)           0.302     2.273    u_soc/u_fabric/decoded_imm_j_reg[30][21]
    SLICE_X59Y45         LUT4 (Prop_lut4_I0_O)        0.045     2.318 r  u_soc/u_fabric/mem_rdata_q[21]_i_1/O
                         net (fo=4, routed)           0.000     2.318    u_soc/gen_real_cpu.u_cpu/picorv32_core/dma_rdata[14]
    SLICE_X59Y45         FDRE                                         r  u_soc/gen_real_cpu.u_cpu/picorv32_core/mem_rdata_q_reg[21]/D
  -------------------------------------------------------------------    -------------------

                         (clock sys_clk_raw rise edge)
                                                      0.000     0.000 r  
    E3                                                0.000     0.000 r  sys_clk_in (IN)
                         net (fo=0)                   0.000     0.000    sys_clk_in
    E3                   IBUF (Prop_ibuf_I_O)         0.438     0.438 r  sys_clk_in_IBUF_inst/O
                         net (fo=1, routed)           0.480     0.918    sys_clk_in_IBUF
    MMCME2_ADV_X1Y2      MMCME2_ADV (Prop_mmcme2_adv_CLKIN1_CLKOUT1)
                                                      0.053     0.971 r  u_mmcm/CLKOUT1
                         net (fo=1, routed)           0.544     1.514    sys_clk_raw
    BUFGCTRL_X0Y16       BUFG (Prop_bufg_I_O)         0.029     1.543 r  u_bufg_sys/O
                         net (fo=3499, routed)        0.907     2.450    u_soc/gen_real_cpu.u_cpu/picorv32_core/sys_clk
    SLICE_X59Y45         FDRE                                         r  u_soc/gen_real_cpu.u_cpu/picorv32_core/mem_rdata_q_reg[21]/C
                         clock pessimism             -0.283     2.166    
    SLICE_X59Y45         FDRE (Hold_fdre_C_D)         0.091     2.257    u_soc/gen_real_cpu.u_cpu/picorv32_core/mem_rdata_q_reg[21]
  -------------------------------------------------------------------
                         required time                         -2.257    
                         arrival time                           2.318    
  -------------------------------------------------------------------
                         slack                                  0.061    

Slack (MET) :             0.063ns  (arrival time - required time)
  Source:                 u_soc/u_gpu/u_disp/core_pang_reg[0][10]/C
                            (rising edge-triggered cell FDCE clocked by sys_clk_raw  {rise@0.000ns fall@7.692ns period=15.385ns})
  Destination:            u_soc/u_gpu/gen_cores[3].u_core/ang_r_reg[10]/D
                            (rising edge-triggered cell FDCE clocked by sys_clk_raw  {rise@0.000ns fall@7.692ns period=15.385ns})
  Path Group:             sys_clk_raw
  Path Type:              Hold (Min at Fast Process Corner)
  Requirement:            0.000ns  (sys_clk_raw rise@0.000ns - sys_clk_raw rise@0.000ns)
  Data Path Delay:        0.461ns  (logic 0.164ns (35.609%)  route 0.297ns (64.391%))
  Logic Levels:           0  
  Clock Path Skew:        0.339ns (DCD - SCD - CPR)
    Destination Clock Delay (DCD):    2.455ns
    Source Clock Delay      (SCD):    1.832ns
    Clock Pessimism Removal (CPR):    0.283ns

    Location             Delay type                Incr(ns)  Path(ns)    Netlist Resource(s)
  -------------------------------------------------------------------    -------------------
                         (clock sys_clk_raw rise edge)
                                                      0.000     0.000 r  
    E3                                                0.000     0.000 r  sys_clk_in (IN)
                         net (fo=0)                   0.000     0.000    sys_clk_in
    E3                   IBUF (Prop_ibuf_I_O)         0.250     0.250 r  sys_clk_in_IBUF_inst/O
                         net (fo=1, routed)           0.440     0.690    sys_clk_in_IBUF
    MMCME2_ADV_X1Y2      MMCME2_ADV (Prop_mmcme2_adv_CLKIN1_CLKOUT1)
                                                      0.050     0.740 r  u_mmcm/CLKOUT1
                         net (fo=1, routed)           0.499     1.239    sys_clk_raw
    BUFGCTRL_X0Y16       BUFG (Prop_bufg_I_O)         0.026     1.265 r  u_bufg_sys/O
                         net (fo=3499, routed)        0.568     1.832    u_soc/u_gpu/u_disp/sys_clk
    SLICE_X42Y53         FDCE                                         r  u_soc/u_gpu/u_disp/core_pang_reg[0][10]/C
  -------------------------------------------------------------------    -------------------
    SLICE_X42Y53         FDCE (Prop_fdce_C_Q)         0.164     1.996 r  u_soc/u_gpu/u_disp/core_pang_reg[0][10]/Q
                         net (fo=4, routed)           0.297     2.293    u_soc/u_gpu/gen_cores[3].u_core/ang_r_reg[30]_0[10]
    SLICE_X30Y45         FDCE                                         r  u_soc/u_gpu/gen_cores[3].u_core/ang_r_reg[10]/D
  -------------------------------------------------------------------    -------------------

                         (clock sys_clk_raw rise edge)
                                                      0.000     0.000 r  
    E3                                                0.000     0.000 r  sys_clk_in (IN)
                         net (fo=0)                   0.000     0.000    sys_clk_in
    E3                   IBUF (Prop_ibuf_I_O)         0.438     0.438 r  sys_clk_in_IBUF_inst/O
                         net (fo=1, routed)           0.480     0.918    sys_clk_in_IBUF
    MMCME2_ADV_X1Y2      MMCME2_ADV (Prop_mmcme2_adv_CLKIN1_CLKOUT1)
                                                      0.053     0.971 r  u_mmcm/CLKOUT1
                         net (fo=1, routed)           0.544     1.514    sys_clk_raw
    BUFGCTRL_X0Y16       BUFG (Prop_bufg_I_O)         0.029     1.543 r  u_bufg_sys/O
                         net (fo=3499, routed)        0.912     2.455    u_soc/u_gpu/gen_cores[3].u_core/sys_clk
    SLICE_X30Y45         FDCE                                         r  u_soc/u_gpu/gen_cores[3].u_core/ang_r_reg[10]/C
                         clock pessimism             -0.283     2.171    
    SLICE_X30Y45         FDCE (Hold_fdce_C_D)         0.059     2.230    u_soc/u_gpu/gen_cores[3].u_core/ang_r_reg[10]
  -------------------------------------------------------------------
                         required time                         -2.230    
                         arrival time                           2.293    
  -------------------------------------------------------------------
                         slack                                  0.063    

Slack (MET) :             0.064ns  (arrival time - required time)
  Source:                 u_soc/u_dma/rd_data_r_reg[31]/C
                            (rising edge-triggered cell FDCE clocked by sys_clk_raw  {rise@0.000ns fall@7.692ns period=15.385ns})
  Destination:            u_soc/u_dma/m_w_data_reg[31]/D
                            (rising edge-triggered cell FDCE clocked by sys_clk_raw  {rise@0.000ns fall@7.692ns period=15.385ns})
  Path Group:             sys_clk_raw
  Path Type:              Hold (Min at Fast Process Corner)
  Requirement:            0.000ns  (sys_clk_raw rise@0.000ns - sys_clk_raw rise@0.000ns)
  Data Path Delay:        0.335ns  (logic 0.164ns (48.984%)  route 0.171ns (51.016%))
  Logic Levels:           0  
  Clock Path Skew:        0.200ns (DCD - SCD - CPR)
    Destination Clock Delay (DCD):    2.381ns
    Source Clock Delay      (SCD):    1.897ns
    Clock Pessimism Removal (CPR):    0.283ns

    Location             Delay type                Incr(ns)  Path(ns)    Netlist Resource(s)
  -------------------------------------------------------------------    -------------------
                         (clock sys_clk_raw rise edge)
                                                      0.000     0.000 r  
    E3                                                0.000     0.000 r  sys_clk_in (IN)
                         net (fo=0)                   0.000     0.000    sys_clk_in
    E3                   IBUF (Prop_ibuf_I_O)         0.250     0.250 r  sys_clk_in_IBUF_inst/O
                         net (fo=1, routed)           0.440     0.690    sys_clk_in_IBUF
    MMCME2_ADV_X1Y2      MMCME2_ADV (Prop_mmcme2_adv_CLKIN1_CLKOUT1)
                                                      0.050     0.740 r  u_mmcm/CLKOUT1
                         net (fo=1, routed)           0.499     1.239    sys_clk_raw
    BUFGCTRL_X0Y16       BUFG (Prop_bufg_I_O)         0.026     1.265 r  u_bufg_sys/O
                         net (fo=3499, routed)        0.632     1.897    u_soc/u_dma/sys_clk
    SLICE_X56Y49         FDCE                                         r  u_soc/u_dma/rd_data_r_reg[31]/C
  -------------------------------------------------------------------    -------------------
    SLICE_X56Y49         FDCE (Prop_fdce_C_Q)         0.164     2.061 r  u_soc/u_dma/rd_data_r_reg[31]/Q
                         net (fo=1, routed)           0.171     2.232    u_soc/u_dma/rd_data_r_reg_n_0_[31]
    SLICE_X59Y50         FDCE                                         r  u_soc/u_dma/m_w_data_reg[31]/D
  -------------------------------------------------------------------    -------------------

                         (clock sys_clk_raw rise edge)
                                                      0.000     0.000 r  
    E3                                                0.000     0.000 r  sys_clk_in (IN)
                         net (fo=0)                   0.000     0.000    sys_clk_in
    E3                   IBUF (Prop_ibuf_I_O)         0.438     0.438 r  sys_clk_in_IBUF_inst/O
                         net (fo=1, routed)           0.480     0.918    sys_clk_in_IBUF
    MMCME2_ADV_X1Y2      MMCME2_ADV (Prop_mmcme2_adv_CLKIN1_CLKOUT1)
                                                      0.053     0.971 r  u_mmcm/CLKOUT1
                         net (fo=1, routed)           0.544     1.514    sys_clk_raw
    BUFGCTRL_X0Y16       BUFG (Prop_bufg_I_O)         0.029     1.543 r  u_bufg_sys/O
                         net (fo=3499, routed)        0.838     2.381    u_soc/u_dma/sys_clk
    SLICE_X59Y50         FDCE                                         r  u_soc/u_dma/m_w_data_reg[31]/C
                         clock pessimism             -0.283     2.097    
    SLICE_X59Y50         FDCE (Hold_fdce_C_D)         0.070     2.167    u_soc/u_dma/m_w_data_reg[31]
  -------------------------------------------------------------------
                         required time                         -2.167    
                         arrival time                           2.232    
  -------------------------------------------------------------------
                         slack                                  0.064    

Slack (MET) :             0.068ns  (arrival time - required time)
  Source:                 u_soc/u_gpu/u_disp/core_pang_reg[0][11]/C
                            (rising edge-triggered cell FDCE clocked by sys_clk_raw  {rise@0.000ns fall@7.692ns period=15.385ns})
  Destination:            u_soc/u_gpu/gen_cores[0].u_core/ang_r_reg[11]/D
                            (rising edge-triggered cell FDCE clocked by sys_clk_raw  {rise@0.000ns fall@7.692ns period=15.385ns})
  Path Group:             sys_clk_raw
  Path Type:              Hold (Min at Fast Process Corner)
  Requirement:            0.000ns  (sys_clk_raw rise@0.000ns - sys_clk_raw rise@0.000ns)
  Data Path Delay:        0.400ns  (logic 0.141ns (35.284%)  route 0.259ns (64.716%))
  Logic Levels:           0  
  Clock Path Skew:        0.262ns (DCD - SCD - CPR)
    Destination Clock Delay (DCD):    2.376ns
    Source Clock Delay      (SCD):    1.830ns
    Clock Pessimism Removal (CPR):    0.283ns

    Location             Delay type                Incr(ns)  Path(ns)    Netlist Resource(s)
  -------------------------------------------------------------------    -------------------
                         (clock sys_clk_raw rise edge)
                                                      0.000     0.000 r  
    E3                                                0.000     0.000 r  sys_clk_in (IN)
                         net (fo=0)                   0.000     0.000    sys_clk_in
    E3                   IBUF (Prop_ibuf_I_O)         0.250     0.250 r  sys_clk_in_IBUF_inst/O
                         net (fo=1, routed)           0.440     0.690    sys_clk_in_IBUF
    MMCME2_ADV_X1Y2      MMCME2_ADV (Prop_mmcme2_adv_CLKIN1_CLKOUT1)
                                                      0.050     0.740 r  u_mmcm/CLKOUT1
                         net (fo=1, routed)           0.499     1.239    sys_clk_raw
    BUFGCTRL_X0Y16       BUFG (Prop_bufg_I_O)         0.026     1.265 r  u_bufg_sys/O
                         net (fo=3499, routed)        0.566     1.830    u_soc/u_gpu/u_disp/sys_clk
    SLICE_X47Y53         FDCE                                         r  u_soc/u_gpu/u_disp/core_pang_reg[0][11]/C
  -------------------------------------------------------------------    -------------------
    SLICE_X47Y53         FDCE (Prop_fdce_C_Q)         0.141     1.971 r  u_soc/u_gpu/u_disp/core_pang_reg[0][11]/Q
                         net (fo=4, routed)           0.259     2.230    u_soc/u_gpu/gen_cores[0].u_core/ang_r_reg[30]_0[11]
    SLICE_X53Y59         FDCE                                         r  u_soc/u_gpu/gen_cores[0].u_core/ang_r_reg[11]/D
  -------------------------------------------------------------------    -------------------

                         (clock sys_clk_raw rise edge)
                                                      0.000     0.000 r  
    E3                                                0.000     0.000 r  sys_clk_in (IN)
                         net (fo=0)                   0.000     0.000    sys_clk_in
    E3                   IBUF (Prop_ibuf_I_O)         0.438     0.438 r  sys_clk_in_IBUF_inst/O
                         net (fo=1, routed)           0.480     0.918    sys_clk_in_IBUF
    MMCME2_ADV_X1Y2      MMCME2_ADV (Prop_mmcme2_adv_CLKIN1_CLKOUT1)
                                                      0.053     0.971 r  u_mmcm/CLKOUT1
                         net (fo=1, routed)           0.544     1.514    sys_clk_raw
    BUFGCTRL_X0Y16       BUFG (Prop_bufg_I_O)         0.029     1.543 r  u_bufg_sys/O
                         net (fo=3499, routed)        0.833     2.376    u_soc/u_gpu/gen_cores[0].u_core/sys_clk
    SLICE_X53Y59         FDCE                                         r  u_soc/u_gpu/gen_cores[0].u_core/ang_r_reg[11]/C
                         clock pessimism             -0.283     2.092    
    SLICE_X53Y59         FDCE (Hold_fdce_C_D)         0.070     2.162    u_soc/u_gpu/gen_cores[0].u_core/ang_r_reg[11]
  -------------------------------------------------------------------
                         required time                         -2.162    
                         arrival time                           2.230    
  -------------------------------------------------------------------
                         slack                                  0.068    

Slack (MET) :             0.070ns  (arrival time - required time)
  Source:                 u_soc/u_fabric/FSM_onehot_r_state_reg[0]/C
                            (rising edge-triggered cell FDPE clocked by sys_clk_raw  {rise@0.000ns fall@7.692ns period=15.385ns})
  Destination:            u_soc/u_fabric/r_slave_reg[1]/D
                            (rising edge-triggered cell FDCE clocked by sys_clk_raw  {rise@0.000ns fall@7.692ns period=15.385ns})
  Path Group:             sys_clk_raw
  Path Type:              Hold (Min at Fast Process Corner)
  Requirement:            0.000ns  (sys_clk_raw rise@0.000ns - sys_clk_raw rise@0.000ns)
  Data Path Delay:        0.498ns  (logic 0.231ns (46.424%)  route 0.267ns (53.576%))
  Logic Levels:           2  (LUT5=1 LUT6=1)
  Clock Path Skew:        0.336ns (DCD - SCD - CPR)
    Destination Clock Delay (DCD):    2.453ns
    Source Clock Delay      (SCD):    1.833ns
    Clock Pessimism Removal (CPR):    0.283ns

    Location             Delay type                Incr(ns)  Path(ns)    Netlist Resource(s)
  -------------------------------------------------------------------    -------------------
                         (clock sys_clk_raw rise edge)
                                                      0.000     0.000 r  
    E3                                                0.000     0.000 r  sys_clk_in (IN)
                         net (fo=0)                   0.000     0.000    sys_clk_in
    E3                   IBUF (Prop_ibuf_I_O)         0.250     0.250 r  sys_clk_in_IBUF_inst/O
                         net (fo=1, routed)           0.440     0.690    sys_clk_in_IBUF
    MMCME2_ADV_X1Y2      MMCME2_ADV (Prop_mmcme2_adv_CLKIN1_CLKOUT1)
                                                      0.050     0.740 r  u_mmcm/CLKOUT1
                         net (fo=1, routed)           0.499     1.239    sys_clk_raw
    BUFGCTRL_X0Y16       BUFG (Prop_bufg_I_O)         0.026     1.265 r  u_bufg_sys/O
                         net (fo=3499, routed)        0.569     1.833    u_soc/u_fabric/sys_clk
    SLICE_X67Y50         FDPE                                         r  u_soc/u_fabric/FSM_onehot_r_state_reg[0]/C
  -------------------------------------------------------------------    -------------------
    SLICE_X67Y50         FDPE (Prop_fdpe_C_Q)         0.141     1.974 r  u_soc/u_fabric/FSM_onehot_r_state_reg[0]/Q
                         net (fo=5, routed)           0.089     2.063    u_soc/gen_real_cpu.u_cpu/picorv32_core/r_last_grant_reg_1
    SLICE_X66Y50         LUT5 (Prop_lut5_I4_O)        0.045     2.108 r  u_soc/gen_real_cpu.u_cpu/picorv32_core/r_slave[1]_i_3/O
                         net (fo=3, routed)           0.178     2.286    u_soc/gen_real_cpu.u_cpu/picorv32_core/r_slave[0]
    SLICE_X63Y49         LUT6 (Prop_lut6_I4_O)        0.045     2.331 r  u_soc/gen_real_cpu.u_cpu/picorv32_core/r_slave[1]_i_1/O
                         net (fo=1, routed)           0.000     2.331    u_soc/u_fabric/r_slave_reg[1]_1
    SLICE_X63Y49         FDCE                                         r  u_soc/u_fabric/r_slave_reg[1]/D
  -------------------------------------------------------------------    -------------------

                         (clock sys_clk_raw rise edge)
                                                      0.000     0.000 r  
    E3                                                0.000     0.000 r  sys_clk_in (IN)
                         net (fo=0)                   0.000     0.000    sys_clk_in
    E3                   IBUF (Prop_ibuf_I_O)         0.438     0.438 r  sys_clk_in_IBUF_inst/O
                         net (fo=1, routed)           0.480     0.918    sys_clk_in_IBUF
    MMCME2_ADV_X1Y2      MMCME2_ADV (Prop_mmcme2_adv_CLKIN1_CLKOUT1)
                                                      0.053     0.971 r  u_mmcm/CLKOUT1
                         net (fo=1, routed)           0.544     1.514    sys_clk_raw
    BUFGCTRL_X0Y16       BUFG (Prop_bufg_I_O)         0.029     1.543 r  u_bufg_sys/O
                         net (fo=3499, routed)        0.910     2.453    u_soc/u_fabric/sys_clk
    SLICE_X63Y49         FDCE                                         r  u_soc/u_fabric/r_slave_reg[1]/C
                         clock pessimism             -0.283     2.169    
    SLICE_X63Y49         FDCE (Hold_fdce_C_D)         0.092     2.261    u_soc/u_fabric/r_slave_reg[1]
  -------------------------------------------------------------------
                         required time                         -2.261    
                         arrival time                           2.331    
  -------------------------------------------------------------------
                         slack                                  0.070    

Slack (MET) :             0.072ns  (arrival time - required time)
  Source:                 u_soc/u_fabric/FSM_onehot_r_state_reg[0]/C
                            (rising edge-triggered cell FDPE clocked by sys_clk_raw  {rise@0.000ns fall@7.692ns period=15.385ns})
  Destination:            u_soc/u_fabric/r_slave_reg[0]/D
                            (rising edge-triggered cell FDCE clocked by sys_clk_raw  {rise@0.000ns fall@7.692ns period=15.385ns})
  Path Group:             sys_clk_raw
  Path Type:              Hold (Min at Fast Process Corner)
  Requirement:            0.000ns  (sys_clk_raw rise@0.000ns - sys_clk_raw rise@0.000ns)
  Data Path Delay:        0.499ns  (logic 0.231ns (46.331%)  route 0.268ns (53.669%))
  Logic Levels:           2  (LUT5=1 LUT6=1)
  Clock Path Skew:        0.336ns (DCD - SCD - CPR)
    Destination Clock Delay (DCD):    2.453ns
    Source Clock Delay      (SCD):    1.833ns
    Clock Pessimism Removal (CPR):    0.283ns

    Location             Delay type                Incr(ns)  Path(ns)    Netlist Resource(s)
  -------------------------------------------------------------------    -------------------
                         (clock sys_clk_raw rise edge)
                                                      0.000     0.000 r  
    E3                                                0.000     0.000 r  sys_clk_in (IN)
                         net (fo=0)                   0.000     0.000    sys_clk_in
    E3                   IBUF (Prop_ibuf_I_O)         0.250     0.250 r  sys_clk_in_IBUF_inst/O
                         net (fo=1, routed)           0.440     0.690    sys_clk_in_IBUF
    MMCME2_ADV_X1Y2      MMCME2_ADV (Prop_mmcme2_adv_CLKIN1_CLKOUT1)
                                                      0.050     0.740 r  u_mmcm/CLKOUT1
                         net (fo=1, routed)           0.499     1.239    sys_clk_raw
    BUFGCTRL_X0Y16       BUFG (Prop_bufg_I_O)         0.026     1.265 r  u_bufg_sys/O
                         net (fo=3499, routed)        0.569     1.833    u_soc/u_fabric/sys_clk
    SLICE_X67Y50         FDPE                                         r  u_soc/u_fabric/FSM_onehot_r_state_reg[0]/C
  -------------------------------------------------------------------    -------------------
    SLICE_X67Y50         FDPE (Prop_fdpe_C_Q)         0.141     1.974 r  u_soc/u_fabric/FSM_onehot_r_state_reg[0]/Q
                         net (fo=5, routed)           0.089     2.063    u_soc/gen_real_cpu.u_cpu/picorv32_core/r_last_grant_reg_1
    SLICE_X66Y50         LUT5 (Prop_lut5_I4_O)        0.045     2.108 r  u_soc/gen_real_cpu.u_cpu/picorv32_core/r_slave[1]_i_3/O
                         net (fo=3, routed)           0.179     2.287    u_soc/gen_real_cpu.u_cpu/picorv32_core/r_slave[0]
    SLICE_X63Y49         LUT6 (Prop_lut6_I4_O)        0.045     2.332 r  u_soc/gen_real_cpu.u_cpu/picorv32_core/r_slave[0]_i_1/O
                         net (fo=1, routed)           0.000     2.332    u_soc/u_fabric/r_slave_reg[0]_12
    SLICE_X63Y49         FDCE                                         r  u_soc/u_fabric/r_slave_reg[0]/D
  -------------------------------------------------------------------    -------------------

                         (clock sys_clk_raw rise edge)
                                                      0.000     0.000 r  
    E3                                                0.000     0.000 r  sys_clk_in (IN)
                         net (fo=0)                   0.000     0.000    sys_clk_in
    E3                   IBUF (Prop_ibuf_I_O)         0.438     0.438 r  sys_clk_in_IBUF_inst/O
                         net (fo=1, routed)           0.480     0.918    sys_clk_in_IBUF
    MMCME2_ADV_X1Y2      MMCME2_ADV (Prop_mmcme2_adv_CLKIN1_CLKOUT1)
                                                      0.053     0.971 r  u_mmcm/CLKOUT1
                         net (fo=1, routed)           0.544     1.514    sys_clk_raw
    BUFGCTRL_X0Y16       BUFG (Prop_bufg_I_O)         0.029     1.543 r  u_bufg_sys/O
                         net (fo=3499, routed)        0.910     2.453    u_soc/u_fabric/sys_clk
    SLICE_X63Y49         FDCE                                         r  u_soc/u_fabric/r_slave_reg[0]/C
                         clock pessimism             -0.283     2.169    
    SLICE_X63Y49         FDCE (Hold_fdce_C_D)         0.091     2.260    u_soc/u_fabric/r_slave_reg[0]
  -------------------------------------------------------------------
                         required time                         -2.260    
                         arrival time                           2.332    
  -------------------------------------------------------------------
                         slack                                  0.072    

Slack (MET) :             0.074ns  (arrival time - required time)
  Source:                 u_soc/u_gpu/gen_cores[2].u_core/u_height_div/result_reg[16]/C
                            (rising edge-triggered cell FDCE clocked by sys_clk_raw  {rise@0.000ns fall@7.692ns period=15.385ns})
  Destination:            u_soc/u_gpu/gen_cores[2].u_core/wall_height_reg[0]/D
                            (rising edge-triggered cell FDCE clocked by sys_clk_raw  {rise@0.000ns fall@7.692ns period=15.385ns})
  Path Group:             sys_clk_raw
  Path Type:              Hold (Min at Fast Process Corner)
  Requirement:            0.000ns  (sys_clk_raw rise@0.000ns - sys_clk_raw rise@0.000ns)
  Data Path Delay:        0.432ns  (logic 0.186ns (43.066%)  route 0.246ns (56.934%))
  Logic Levels:           1  (LUT4=1)
  Clock Path Skew:        0.267ns (DCD - SCD - CPR)
    Destination Clock Delay (DCD):    2.370ns
    Source Clock Delay      (SCD):    1.819ns
    Clock Pessimism Removal (CPR):    0.283ns

    Location             Delay type                Incr(ns)  Path(ns)    Netlist Resource(s)
  -------------------------------------------------------------------    -------------------
                         (clock sys_clk_raw rise edge)
                                                      0.000     0.000 r  
    E3                                                0.000     0.000 r  sys_clk_in (IN)
                         net (fo=0)                   0.000     0.000    sys_clk_in
    E3                   IBUF (Prop_ibuf_I_O)         0.250     0.250 r  sys_clk_in_IBUF_inst/O
                         net (fo=1, routed)           0.440     0.690    sys_clk_in_IBUF
    MMCME2_ADV_X1Y2      MMCME2_ADV (Prop_mmcme2_adv_CLKIN1_CLKOUT1)
                                                      0.050     0.740 r  u_mmcm/CLKOUT1
                         net (fo=1, routed)           0.499     1.239    sys_clk_raw
    BUFGCTRL_X0Y16       BUFG (Prop_bufg_I_O)         0.026     1.265 r  u_bufg_sys/O
                         net (fo=3499, routed)        0.555     1.819    u_soc/u_gpu/gen_cores[2].u_core/u_height_div/sys_clk
    SLICE_X52Y79         FDCE                                         r  u_soc/u_gpu/gen_cores[2].u_core/u_height_div/result_reg[16]/C
  -------------------------------------------------------------------    -------------------
    SLICE_X52Y79         FDCE (Prop_fdce_C_Q)         0.141     1.960 r  u_soc/u_gpu/gen_cores[2].u_core/u_height_div/result_reg[16]/Q
                         net (fo=1, routed)           0.246     2.206    u_soc/u_gpu/gen_cores[2].u_core/u_height_div/height_result[16]
    SLICE_X49Y80         LUT4 (Prop_lut4_I1_O)        0.045     2.251 r  u_soc/u_gpu/gen_cores[2].u_core/u_height_div/wall_height[0]_i_1__1/O
                         net (fo=1, routed)           0.000     2.251    u_soc/u_gpu/gen_cores[2].u_core/u_height_div_n_4
    SLICE_X49Y80         FDCE                                         r  u_soc/u_gpu/gen_cores[2].u_core/wall_height_reg[0]/D
  -------------------------------------------------------------------    -------------------

                         (clock sys_clk_raw rise edge)
                                                      0.000     0.000 r  
    E3                                                0.000     0.000 r  sys_clk_in (IN)
                         net (fo=0)                   0.000     0.000    sys_clk_in
    E3                   IBUF (Prop_ibuf_I_O)         0.438     0.438 r  sys_clk_in_IBUF_inst/O
                         net (fo=1, routed)           0.480     0.918    sys_clk_in_IBUF
    MMCME2_ADV_X1Y2      MMCME2_ADV (Prop_mmcme2_adv_CLKIN1_CLKOUT1)
                                                      0.053     0.971 r  u_mmcm/CLKOUT1
                         net (fo=1, routed)           0.544     1.514    sys_clk_raw
    BUFGCTRL_X0Y16       BUFG (Prop_bufg_I_O)         0.029     1.543 r  u_bufg_sys/O
                         net (fo=3499, routed)        0.827     2.370    u_soc/u_gpu/gen_cores[2].u_core/sys_clk
    SLICE_X49Y80         FDCE                                         r  u_soc/u_gpu/gen_cores[2].u_core/wall_height_reg[0]/C
                         clock pessimism             -0.283     2.086    
    SLICE_X49Y80         FDCE (Hold_fdce_C_D)         0.091     2.177    u_soc/u_gpu/gen_cores[2].u_core/wall_height_reg[0]
  -------------------------------------------------------------------
                         required time                         -2.177    
                         arrival time                           2.251    
  -------------------------------------------------------------------
                         slack                                  0.074    





Pulse Width Checks
--------------------------------------------------------------------------------------
Clock Name:         sys_clk_raw
Waveform(ns):       { 0.000 7.692 }
Period(ns):         15.385
Sources:            { u_mmcm/CLKOUT1 }

Check Type        Corner  Lib Pin             Reference Pin  Required(ns)  Actual(ns)  Slack(ns)  Location         Pin
Min Period        n/a     DSP48E1/CLK         n/a            3.884         15.385      11.501     DSP48_X2Y15      u_soc/gen_real_cpu.u_cpu/picorv32_core/pcpi_mul/rd_reg/CLK
Min Period        n/a     DSP48E1/CLK         n/a            3.884         15.385      11.501     DSP48_X2Y13      u_soc/gen_real_cpu.u_cpu/picorv32_core/pcpi_mul/rd_reg__0/CLK
Min Period        n/a     RAMB36E1/CLKARDCLK  n/a            3.363         15.385      12.022     RAMB36_X2Y1      u_soc/bram_reg_0_0_0/CLKARDCLK
Min Period        n/a     RAMB36E1/CLKARDCLK  n/a            3.363         15.385      12.022     RAMB36_X2Y3      u_soc/bram_reg_0_0_1/CLKARDCLK
Min Period        n/a     RAMB36E1/CLKARDCLK  n/a            3.363         15.385      12.022     RAMB36_X2Y5      u_soc/bram_reg_0_0_2/CLKARDCLK
Min Period        n/a     RAMB36E1/CLKARDCLK  n/a            3.363         15.385      12.022     RAMB36_X1Y0      u_soc/bram_reg_0_0_3/CLKARDCLK
Min Period        n/a     RAMB36E1/CLKARDCLK  n/a            3.363         15.385      12.022     RAMB36_X1Y2      u_soc/bram_reg_0_0_4/CLKARDCLK
Min Period        n/a     RAMB36E1/CLKARDCLK  n/a            3.363         15.385      12.022     RAMB36_X1Y6      u_soc/bram_reg_0_0_5/CLKARDCLK
Min Period        n/a     RAMB36E1/CLKARDCLK  n/a            3.363         15.385      12.022     RAMB36_X1Y8      u_soc/bram_reg_0_0_6/CLKARDCLK
Min Period        n/a     RAMB36E1/CLKARDCLK  n/a            3.363         15.385      12.022     RAMB36_X1Y10     u_soc/bram_reg_0_0_7/CLKARDCLK
Max Period        n/a     MMCME2_ADV/CLKOUT1  n/a            213.360       15.385      197.975    MMCME2_ADV_X1Y2  u_mmcm/CLKOUT1
Low Pulse Width   Slow    RAMD32/CLK          n/a            1.250         7.692       6.442      SLICE_X56Y30     u_soc/gen_real_cpu.u_cpu/picorv32_core/cpuregs_reg_r1_0_31_0_5/RAMA/CLK
Low Pulse Width   Fast    RAMD32/CLK          n/a            1.250         7.692       6.442      SLICE_X56Y30     u_soc/gen_real_cpu.u_cpu/picorv32_core/cpuregs_reg_r1_0_31_0_5/RAMA/CLK
Low Pulse Width   Slow    RAMD32/CLK          n/a            1.250         7.692       6.442      SLICE_X56Y30     u_soc/gen_real_cpu.u_cpu/picorv32_core/cpuregs_reg_r1_0_31_0_5/RAMA_D1/CLK
Low Pulse Width   Fast    RAMD32/CLK          n/a            1.250         7.692       6.442      SLICE_X56Y30     u_soc/gen_real_cpu.u_cpu/picorv32_core/cpuregs_reg_r1_0_31_0_5/RAMA_D1/CLK
Low Pulse Width   Slow    RAMD32/CLK          n/a            1.250         7.692       6.442      SLICE_X56Y30     u_soc/gen_real_cpu.u_cpu/picorv32_core/cpuregs_reg_r1_0_31_0_5/RAMB/CLK
Low Pulse Width   Fast    RAMD32/CLK          n/a            1.250         7.692       6.442      SLICE_X56Y30     u_soc/gen_real_cpu.u_cpu/picorv32_core/cpuregs_reg_r1_0_31_0_5/RAMB/CLK
Low Pulse Width   Slow    RAMD32/CLK          n/a            1.250         7.692       6.442      SLICE_X56Y30     u_soc/gen_real_cpu.u_cpu/picorv32_core/cpuregs_reg_r1_0_31_0_5/RAMB_D1/CLK
Low Pulse Width   Fast    RAMD32/CLK          n/a            1.250         7.692       6.442      SLICE_X56Y30     u_soc/gen_real_cpu.u_cpu/picorv32_core/cpuregs_reg_r1_0_31_0_5/RAMB_D1/CLK
Low Pulse Width   Slow    RAMD32/CLK          n/a            1.250         7.692       6.442      SLICE_X56Y30     u_soc/gen_real_cpu.u_cpu/picorv32_core/cpuregs_reg_r1_0_31_0_5/RAMC/CLK
Low Pulse Width   Fast    RAMD32/CLK          n/a            1.250         7.692       6.442      SLICE_X56Y30     u_soc/gen_real_cpu.u_cpu/picorv32_core/cpuregs_reg_r1_0_31_0_5/RAMC/CLK
High Pulse Width  Slow    RAMD32/CLK          n/a            1.250         7.692       6.442      SLICE_X56Y30     u_soc/gen_real_cpu.u_cpu/picorv32_core/cpuregs_reg_r1_0_31_0_5/RAMA/CLK
High Pulse Width  Fast    RAMD32/CLK          n/a            1.250         7.692       6.442      SLICE_X56Y30     u_soc/gen_real_cpu.u_cpu/picorv32_core/cpuregs_reg_r1_0_31_0_5/RAMA/CLK
High Pulse Width  Slow    RAMD32/CLK          n/a            1.250         7.692       6.442      SLICE_X56Y30     u_soc/gen_real_cpu.u_cpu/picorv32_core/cpuregs_reg_r1_0_31_0_5/RAMA_D1/CLK
High Pulse Width  Fast    RAMD32/CLK          n/a            1.250         7.692       6.442      SLICE_X56Y30     u_soc/gen_real_cpu.u_cpu/picorv32_core/cpuregs_reg_r1_0_31_0_5/RAMA_D1/CLK
High Pulse Width  Slow    RAMD32/CLK          n/a            1.250         7.692       6.442      SLICE_X56Y30     u_soc/gen_real_cpu.u_cpu/picorv32_core/cpuregs_reg_r1_0_31_0_5/RAMB/CLK
High Pulse Width  Fast    RAMD32/CLK          n/a            1.250         7.692       6.442      SLICE_X56Y30     u_soc/gen_real_cpu.u_cpu/picorv32_core/cpuregs_reg_r1_0_31_0_5/RAMB/CLK
High Pulse Width  Slow    RAMD32/CLK          n/a            1.250         7.692       6.442      SLICE_X56Y30     u_soc/gen_real_cpu.u_cpu/picorv32_core/cpuregs_reg_r1_0_31_0_5/RAMB_D1/CLK
High Pulse Width  Fast    RAMD32/CLK          n/a            1.250         7.692       6.442      SLICE_X56Y30     u_soc/gen_real_cpu.u_cpu/picorv32_core/cpuregs_reg_r1_0_31_0_5/RAMB_D1/CLK
High Pulse Width  Slow    RAMD32/CLK          n/a            1.250         7.692       6.442      SLICE_X56Y30     u_soc/gen_real_cpu.u_cpu/picorv32_core/cpuregs_reg_r1_0_31_0_5/RAMC/CLK
High Pulse Width  Fast    RAMD32/CLK          n/a            1.250         7.692       6.442      SLICE_X56Y30     u_soc/gen_real_cpu.u_cpu/picorv32_core/cpuregs_reg_r1_0_31_0_5/RAMC/CLK



