Copyright 1986-2022 Xilinx, Inc. All Rights Reserved. Copyright 2022-2025 Advanced Micro Devices, Inc. All Rights Reserved.
---------------------------------------------------------------------------------------------------------------------------------------------
| Tool Version : Vivado v.2025.2 (lin64) Build 6299465 Fri Nov 14 12:34:56 MST 2025
| Date         : Sat Jun 13 13:10:13 2026
| Host         : ian running 64-bit Ubuntu 24.04.3 LTS
| Command      : report_timing_summary -file synth/out/timing_summary.rpt -max_paths 10
| Design       : fpga_top
| Device       : 7a100t-csg324
| Speed File   : -1  PRODUCTION 1.23 2018-06-13
| Design State : Synthesized
---------------------------------------------------------------------------------------------------------------------------------------------

Timing Summary Report

------------------------------------------------------------------------------------------------
| Timer Settings
| --------------
------------------------------------------------------------------------------------------------

  Enable Multi Corner Analysis               :  Yes
  Enable Pessimism Removal                   :  Yes
  Pessimism Removal Resolution               :  Nearest Common Node
  Enable Input Delay Default Clock           :  No
  Enable Preset / Clear Arcs                 :  No
  Disable Flight Delays                      :  No
  Ignore I/O Paths                           :  No
  Timing Early Launch at Borrowing Latches   :  No
  Borrow Time for Max Delay Exceptions       :  Yes
  Merge Timing Exceptions                    :  Yes
  Inter-SLR Compensation                     :  Conservative

  Corner  Analyze    Analyze    
  Name    Max Paths  Min Paths  
  ------  ---------  ---------  
  Slow    Yes        Yes        
  Fast    Yes        Yes        


------------------------------------------------------------------------------------------------
| Report Methodology
| ------------------
------------------------------------------------------------------------------------------------

No report available as report_methodology has not been run prior. Run report_methodology on the current design for the summary of methodology violations.



check_timing report

Table of Contents
-----------------
1. checking no_clock (0)
2. checking constant_clock (0)
3. checking pulse_width_clock (0)
4. checking unconstrained_internal_endpoints (0)
5. checking no_input_delay (1)
6. checking no_output_delay (14)
7. checking multiple_clock (0)
8. checking generated_clocks (0)
9. checking loops (0)
10. checking partial_input_delay (0)
11. checking partial_output_delay (0)
12. checking latch_loops (0)

1. checking no_clock (0)
------------------------
 There are 0 register/latch pins with no clock.


2. checking constant_clock (0)
------------------------------
 There are 0 register/latch pins with constant_clock.


3. checking pulse_width_clock (0)
---------------------------------
 There are 0 register/latch pins which need pulse_width check


4. checking unconstrained_internal_endpoints (0)
------------------------------------------------
 There are 0 pins that are not constrained for maximum delay.

 There are 0 pins that are not constrained for maximum delay due to constant clock.


5. checking no_input_delay (1)
------------------------------
 There is 1 input port with no input delay specified. (HIGH)

 There are 0 input ports with no input delay but user has a false path constraint.


6. checking no_output_delay (14)
--------------------------------
 There are 14 ports with no output delay specified. (HIGH)

 There are 0 ports with no output delay but user has a false path constraint

 There are 0 ports with no output delay but with a timing clock defined on it or propagating through it


7. checking multiple_clock (0)
------------------------------
 There are 0 register/latch pins with multiple clocks.


8. checking generated_clocks (0)
--------------------------------
 There are 0 generated clocks that are not connected to a clock source.


9. checking loops (0)
---------------------
 There are 0 combinational loops in the design.


10. checking partial_input_delay (0)
------------------------------------
 There are 0 input ports with partial input delay specified.


11. checking partial_output_delay (0)
-------------------------------------
 There are 0 ports with partial output delay specified.


12. checking latch_loops (0)
----------------------------
 There are 0 combinational latch loops in the design through latch input



------------------------------------------------------------------------------------------------
| Design Timing Summary
| ---------------------
------------------------------------------------------------------------------------------------

    WNS(ns)      TNS(ns)  TNS Failing Endpoints  TNS Total Endpoints      WHS(ns)      THS(ns)  THS Failing Endpoints  THS Total Endpoints     WPWS(ns)     TPWS(ns)  TPWS Failing Endpoints  TPWS Total Endpoints  
    -------      -------  ---------------------  -------------------      -------      -------  ---------------------  -------------------     --------     --------  ----------------------  --------------------  
      1.136        0.000                      0                 5680        0.070        0.000                      0                 5680        3.000        0.000                       0                  1869  


All user specified timing constraints are met.


------------------------------------------------------------------------------------------------
| Clock Summary
| -------------
------------------------------------------------------------------------------------------------

Clock          Waveform(ns)       Period(ns)      Frequency(MHz)
-----          ------------       ----------      --------------
sys_clk_pin    {0.000 5.000}      10.000          100.000         
  clkfb        {0.000 5.000}      10.000          100.000         
  pix_clk_raw  {0.000 20.000}     40.000          25.000          
  sys_clk_raw  {0.000 7.692}      15.385          65.000          


------------------------------------------------------------------------------------------------
| Intra Clock Table
| -----------------
------------------------------------------------------------------------------------------------

Clock              WNS(ns)      TNS(ns)  TNS Failing Endpoints  TNS Total Endpoints      WHS(ns)      THS(ns)  THS Failing Endpoints  THS Total Endpoints     WPWS(ns)     TPWS(ns)  TPWS Failing Endpoints  TPWS Total Endpoints  
-----              -------      -------  ---------------------  -------------------      -------      -------  ---------------------  -------------------     --------     --------  ----------------------  --------------------  
sys_clk_pin                                                                                                                                                      3.000        0.000                       0                     1  
  clkfb                                                                                                                                                          8.751        0.000                       0                     2  
  pix_clk_raw       35.983        0.000                      0                   85        0.147        0.000                      0                   85       19.500        0.000                       0                    57  
  sys_clk_raw        1.136        0.000                      0                 5595        0.070        0.000                      0                 5595        7.192        0.000                       0                  1809  


------------------------------------------------------------------------------------------------
| Inter Clock Table
| -----------------
------------------------------------------------------------------------------------------------

From Clock    To Clock          WNS(ns)      TNS(ns)  TNS Failing Endpoints  TNS Total Endpoints      WHS(ns)      THS(ns)  THS Failing Endpoints  THS Total Endpoints  
----------    --------          -------      -------  ---------------------  -------------------      -------      -------  ---------------------  -------------------  


------------------------------------------------------------------------------------------------
| Other Path Groups Table
| -----------------------
------------------------------------------------------------------------------------------------

Path Group    From Clock    To Clock          WNS(ns)      TNS(ns)  TNS Failing Endpoints  TNS Total Endpoints      WHS(ns)      THS(ns)  THS Failing Endpoints  THS Total Endpoints  
----------    ----------    --------          -------      -------  ---------------------  -------------------      -------      -------  ---------------------  -------------------  


------------------------------------------------------------------------------------------------
| Timing Details
| --------------
------------------------------------------------------------------------------------------------


---------------------------------------------------------------------------------------------------
From Clock:  sys_clk_pin
  To Clock:  sys_clk_pin

Setup :           NA  Failing Endpoints,  Worst Slack           NA  ,  Total Violation           NA
Hold  :           NA  Failing Endpoints,  Worst Slack           NA  ,  Total Violation           NA
PW    :            0  Failing Endpoints,  Worst Slack        3.000ns,  Total Violation        0.000ns
---------------------------------------------------------------------------------------------------


Pulse Width Checks
--------------------------------------------------------------------------------------
Clock Name:         sys_clk_pin
Waveform(ns):       { 0.000 5.000 }
Period(ns):         10.000
Sources:            { sys_clk_in }

Check Type        Corner  Lib Pin            Reference Pin  Required(ns)  Actual(ns)  Slack(ns)  Location  Pin
Min Period        n/a     MMCME2_ADV/CLKIN1  n/a            1.249         10.000      8.751                u_mmcm/CLKIN1
Max Period        n/a     MMCME2_ADV/CLKIN1  n/a            100.000       10.000      90.000               u_mmcm/CLKIN1
Low Pulse Width   Slow    MMCME2_ADV/CLKIN1  n/a            2.000         5.000       3.000                u_mmcm/CLKIN1
Low Pulse Width   Fast    MMCME2_ADV/CLKIN1  n/a            2.000         5.000       3.000                u_mmcm/CLKIN1
High Pulse Width  Slow    MMCME2_ADV/CLKIN1  n/a            2.000         5.000       3.000                u_mmcm/CLKIN1
High Pulse Width  Fast    MMCME2_ADV/CLKIN1  n/a            2.000         5.000       3.000                u_mmcm/CLKIN1



---------------------------------------------------------------------------------------------------
From Clock:  clkfb
  To Clock:  clkfb

Setup :           NA  Failing Endpoints,  Worst Slack           NA  ,  Total Violation           NA
Hold  :           NA  Failing Endpoints,  Worst Slack           NA  ,  Total Violation           NA
PW    :            0  Failing Endpoints,  Worst Slack        8.751ns,  Total Violation        0.000ns
---------------------------------------------------------------------------------------------------


Pulse Width Checks
--------------------------------------------------------------------------------------
Clock Name:         clkfb
Waveform(ns):       { 0.000 5.000 }
Period(ns):         10.000
Sources:            { u_mmcm/CLKFBOUT }

Check Type  Corner  Lib Pin              Reference Pin  Required(ns)  Actual(ns)  Slack(ns)  Location  Pin
Min Period  n/a     MMCME2_ADV/CLKFBOUT  n/a            1.249         10.000      8.751                u_mmcm/CLKFBOUT
Min Period  n/a     MMCME2_ADV/CLKFBIN   n/a            1.249         10.000      8.751                u_mmcm/CLKFBIN
Max Period  n/a     MMCME2_ADV/CLKFBIN   n/a            100.000       10.000      90.000               u_mmcm/CLKFBIN
Max Period  n/a     MMCME2_ADV/CLKFBOUT  n/a            213.360       10.000      203.360              u_mmcm/CLKFBOUT



---------------------------------------------------------------------------------------------------
From Clock:  pix_clk_raw
  To Clock:  pix_clk_raw

Setup :            0  Failing Endpoints,  Worst Slack       35.983ns,  Total Violation        0.000ns
Hold  :            0  Failing Endpoints,  Worst Slack        0.147ns,  Total Violation        0.000ns
PW    :            0  Failing Endpoints,  Worst Slack       19.500ns,  Total Violation        0.000ns
---------------------------------------------------------------------------------------------------


Max Delay Paths
--------------------------------------------------------------------------------------
Slack (MET) :             35.983ns  (required time - arrival time)
  Source:                 u_soc/u_vga/u_vga_sync/v_count_reg[4]/C
                            (rising edge-triggered cell FDCE clocked by pix_clk_raw  {rise@0.000ns fall@20.000ns period=40.000ns})
  Destination:            u_soc/u_vga/fb_addr_0_reg[9]/D
                            (rising edge-triggered cell FDCE clocked by pix_clk_raw  {rise@0.000ns fall@20.000ns period=40.000ns})
  Path Group:             pix_clk_raw
  Path Type:              Setup (Max at Slow Process Corner)
  Requirement:            40.000ns  (pix_clk_raw rise@40.000ns - pix_clk_raw rise@0.000ns)
  Data Path Delay:        3.848ns  (logic 2.331ns (60.577%)  route 1.517ns (39.423%))
  Logic Levels:           3  (CARRY4=3)
  Clock Path Skew:        -0.145ns (DCD - SCD + CPR)
    Destination Clock Delay (DCD):    3.226ns = ( 43.226 - 40.000 ) 
    Source Clock Delay      (SCD):    3.637ns
    Clock Pessimism Removal (CPR):    0.266ns
  Clock Uncertainty:      0.100ns  ((TSJ^2 + DJ^2)^1/2) / 2 + PE
    Total System Jitter     (TSJ):    0.071ns
    Discrete Jitter          (DJ):    0.187ns
    Phase Error              (PE):    0.000ns

    Location             Delay type                Incr(ns)  Path(ns)    Netlist Resource(s)
  -------------------------------------------------------------------    -------------------
                         (clock pix_clk_raw rise edge)
                                                      0.000     0.000 r  
    E3                                                0.000     0.000 r  sys_clk_in (IN)
                         net (fo=0)                   0.000     0.000    sys_clk_in
    E3                   IBUF (Prop_ibuf_I_O)         1.482     1.482 r  sys_clk_in_IBUF_inst/O
                         net (fo=1, unplaced)         0.584     2.066    sys_clk_in_IBUF
                         MMCME2_ADV (Prop_mmcme2_adv_CLKIN1_CLKOUT0)
                                                      0.088     2.154 r  u_mmcm/CLKOUT0
                         net (fo=1, unplaced)         0.803     2.957    pix_clk_raw
                         BUFG (Prop_bufg_I_O)         0.096     3.053 r  u_bufg_pix/O
                         net (fo=55, unplaced)        0.584     3.637    u_soc/u_vga/u_vga_sync/pix_clk
                         FDCE                                         r  u_soc/u_vga/u_vga_sync/v_count_reg[4]/C
  -------------------------------------------------------------------    -------------------
                         FDCE (Prop_fdce_C_Q)         0.478     4.115 r  u_soc/u_vga/u_vga_sync/v_count_reg[4]/Q
                         net (fo=8, unplaced)         0.704     4.819    u_soc/u_vga/u_vga_sync/Q[3]
                         CARRY4 (Prop_carry4_S[0]_O[2])
                                                      0.839     5.658 r  u_soc/u_vga/u_vga_sync/fb_addr_0_reg[11]_i_3/O[2]
                         net (fo=1, unplaced)         0.813     6.471    u_soc/u_vga/u_vga_sync/fb_addr_01[7]
                         CARRY4 (Prop_carry4_S[3]_CO[3])
                                                      0.677     7.148 r  u_soc/u_vga/u_vga_sync/fb_addr_0_reg[7]_i_1/CO[3]
                         net (fo=1, unplaced)         0.000     7.148    u_soc/u_vga/u_vga_sync/fb_addr_0_reg[7]_i_1_n_0
                         CARRY4 (Prop_carry4_CI_O[1])
                                                      0.337     7.485 r  u_soc/u_vga/u_vga_sync/fb_addr_0_reg[11]_i_1/O[1]
                         net (fo=1, unplaced)         0.000     7.485    u_soc/u_vga/fb_addr_00[9]
                         FDCE                                         r  u_soc/u_vga/fb_addr_0_reg[9]/D
  -------------------------------------------------------------------    -------------------

                         (clock pix_clk_raw rise edge)
                                                     40.000    40.000 r  
    E3                                                0.000    40.000 r  sys_clk_in (IN)
                         net (fo=0)                   0.000    40.000    sys_clk_in
    E3                   IBUF (Prop_ibuf_I_O)         1.411    41.411 r  sys_clk_in_IBUF_inst/O
                         net (fo=1, unplaced)         0.439    41.850    sys_clk_in_IBUF
                         MMCME2_ADV (Prop_mmcme2_adv_CLKIN1_CLKOUT0)
                                                      0.083    41.933 r  u_mmcm/CLKOUT0
                         net (fo=1, unplaced)         0.763    42.696    pix_clk_raw
                         BUFG (Prop_bufg_I_O)         0.091    42.787 r  u_bufg_pix/O
                         net (fo=55, unplaced)        0.439    43.226    u_soc/u_vga/pix_clk
                         FDCE                                         r  u_soc/u_vga/fb_addr_0_reg[9]/C
                         clock pessimism              0.266    43.492    
                         clock uncertainty           -0.100    43.392    
                         FDCE (Setup_fdce_C_D)        0.076    43.468    u_soc/u_vga/fb_addr_0_reg[9]
  -------------------------------------------------------------------
                         required time                         43.468    
                         arrival time                          -7.485    
  -------------------------------------------------------------------
                         slack                                 35.983    

Slack (MET) :             35.989ns  (required time - arrival time)
  Source:                 u_soc/u_vga/u_vga_sync/v_count_reg[4]/C
                            (rising edge-triggered cell FDCE clocked by pix_clk_raw  {rise@0.000ns fall@20.000ns period=40.000ns})
  Destination:            u_soc/u_vga/fb_addr_0_reg[11]/D
                            (rising edge-triggered cell FDCE clocked by pix_clk_raw  {rise@0.000ns fall@20.000ns period=40.000ns})
  Path Group:             pix_clk_raw
  Path Type:              Setup (Max at Slow Process Corner)
  Requirement:            40.000ns  (pix_clk_raw rise@40.000ns - pix_clk_raw rise@0.000ns)
  Data Path Delay:        3.842ns  (logic 2.325ns (60.515%)  route 1.517ns (39.485%))
  Logic Levels:           3  (CARRY4=3)
  Clock Path Skew:        -0.145ns (DCD - SCD + CPR)
    Destination Clock Delay (DCD):    3.226ns = ( 43.226 - 40.000 ) 
    Source Clock Delay      (SCD):    3.637ns
    Clock Pessimism Removal (CPR):    0.266ns
  Clock Uncertainty:      0.100ns  ((TSJ^2 + DJ^2)^1/2) / 2 + PE
    Total System Jitter     (TSJ):    0.071ns
    Discrete Jitter          (DJ):    0.187ns
    Phase Error              (PE):    0.000ns

    Location             Delay type                Incr(ns)  Path(ns)    Netlist Resource(s)
  -------------------------------------------------------------------    -------------------
                         (clock pix_clk_raw rise edge)
                                                      0.000     0.000 r  
    E3                                                0.000     0.000 r  sys_clk_in (IN)
                         net (fo=0)                   0.000     0.000    sys_clk_in
    E3                   IBUF (Prop_ibuf_I_O)         1.482     1.482 r  sys_clk_in_IBUF_inst/O
                         net (fo=1, unplaced)         0.584     2.066    sys_clk_in_IBUF
                         MMCME2_ADV (Prop_mmcme2_adv_CLKIN1_CLKOUT0)
                                                      0.088     2.154 r  u_mmcm/CLKOUT0
                         net (fo=1, unplaced)         0.803     2.957    pix_clk_raw
                         BUFG (Prop_bufg_I_O)         0.096     3.053 r  u_bufg_pix/O
                         net (fo=55, unplaced)        0.584     3.637    u_soc/u_vga/u_vga_sync/pix_clk
                         FDCE                                         r  u_soc/u_vga/u_vga_sync/v_count_reg[4]/C
  -------------------------------------------------------------------    -------------------
                         FDCE (Prop_fdce_C_Q)         0.478     4.115 r  u_soc/u_vga/u_vga_sync/v_count_reg[4]/Q
                         net (fo=8, unplaced)         0.704     4.819    u_soc/u_vga/u_vga_sync/Q[3]
                         CARRY4 (Prop_carry4_S[0]_O[2])
                                                      0.839     5.658 r  u_soc/u_vga/u_vga_sync/fb_addr_0_reg[11]_i_3/O[2]
                         net (fo=1, unplaced)         0.813     6.471    u_soc/u_vga/u_vga_sync/fb_addr_01[7]
                         CARRY4 (Prop_carry4_S[3]_CO[3])
                                                      0.677     7.148 r  u_soc/u_vga/u_vga_sync/fb_addr_0_reg[7]_i_1/CO[3]
                         net (fo=1, unplaced)         0.000     7.148    u_soc/u_vga/u_vga_sync/fb_addr_0_reg[7]_i_1_n_0
                         CARRY4 (Prop_carry4_CI_O[3])
                                                      0.331     7.479 r  u_soc/u_vga/u_vga_sync/fb_addr_0_reg[11]_i_1/O[3]
                         net (fo=1, unplaced)         0.000     7.479    u_soc/u_vga/fb_addr_00[11]
                         FDCE                                         r  u_soc/u_vga/fb_addr_0_reg[11]/D
  -------------------------------------------------------------------    -------------------

                         (clock pix_clk_raw rise edge)
                                                     40.000    40.000 r  
    E3                                                0.000    40.000 r  sys_clk_in (IN)
                         net (fo=0)                   0.000    40.000    sys_clk_in
    E3                   IBUF (Prop_ibuf_I_O)         1.411    41.411 r  sys_clk_in_IBUF_inst/O
                         net (fo=1, unplaced)         0.439    41.850    sys_clk_in_IBUF
                         MMCME2_ADV (Prop_mmcme2_adv_CLKIN1_CLKOUT0)
                                                      0.083    41.933 r  u_mmcm/CLKOUT0
                         net (fo=1, unplaced)         0.763    42.696    pix_clk_raw
                         BUFG (Prop_bufg_I_O)         0.091    42.787 r  u_bufg_pix/O
                         net (fo=55, unplaced)        0.439    43.226    u_soc/u_vga/pix_clk
                         FDCE                                         r  u_soc/u_vga/fb_addr_0_reg[11]/C
                         clock pessimism              0.266    43.492    
                         clock uncertainty           -0.100    43.392    
                         FDCE (Setup_fdce_C_D)        0.076    43.468    u_soc/u_vga/fb_addr_0_reg[11]
  -------------------------------------------------------------------
                         required time                         43.468    
                         arrival time                          -7.479    
  -------------------------------------------------------------------
                         slack                                 35.989    

Slack (MET) :             36.064ns  (required time - arrival time)
  Source:                 u_soc/u_vga/u_vga_sync/v_count_reg[4]/C
                            (rising edge-triggered cell FDCE clocked by pix_clk_raw  {rise@0.000ns fall@20.000ns period=40.000ns})
  Destination:            u_soc/u_vga/fb_addr_0_reg[10]/D
                            (rising edge-triggered cell FDCE clocked by pix_clk_raw  {rise@0.000ns fall@20.000ns period=40.000ns})
  Path Group:             pix_clk_raw
  Path Type:              Setup (Max at Slow Process Corner)
  Requirement:            40.000ns  (pix_clk_raw rise@40.000ns - pix_clk_raw rise@0.000ns)
  Data Path Delay:        3.767ns  (logic 2.250ns (59.729%)  route 1.517ns (40.271%))
  Logic Levels:           3  (CARRY4=3)
  Clock Path Skew:        -0.145ns (DCD - SCD + CPR)
    Destination Clock Delay (DCD):    3.226ns = ( 43.226 - 40.000 ) 
    Source Clock Delay      (SCD):    3.637ns
    Clock Pessimism Removal (CPR):    0.266ns
  Clock Uncertainty:      0.100ns  ((TSJ^2 + DJ^2)^1/2) / 2 + PE
    Total System Jitter     (TSJ):    0.071ns
    Discrete Jitter          (DJ):    0.187ns
    Phase Error              (PE):    0.000ns

    Location             Delay type                Incr(ns)  Path(ns)    Netlist Resource(s)
  -------------------------------------------------------------------    -------------------
                         (clock pix_clk_raw rise edge)
                                                      0.000     0.000 r  
    E3                                                0.000     0.000 r  sys_clk_in (IN)
                         net (fo=0)                   0.000     0.000    sys_clk_in
    E3                   IBUF (Prop_ibuf_I_O)         1.482     1.482 r  sys_clk_in_IBUF_inst/O
                         net (fo=1, unplaced)         0.584     2.066    sys_clk_in_IBUF
                         MMCME2_ADV (Prop_mmcme2_adv_CLKIN1_CLKOUT0)
                                                      0.088     2.154 r  u_mmcm/CLKOUT0
                         net (fo=1, unplaced)         0.803     2.957    pix_clk_raw
                         BUFG (Prop_bufg_I_O)         0.096     3.053 r  u_bufg_pix/O
                         net (fo=55, unplaced)        0.584     3.637    u_soc/u_vga/u_vga_sync/pix_clk
                         FDCE                                         r  u_soc/u_vga/u_vga_sync/v_count_reg[4]/C
  -------------------------------------------------------------------    -------------------
                         FDCE (Prop_fdce_C_Q)         0.478     4.115 r  u_soc/u_vga/u_vga_sync/v_count_reg[4]/Q
                         net (fo=8, unplaced)         0.704     4.819    u_soc/u_vga/u_vga_sync/Q[3]
                         CARRY4 (Prop_carry4_S[0]_O[2])
                                                      0.839     5.658 r  u_soc/u_vga/u_vga_sync/fb_addr_0_reg[11]_i_3/O[2]
                         net (fo=1, unplaced)         0.813     6.471    u_soc/u_vga/u_vga_sync/fb_addr_01[7]
                         CARRY4 (Prop_carry4_S[3]_CO[3])
                                                      0.677     7.148 r  u_soc/u_vga/u_vga_sync/fb_addr_0_reg[7]_i_1/CO[3]
                         net (fo=1, unplaced)         0.000     7.148    u_soc/u_vga/u_vga_sync/fb_addr_0_reg[7]_i_1_n_0
                         CARRY4 (Prop_carry4_CI_O[2])
                                                      0.256     7.404 r  u_soc/u_vga/u_vga_sync/fb_addr_0_reg[11]_i_1/O[2]
                         net (fo=1, unplaced)         0.000     7.404    u_soc/u_vga/fb_addr_00[10]
                         FDCE                                         r  u_soc/u_vga/fb_addr_0_reg[10]/D
  -------------------------------------------------------------------    -------------------

                         (clock pix_clk_raw rise edge)
                                                     40.000    40.000 r  
    E3                                                0.000    40.000 r  sys_clk_in (IN)
                         net (fo=0)                   0.000    40.000    sys_clk_in
    E3                   IBUF (Prop_ibuf_I_O)         1.411    41.411 r  sys_clk_in_IBUF_inst/O
                         net (fo=1, unplaced)         0.439    41.850    sys_clk_in_IBUF
                         MMCME2_ADV (Prop_mmcme2_adv_CLKIN1_CLKOUT0)
                                                      0.083    41.933 r  u_mmcm/CLKOUT0
                         net (fo=1, unplaced)         0.763    42.696    pix_clk_raw
                         BUFG (Prop_bufg_I_O)         0.091    42.787 r  u_bufg_pix/O
                         net (fo=55, unplaced)        0.439    43.226    u_soc/u_vga/pix_clk
                         FDCE                                         r  u_soc/u_vga/fb_addr_0_reg[10]/C
                         clock pessimism              0.266    43.492    
                         clock uncertainty           -0.100    43.392    
                         FDCE (Setup_fdce_C_D)        0.076    43.468    u_soc/u_vga/fb_addr_0_reg[10]
  -------------------------------------------------------------------
                         required time                         43.468    
                         arrival time                          -7.404    
  -------------------------------------------------------------------
                         slack                                 36.064    

Slack (MET) :             36.088ns  (required time - arrival time)
  Source:                 u_soc/u_vga/u_vga_sync/v_count_reg[4]/C
                            (rising edge-triggered cell FDCE clocked by pix_clk_raw  {rise@0.000ns fall@20.000ns period=40.000ns})
  Destination:            u_soc/u_vga/fb_addr_0_reg[8]/D
                            (rising edge-triggered cell FDCE clocked by pix_clk_raw  {rise@0.000ns fall@20.000ns period=40.000ns})
  Path Group:             pix_clk_raw
  Path Type:              Setup (Max at Slow Process Corner)
  Requirement:            40.000ns  (pix_clk_raw rise@40.000ns - pix_clk_raw rise@0.000ns)
  Data Path Delay:        3.743ns  (logic 2.226ns (59.471%)  route 1.517ns (40.529%))
  Logic Levels:           3  (CARRY4=3)
  Clock Path Skew:        -0.145ns (DCD - SCD + CPR)
    Destination Clock Delay (DCD):    3.226ns = ( 43.226 - 40.000 ) 
    Source Clock Delay      (SCD):    3.637ns
    Clock Pessimism Removal (CPR):    0.266ns
  Clock Uncertainty:      0.100ns  ((TSJ^2 + DJ^2)^1/2) / 2 + PE
    Total System Jitter     (TSJ):    0.071ns
    Discrete Jitter          (DJ):    0.187ns
    Phase Error              (PE):    0.000ns

    Location             Delay type                Incr(ns)  Path(ns)    Netlist Resource(s)
  -------------------------------------------------------------------    -------------------
                         (clock pix_clk_raw rise edge)
                                                      0.000     0.000 r  
    E3                                                0.000     0.000 r  sys_clk_in (IN)
                         net (fo=0)                   0.000     0.000    sys_clk_in
    E3                   IBUF (Prop_ibuf_I_O)         1.482     1.482 r  sys_clk_in_IBUF_inst/O
                         net (fo=1, unplaced)         0.584     2.066    sys_clk_in_IBUF
                         MMCME2_ADV (Prop_mmcme2_adv_CLKIN1_CLKOUT0)
                                                      0.088     2.154 r  u_mmcm/CLKOUT0
                         net (fo=1, unplaced)         0.803     2.957    pix_clk_raw
                         BUFG (Prop_bufg_I_O)         0.096     3.053 r  u_bufg_pix/O
                         net (fo=55, unplaced)        0.584     3.637    u_soc/u_vga/u_vga_sync/pix_clk
                         FDCE                                         r  u_soc/u_vga/u_vga_sync/v_count_reg[4]/C
  -------------------------------------------------------------------    -------------------
                         FDCE (Prop_fdce_C_Q)         0.478     4.115 r  u_soc/u_vga/u_vga_sync/v_count_reg[4]/Q
                         net (fo=8, unplaced)         0.704     4.819    u_soc/u_vga/u_vga_sync/Q[3]
                         CARRY4 (Prop_carry4_S[0]_O[2])
                                                      0.839     5.658 r  u_soc/u_vga/u_vga_sync/fb_addr_0_reg[11]_i_3/O[2]
                         net (fo=1, unplaced)         0.813     6.471    u_soc/u_vga/u_vga_sync/fb_addr_01[7]
                         CARRY4 (Prop_carry4_S[3]_CO[3])
                                                      0.677     7.148 r  u_soc/u_vga/u_vga_sync/fb_addr_0_reg[7]_i_1/CO[3]
                         net (fo=1, unplaced)         0.000     7.148    u_soc/u_vga/u_vga_sync/fb_addr_0_reg[7]_i_1_n_0
                         CARRY4 (Prop_carry4_CI_O[0])
                                                      0.232     7.380 r  u_soc/u_vga/u_vga_sync/fb_addr_0_reg[11]_i_1/O[0]
                         net (fo=1, unplaced)         0.000     7.380    u_soc/u_vga/fb_addr_00[8]
                         FDCE                                         r  u_soc/u_vga/fb_addr_0_reg[8]/D
  -------------------------------------------------------------------    -------------------

                         (clock pix_clk_raw rise edge)
                                                     40.000    40.000 r  
    E3                                                0.000    40.000 r  sys_clk_in (IN)
                         net (fo=0)                   0.000    40.000    sys_clk_in
    E3                   IBUF (Prop_ibuf_I_O)         1.411    41.411 r  sys_clk_in_IBUF_inst/O
                         net (fo=1, unplaced)         0.439    41.850    sys_clk_in_IBUF
                         MMCME2_ADV (Prop_mmcme2_adv_CLKIN1_CLKOUT0)
                                                      0.083    41.933 r  u_mmcm/CLKOUT0
                         net (fo=1, unplaced)         0.763    42.696    pix_clk_raw
                         BUFG (Prop_bufg_I_O)         0.091    42.787 r  u_bufg_pix/O
                         net (fo=55, unplaced)        0.439    43.226    u_soc/u_vga/pix_clk
                         FDCE                                         r  u_soc/u_vga/fb_addr_0_reg[8]/C
                         clock pessimism              0.266    43.492    
                         clock uncertainty           -0.100    43.392    
                         FDCE (Setup_fdce_C_D)        0.076    43.468    u_soc/u_vga/fb_addr_0_reg[8]
  -------------------------------------------------------------------
                         required time                         43.468    
                         arrival time                          -7.380    
  -------------------------------------------------------------------
                         slack                                 36.088    

Slack (MET) :             36.202ns  (required time - arrival time)
  Source:                 u_soc/u_vga/u_vga_sync/h_count_reg[3]/C
                            (rising edge-triggered cell FDCE clocked by pix_clk_raw  {rise@0.000ns fall@20.000ns period=40.000ns})
  Destination:            u_soc/u_vga/u_vga_sync/v_count_reg[0]/CE
                            (rising edge-triggered cell FDCE clocked by pix_clk_raw  {rise@0.000ns fall@20.000ns period=40.000ns})
  Path Group:             pix_clk_raw
  Path Type:              Setup (Max at Slow Process Corner)
  Requirement:            40.000ns  (pix_clk_raw rise@40.000ns - pix_clk_raw rise@0.000ns)
  Data Path Delay:        3.351ns  (logic 1.047ns (31.244%)  route 2.304ns (68.756%))
  Logic Levels:           3  (LUT1=1 LUT5=1 LUT6=1)
  Clock Path Skew:        -0.145ns (DCD - SCD + CPR)
    Destination Clock Delay (DCD):    3.226ns = ( 43.226 - 40.000 ) 
    Source Clock Delay      (SCD):    3.637ns
    Clock Pessimism Removal (CPR):    0.266ns
  Clock Uncertainty:      0.100ns  ((TSJ^2 + DJ^2)^1/2) / 2 + PE
    Total System Jitter     (TSJ):    0.071ns
    Discrete Jitter          (DJ):    0.187ns
    Phase Error              (PE):    0.000ns

    Location             Delay type                Incr(ns)  Path(ns)    Netlist Resource(s)
  -------------------------------------------------------------------    -------------------
                         (clock pix_clk_raw rise edge)
                                                      0.000     0.000 r  
    E3                                                0.000     0.000 r  sys_clk_in (IN)
                         net (fo=0)                   0.000     0.000    sys_clk_in
    E3                   IBUF (Prop_ibuf_I_O)         1.482     1.482 r  sys_clk_in_IBUF_inst/O
                         net (fo=1, unplaced)         0.584     2.066    sys_clk_in_IBUF
                         MMCME2_ADV (Prop_mmcme2_adv_CLKIN1_CLKOUT0)
                                                      0.088     2.154 r  u_mmcm/CLKOUT0
                         net (fo=1, unplaced)         0.803     2.957    pix_clk_raw
                         BUFG (Prop_bufg_I_O)         0.096     3.053 r  u_bufg_pix/O
                         net (fo=55, unplaced)        0.584     3.637    u_soc/u_vga/u_vga_sync/pix_clk
                         FDCE                                         r  u_soc/u_vga/u_vga_sync/h_count_reg[3]/C
  -------------------------------------------------------------------    -------------------
                         FDCE (Prop_fdce_C_Q)         0.478     4.115 r  u_soc/u_vga/u_vga_sync/h_count_reg[3]/Q
                         net (fo=4, unplaced)         0.830     4.945    u_soc/u_vga/u_vga_sync/D[0]
                         LUT5 (Prop_lut5_I0_O)        0.321     5.266 f  u_soc/u_vga/u_vga_sync/h_count[9]_i_2/O
                         net (fo=6, unplaced)         0.481     5.747    u_soc/u_vga/u_vga_sync/h_count[9]_i_2_n_0
                         LUT6 (Prop_lut6_I5_O)        0.124     5.871 f  u_soc/u_vga/u_vga_sync/h_count[4]_i_2/O
                         net (fo=5, unplaced)         0.477     6.348    u_soc/u_vga/u_vga_sync/h_count[4]_i_2_n_0
                         LUT1 (Prop_lut1_I0_O)        0.124     6.472 r  u_soc/u_vga/u_vga_sync/v_count[9]_i_1/O
                         net (fo=10, unplaced)        0.516     6.988    u_soc/u_vga/u_vga_sync/v_count[0]
                         FDCE                                         r  u_soc/u_vga/u_vga_sync/v_count_reg[0]/CE
  -------------------------------------------------------------------    -------------------

                         (clock pix_clk_raw rise edge)
                                                     40.000    40.000 r  
    E3                                                0.000    40.000 r  sys_clk_in (IN)
                         net (fo=0)                   0.000    40.000    sys_clk_in
    E3                   IBUF (Prop_ibuf_I_O)         1.411    41.411 r  sys_clk_in_IBUF_inst/O
                         net (fo=1, unplaced)         0.439    41.850    sys_clk_in_IBUF
                         MMCME2_ADV (Prop_mmcme2_adv_CLKIN1_CLKOUT0)
                                                      0.083    41.933 r  u_mmcm/CLKOUT0
                         net (fo=1, unplaced)         0.763    42.696    pix_clk_raw
                         BUFG (Prop_bufg_I_O)         0.091    42.787 r  u_bufg_pix/O
                         net (fo=55, unplaced)        0.439    43.226    u_soc/u_vga/u_vga_sync/pix_clk
                         FDCE                                         r  u_soc/u_vga/u_vga_sync/v_count_reg[0]/C
                         clock pessimism              0.266    43.492    
                         clock uncertainty           -0.100    43.392    
                         FDCE (Setup_fdce_C_CE)      -0.202    43.190    u_soc/u_vga/u_vga_sync/v_count_reg[0]
  -------------------------------------------------------------------
                         required time                         43.190    
                         arrival time                          -6.988    
  -------------------------------------------------------------------
                         slack                                 36.202    

Slack (MET) :             36.202ns  (required time - arrival time)
  Source:                 u_soc/u_vga/u_vga_sync/h_count_reg[3]/C
                            (rising edge-triggered cell FDCE clocked by pix_clk_raw  {rise@0.000ns fall@20.000ns period=40.000ns})
  Destination:            u_soc/u_vga/u_vga_sync/v_count_reg[1]/CE
                            (rising edge-triggered cell FDCE clocked by pix_clk_raw  {rise@0.000ns fall@20.000ns period=40.000ns})
  Path Group:             pix_clk_raw
  Path Type:              Setup (Max at Slow Process Corner)
  Requirement:            40.000ns  (pix_clk_raw rise@40.000ns - pix_clk_raw rise@0.000ns)
  Data Path Delay:        3.351ns  (logic 1.047ns (31.244%)  route 2.304ns (68.756%))
  Logic Levels:           3  (LUT1=1 LUT5=1 LUT6=1)
  Clock Path Skew:        -0.145ns (DCD - SCD + CPR)
    Destination Clock Delay (DCD):    3.226ns = ( 43.226 - 40.000 ) 
    Source Clock Delay      (SCD):    3.637ns
    Clock Pessimism Removal (CPR):    0.266ns
  Clock Uncertainty:      0.100ns  ((TSJ^2 + DJ^2)^1/2) / 2 + PE
    Total System Jitter     (TSJ):    0.071ns
    Discrete Jitter          (DJ):    0.187ns
    Phase Error              (PE):    0.000ns

    Location             Delay type                Incr(ns)  Path(ns)    Netlist Resource(s)
  -------------------------------------------------------------------    -------------------
                         (clock pix_clk_raw rise edge)
                                                      0.000     0.000 r  
    E3                                                0.000     0.000 r  sys_clk_in (IN)
                         net (fo=0)                   0.000     0.000    sys_clk_in
    E3                   IBUF (Prop_ibuf_I_O)         1.482     1.482 r  sys_clk_in_IBUF_inst/O
                         net (fo=1, unplaced)         0.584     2.066    sys_clk_in_IBUF
                         MMCME2_ADV (Prop_mmcme2_adv_CLKIN1_CLKOUT0)
                                                      0.088     2.154 r  u_mmcm/CLKOUT0
                         net (fo=1, unplaced)         0.803     2.957    pix_clk_raw
                         BUFG (Prop_bufg_I_O)         0.096     3.053 r  u_bufg_pix/O
                         net (fo=55, unplaced)        0.584     3.637    u_soc/u_vga/u_vga_sync/pix_clk
                         FDCE                                         r  u_soc/u_vga/u_vga_sync/h_count_reg[3]/C
  -------------------------------------------------------------------    -------------------
                         FDCE (Prop_fdce_C_Q)         0.478     4.115 r  u_soc/u_vga/u_vga_sync/h_count_reg[3]/Q
                         net (fo=4, unplaced)         0.830     4.945    u_soc/u_vga/u_vga_sync/D[0]
                         LUT5 (Prop_lut5_I0_O)        0.321     5.266 f  u_soc/u_vga/u_vga_sync/h_count[9]_i_2/O
                         net (fo=6, unplaced)         0.481     5.747    u_soc/u_vga/u_vga_sync/h_count[9]_i_2_n_0
                         LUT6 (Prop_lut6_I5_O)        0.124     5.871 f  u_soc/u_vga/u_vga_sync/h_count[4]_i_2/O
                         net (fo=5, unplaced)         0.477     6.348    u_soc/u_vga/u_vga_sync/h_count[4]_i_2_n_0
                         LUT1 (Prop_lut1_I0_O)        0.124     6.472 r  u_soc/u_vga/u_vga_sync/v_count[9]_i_1/O
                         net (fo=10, unplaced)        0.516     6.988    u_soc/u_vga/u_vga_sync/v_count[0]
                         FDCE                                         r  u_soc/u_vga/u_vga_sync/v_count_reg[1]/CE
  -------------------------------------------------------------------    -------------------

                         (clock pix_clk_raw rise edge)
                                                     40.000    40.000 r  
    E3                                                0.000    40.000 r  sys_clk_in (IN)
                         net (fo=0)                   0.000    40.000    sys_clk_in
    E3                   IBUF (Prop_ibuf_I_O)         1.411    41.411 r  sys_clk_in_IBUF_inst/O
                         net (fo=1, unplaced)         0.439    41.850    sys_clk_in_IBUF
                         MMCME2_ADV (Prop_mmcme2_adv_CLKIN1_CLKOUT0)
                                                      0.083    41.933 r  u_mmcm/CLKOUT0
                         net (fo=1, unplaced)         0.763    42.696    pix_clk_raw
                         BUFG (Prop_bufg_I_O)         0.091    42.787 r  u_bufg_pix/O
                         net (fo=55, unplaced)        0.439    43.226    u_soc/u_vga/u_vga_sync/pix_clk
                         FDCE                                         r  u_soc/u_vga/u_vga_sync/v_count_reg[1]/C
                         clock pessimism              0.266    43.492    
                         clock uncertainty           -0.100    43.392    
                         FDCE (Setup_fdce_C_CE)      -0.202    43.190    u_soc/u_vga/u_vga_sync/v_count_reg[1]
  -------------------------------------------------------------------
                         required time                         43.190    
                         arrival time                          -6.988    
  -------------------------------------------------------------------
                         slack                                 36.202    

Slack (MET) :             36.202ns  (required time - arrival time)
  Source:                 u_soc/u_vga/u_vga_sync/h_count_reg[3]/C
                            (rising edge-triggered cell FDCE clocked by pix_clk_raw  {rise@0.000ns fall@20.000ns period=40.000ns})
  Destination:            u_soc/u_vga/u_vga_sync/v_count_reg[2]/CE
                            (rising edge-triggered cell FDCE clocked by pix_clk_raw  {rise@0.000ns fall@20.000ns period=40.000ns})
  Path Group:             pix_clk_raw
  Path Type:              Setup (Max at Slow Process Corner)
  Requirement:            40.000ns  (pix_clk_raw rise@40.000ns - pix_clk_raw rise@0.000ns)
  Data Path Delay:        3.351ns  (logic 1.047ns (31.244%)  route 2.304ns (68.756%))
  Logic Levels:           3  (LUT1=1 LUT5=1 LUT6=1)
  Clock Path Skew:        -0.145ns (DCD - SCD + CPR)
    Destination Clock Delay (DCD):    3.226ns = ( 43.226 - 40.000 ) 
    Source Clock Delay      (SCD):    3.637ns
    Clock Pessimism Removal (CPR):    0.266ns
  Clock Uncertainty:      0.100ns  ((TSJ^2 + DJ^2)^1/2) / 2 + PE
    Total System Jitter     (TSJ):    0.071ns
    Discrete Jitter          (DJ):    0.187ns
    Phase Error              (PE):    0.000ns

    Location             Delay type                Incr(ns)  Path(ns)    Netlist Resource(s)
  -------------------------------------------------------------------    -------------------
                         (clock pix_clk_raw rise edge)
                                                      0.000     0.000 r  
    E3                                                0.000     0.000 r  sys_clk_in (IN)
                         net (fo=0)                   0.000     0.000    sys_clk_in
    E3                   IBUF (Prop_ibuf_I_O)         1.482     1.482 r  sys_clk_in_IBUF_inst/O
                         net (fo=1, unplaced)         0.584     2.066    sys_clk_in_IBUF
                         MMCME2_ADV (Prop_mmcme2_adv_CLKIN1_CLKOUT0)
                                                      0.088     2.154 r  u_mmcm/CLKOUT0
                         net (fo=1, unplaced)         0.803     2.957    pix_clk_raw
                         BUFG (Prop_bufg_I_O)         0.096     3.053 r  u_bufg_pix/O
                         net (fo=55, unplaced)        0.584     3.637    u_soc/u_vga/u_vga_sync/pix_clk
                         FDCE                                         r  u_soc/u_vga/u_vga_sync/h_count_reg[3]/C
  -------------------------------------------------------------------    -------------------
                         FDCE (Prop_fdce_C_Q)         0.478     4.115 r  u_soc/u_vga/u_vga_sync/h_count_reg[3]/Q
                         net (fo=4, unplaced)         0.830     4.945    u_soc/u_vga/u_vga_sync/D[0]
                         LUT5 (Prop_lut5_I0_O)        0.321     5.266 f  u_soc/u_vga/u_vga_sync/h_count[9]_i_2/O
                         net (fo=6, unplaced)         0.481     5.747    u_soc/u_vga/u_vga_sync/h_count[9]_i_2_n_0
                         LUT6 (Prop_lut6_I5_O)        0.124     5.871 f  u_soc/u_vga/u_vga_sync/h_count[4]_i_2/O
                         net (fo=5, unplaced)         0.477     6.348    u_soc/u_vga/u_vga_sync/h_count[4]_i_2_n_0
                         LUT1 (Prop_lut1_I0_O)        0.124     6.472 r  u_soc/u_vga/u_vga_sync/v_count[9]_i_1/O
                         net (fo=10, unplaced)        0.516     6.988    u_soc/u_vga/u_vga_sync/v_count[0]
                         FDCE                                         r  u_soc/u_vga/u_vga_sync/v_count_reg[2]/CE
  -------------------------------------------------------------------    -------------------

                         (clock pix_clk_raw rise edge)
                                                     40.000    40.000 r  
    E3                                                0.000    40.000 r  sys_clk_in (IN)
                         net (fo=0)                   0.000    40.000    sys_clk_in
    E3                   IBUF (Prop_ibuf_I_O)         1.411    41.411 r  sys_clk_in_IBUF_inst/O
                         net (fo=1, unplaced)         0.439    41.850    sys_clk_in_IBUF
                         MMCME2_ADV (Prop_mmcme2_adv_CLKIN1_CLKOUT0)
                                                      0.083    41.933 r  u_mmcm/CLKOUT0
                         net (fo=1, unplaced)         0.763    42.696    pix_clk_raw
                         BUFG (Prop_bufg_I_O)         0.091    42.787 r  u_bufg_pix/O
                         net (fo=55, unplaced)        0.439    43.226    u_soc/u_vga/u_vga_sync/pix_clk
                         FDCE                                         r  u_soc/u_vga/u_vga_sync/v_count_reg[2]/C
                         clock pessimism              0.266    43.492    
                         clock uncertainty           -0.100    43.392    
                         FDCE (Setup_fdce_C_CE)      -0.202    43.190    u_soc/u_vga/u_vga_sync/v_count_reg[2]
  -------------------------------------------------------------------
                         required time                         43.190    
                         arrival time                          -6.988    
  -------------------------------------------------------------------
                         slack                                 36.202    

Slack (MET) :             36.202ns  (required time - arrival time)
  Source:                 u_soc/u_vga/u_vga_sync/h_count_reg[3]/C
                            (rising edge-triggered cell FDCE clocked by pix_clk_raw  {rise@0.000ns fall@20.000ns period=40.000ns})
  Destination:            u_soc/u_vga/u_vga_sync/v_count_reg[3]/CE
                            (rising edge-triggered cell FDCE clocked by pix_clk_raw  {rise@0.000ns fall@20.000ns period=40.000ns})
  Path Group:             pix_clk_raw
  Path Type:              Setup (Max at Slow Process Corner)
  Requirement:            40.000ns  (pix_clk_raw rise@40.000ns - pix_clk_raw rise@0.000ns)
  Data Path Delay:        3.351ns  (logic 1.047ns (31.244%)  route 2.304ns (68.756%))
  Logic Levels:           3  (LUT1=1 LUT5=1 LUT6=1)
  Clock Path Skew:        -0.145ns (DCD - SCD + CPR)
    Destination Clock Delay (DCD):    3.226ns = ( 43.226 - 40.000 ) 
    Source Clock Delay      (SCD):    3.637ns
    Clock Pessimism Removal (CPR):    0.266ns
  Clock Uncertainty:      0.100ns  ((TSJ^2 + DJ^2)^1/2) / 2 + PE
    Total System Jitter     (TSJ):    0.071ns
    Discrete Jitter          (DJ):    0.187ns
    Phase Error              (PE):    0.000ns

    Location             Delay type                Incr(ns)  Path(ns)    Netlist Resource(s)
  -------------------------------------------------------------------    -------------------
                         (clock pix_clk_raw rise edge)
                                                      0.000     0.000 r  
    E3                                                0.000     0.000 r  sys_clk_in (IN)
                         net (fo=0)                   0.000     0.000    sys_clk_in
    E3                   IBUF (Prop_ibuf_I_O)         1.482     1.482 r  sys_clk_in_IBUF_inst/O
                         net (fo=1, unplaced)         0.584     2.066    sys_clk_in_IBUF
                         MMCME2_ADV (Prop_mmcme2_adv_CLKIN1_CLKOUT0)
                                                      0.088     2.154 r  u_mmcm/CLKOUT0
                         net (fo=1, unplaced)         0.803     2.957    pix_clk_raw
                         BUFG (Prop_bufg_I_O)         0.096     3.053 r  u_bufg_pix/O
                         net (fo=55, unplaced)        0.584     3.637    u_soc/u_vga/u_vga_sync/pix_clk
                         FDCE                                         r  u_soc/u_vga/u_vga_sync/h_count_reg[3]/C
  -------------------------------------------------------------------    -------------------
                         FDCE (Prop_fdce_C_Q)         0.478     4.115 r  u_soc/u_vga/u_vga_sync/h_count_reg[3]/Q
                         net (fo=4, unplaced)         0.830     4.945    u_soc/u_vga/u_vga_sync/D[0]
                         LUT5 (Prop_lut5_I0_O)        0.321     5.266 f  u_soc/u_vga/u_vga_sync/h_count[9]_i_2/O
                         net (fo=6, unplaced)         0.481     5.747    u_soc/u_vga/u_vga_sync/h_count[9]_i_2_n_0
                         LUT6 (Prop_lut6_I5_O)        0.124     5.871 f  u_soc/u_vga/u_vga_sync/h_count[4]_i_2/O
                         net (fo=5, unplaced)         0.477     6.348    u_soc/u_vga/u_vga_sync/h_count[4]_i_2_n_0
                         LUT1 (Prop_lut1_I0_O)        0.124     6.472 r  u_soc/u_vga/u_vga_sync/v_count[9]_i_1/O
                         net (fo=10, unplaced)        0.516     6.988    u_soc/u_vga/u_vga_sync/v_count[0]
                         FDCE                                         r  u_soc/u_vga/u_vga_sync/v_count_reg[3]/CE
  -------------------------------------------------------------------    -------------------

                         (clock pix_clk_raw rise edge)
                                                     40.000    40.000 r  
    E3                                                0.000    40.000 r  sys_clk_in (IN)
                         net (fo=0)                   0.000    40.000    sys_clk_in
    E3                   IBUF (Prop_ibuf_I_O)         1.411    41.411 r  sys_clk_in_IBUF_inst/O
                         net (fo=1, unplaced)         0.439    41.850    sys_clk_in_IBUF
                         MMCME2_ADV (Prop_mmcme2_adv_CLKIN1_CLKOUT0)
                                                      0.083    41.933 r  u_mmcm/CLKOUT0
                         net (fo=1, unplaced)         0.763    42.696    pix_clk_raw
                         BUFG (Prop_bufg_I_O)         0.091    42.787 r  u_bufg_pix/O
                         net (fo=55, unplaced)        0.439    43.226    u_soc/u_vga/u_vga_sync/pix_clk
                         FDCE                                         r  u_soc/u_vga/u_vga_sync/v_count_reg[3]/C
                         clock pessimism              0.266    43.492    
                         clock uncertainty           -0.100    43.392    
                         FDCE (Setup_fdce_C_CE)      -0.202    43.190    u_soc/u_vga/u_vga_sync/v_count_reg[3]
  -------------------------------------------------------------------
                         required time                         43.190    
                         arrival time                          -6.988    
  -------------------------------------------------------------------
                         slack                                 36.202    

Slack (MET) :             36.202ns  (required time - arrival time)
  Source:                 u_soc/u_vga/u_vga_sync/h_count_reg[3]/C
                            (rising edge-triggered cell FDCE clocked by pix_clk_raw  {rise@0.000ns fall@20.000ns period=40.000ns})
  Destination:            u_soc/u_vga/u_vga_sync/v_count_reg[4]/CE
                            (rising edge-triggered cell FDCE clocked by pix_clk_raw  {rise@0.000ns fall@20.000ns period=40.000ns})
  Path Group:             pix_clk_raw
  Path Type:              Setup (Max at Slow Process Corner)
  Requirement:            40.000ns  (pix_clk_raw rise@40.000ns - pix_clk_raw rise@0.000ns)
  Data Path Delay:        3.351ns  (logic 1.047ns (31.244%)  route 2.304ns (68.756%))
  Logic Levels:           3  (LUT1=1 LUT5=1 LUT6=1)
  Clock Path Skew:        -0.145ns (DCD - SCD + CPR)
    Destination Clock Delay (DCD):    3.226ns = ( 43.226 - 40.000 ) 
    Source Clock Delay      (SCD):    3.637ns
    Clock Pessimism Removal (CPR):    0.266ns
  Clock Uncertainty:      0.100ns  ((TSJ^2 + DJ^2)^1/2) / 2 + PE
    Total System Jitter     (TSJ):    0.071ns
    Discrete Jitter          (DJ):    0.187ns
    Phase Error              (PE):    0.000ns

    Location             Delay type                Incr(ns)  Path(ns)    Netlist Resource(s)
  -------------------------------------------------------------------    -------------------
                         (clock pix_clk_raw rise edge)
                                                      0.000     0.000 r  
    E3                                                0.000     0.000 r  sys_clk_in (IN)
                         net (fo=0)                   0.000     0.000    sys_clk_in
    E3                   IBUF (Prop_ibuf_I_O)         1.482     1.482 r  sys_clk_in_IBUF_inst/O
                         net (fo=1, unplaced)         0.584     2.066    sys_clk_in_IBUF
                         MMCME2_ADV (Prop_mmcme2_adv_CLKIN1_CLKOUT0)
                                                      0.088     2.154 r  u_mmcm/CLKOUT0
                         net (fo=1, unplaced)         0.803     2.957    pix_clk_raw
                         BUFG (Prop_bufg_I_O)         0.096     3.053 r  u_bufg_pix/O
                         net (fo=55, unplaced)        0.584     3.637    u_soc/u_vga/u_vga_sync/pix_clk
                         FDCE                                         r  u_soc/u_vga/u_vga_sync/h_count_reg[3]/C
  -------------------------------------------------------------------    -------------------
                         FDCE (Prop_fdce_C_Q)         0.478     4.115 r  u_soc/u_vga/u_vga_sync/h_count_reg[3]/Q
                         net (fo=4, unplaced)         0.830     4.945    u_soc/u_vga/u_vga_sync/D[0]
                         LUT5 (Prop_lut5_I0_O)        0.321     5.266 f  u_soc/u_vga/u_vga_sync/h_count[9]_i_2/O
                         net (fo=6, unplaced)         0.481     5.747    u_soc/u_vga/u_vga_sync/h_count[9]_i_2_n_0
                         LUT6 (Prop_lut6_I5_O)        0.124     5.871 f  u_soc/u_vga/u_vga_sync/h_count[4]_i_2/O
                         net (fo=5, unplaced)         0.477     6.348    u_soc/u_vga/u_vga_sync/h_count[4]_i_2_n_0
                         LUT1 (Prop_lut1_I0_O)        0.124     6.472 r  u_soc/u_vga/u_vga_sync/v_count[9]_i_1/O
                         net (fo=10, unplaced)        0.516     6.988    u_soc/u_vga/u_vga_sync/v_count[0]
                         FDCE                                         r  u_soc/u_vga/u_vga_sync/v_count_reg[4]/CE
  -------------------------------------------------------------------    -------------------

                         (clock pix_clk_raw rise edge)
                                                     40.000    40.000 r  
    E3                                                0.000    40.000 r  sys_clk_in (IN)
                         net (fo=0)                   0.000    40.000    sys_clk_in
    E3                   IBUF (Prop_ibuf_I_O)         1.411    41.411 r  sys_clk_in_IBUF_inst/O
                         net (fo=1, unplaced)         0.439    41.850    sys_clk_in_IBUF
                         MMCME2_ADV (Prop_mmcme2_adv_CLKIN1_CLKOUT0)
                                                      0.083    41.933 r  u_mmcm/CLKOUT0
                         net (fo=1, unplaced)         0.763    42.696    pix_clk_raw
                         BUFG (Prop_bufg_I_O)         0.091    42.787 r  u_bufg_pix/O
                         net (fo=55, unplaced)        0.439    43.226    u_soc/u_vga/u_vga_sync/pix_clk
                         FDCE                                         r  u_soc/u_vga/u_vga_sync/v_count_reg[4]/C
                         clock pessimism              0.266    43.492    
                         clock uncertainty           -0.100    43.392    
                         FDCE (Setup_fdce_C_CE)      -0.202    43.190    u_soc/u_vga/u_vga_sync/v_count_reg[4]
  -------------------------------------------------------------------
                         required time                         43.190    
                         arrival time                          -6.988    
  -------------------------------------------------------------------
                         slack                                 36.202    

Slack (MET) :             36.202ns  (required time - arrival time)
  Source:                 u_soc/u_vga/u_vga_sync/h_count_reg[3]/C
                            (rising edge-triggered cell FDCE clocked by pix_clk_raw  {rise@0.000ns fall@20.000ns period=40.000ns})
  Destination:            u_soc/u_vga/u_vga_sync/v_count_reg[5]/CE
                            (rising edge-triggered cell FDCE clocked by pix_clk_raw  {rise@0.000ns fall@20.000ns period=40.000ns})
  Path Group:             pix_clk_raw
  Path Type:              Setup (Max at Slow Process Corner)
  Requirement:            40.000ns  (pix_clk_raw rise@40.000ns - pix_clk_raw rise@0.000ns)
  Data Path Delay:        3.351ns  (logic 1.047ns (31.244%)  route 2.304ns (68.756%))
  Logic Levels:           3  (LUT1=1 LUT5=1 LUT6=1)
  Clock Path Skew:        -0.145ns (DCD - SCD + CPR)
    Destination Clock Delay (DCD):    3.226ns = ( 43.226 - 40.000 ) 
    Source Clock Delay      (SCD):    3.637ns
    Clock Pessimism Removal (CPR):    0.266ns
  Clock Uncertainty:      0.100ns  ((TSJ^2 + DJ^2)^1/2) / 2 + PE
    Total System Jitter     (TSJ):    0.071ns
    Discrete Jitter          (DJ):    0.187ns
    Phase Error              (PE):    0.000ns

    Location             Delay type                Incr(ns)  Path(ns)    Netlist Resource(s)
  -------------------------------------------------------------------    -------------------
                         (clock pix_clk_raw rise edge)
                                                      0.000     0.000 r  
    E3                                                0.000     0.000 r  sys_clk_in (IN)
                         net (fo=0)                   0.000     0.000    sys_clk_in
    E3                   IBUF (Prop_ibuf_I_O)         1.482     1.482 r  sys_clk_in_IBUF_inst/O
                         net (fo=1, unplaced)         0.584     2.066    sys_clk_in_IBUF
                         MMCME2_ADV (Prop_mmcme2_adv_CLKIN1_CLKOUT0)
                                                      0.088     2.154 r  u_mmcm/CLKOUT0
                         net (fo=1, unplaced)         0.803     2.957    pix_clk_raw
                         BUFG (Prop_bufg_I_O)         0.096     3.053 r  u_bufg_pix/O
                         net (fo=55, unplaced)        0.584     3.637    u_soc/u_vga/u_vga_sync/pix_clk
                         FDCE                                         r  u_soc/u_vga/u_vga_sync/h_count_reg[3]/C
  -------------------------------------------------------------------    -------------------
                         FDCE (Prop_fdce_C_Q)         0.478     4.115 r  u_soc/u_vga/u_vga_sync/h_count_reg[3]/Q
                         net (fo=4, unplaced)         0.830     4.945    u_soc/u_vga/u_vga_sync/D[0]
                         LUT5 (Prop_lut5_I0_O)        0.321     5.266 f  u_soc/u_vga/u_vga_sync/h_count[9]_i_2/O
                         net (fo=6, unplaced)         0.481     5.747    u_soc/u_vga/u_vga_sync/h_count[9]_i_2_n_0
                         LUT6 (Prop_lut6_I5_O)        0.124     5.871 f  u_soc/u_vga/u_vga_sync/h_count[4]_i_2/O
                         net (fo=5, unplaced)         0.477     6.348    u_soc/u_vga/u_vga_sync/h_count[4]_i_2_n_0
                         LUT1 (Prop_lut1_I0_O)        0.124     6.472 r  u_soc/u_vga/u_vga_sync/v_count[9]_i_1/O
                         net (fo=10, unplaced)        0.516     6.988    u_soc/u_vga/u_vga_sync/v_count[0]
                         FDCE                                         r  u_soc/u_vga/u_vga_sync/v_count_reg[5]/CE
  -------------------------------------------------------------------    -------------------

                         (clock pix_clk_raw rise edge)
                                                     40.000    40.000 r  
    E3                                                0.000    40.000 r  sys_clk_in (IN)
                         net (fo=0)                   0.000    40.000    sys_clk_in
    E3                   IBUF (Prop_ibuf_I_O)         1.411    41.411 r  sys_clk_in_IBUF_inst/O
                         net (fo=1, unplaced)         0.439    41.850    sys_clk_in_IBUF
                         MMCME2_ADV (Prop_mmcme2_adv_CLKIN1_CLKOUT0)
                                                      0.083    41.933 r  u_mmcm/CLKOUT0
                         net (fo=1, unplaced)         0.763    42.696    pix_clk_raw
                         BUFG (Prop_bufg_I_O)         0.091    42.787 r  u_bufg_pix/O
                         net (fo=55, unplaced)        0.439    43.226    u_soc/u_vga/u_vga_sync/pix_clk
                         FDCE                                         r  u_soc/u_vga/u_vga_sync/v_count_reg[5]/C
                         clock pessimism              0.266    43.492    
                         clock uncertainty           -0.100    43.392    
                         FDCE (Setup_fdce_C_CE)      -0.202    43.190    u_soc/u_vga/u_vga_sync/v_count_reg[5]
  -------------------------------------------------------------------
                         required time                         43.190    
                         arrival time                          -6.988    
  -------------------------------------------------------------------
                         slack                                 36.202    





Min Delay Paths
--------------------------------------------------------------------------------------
Slack (MET) :             0.147ns  (arrival time - required time)
  Source:                 u_soc/u_vga/u_vga_sync/h_count_reg[0]/C
                            (rising edge-triggered cell FDCE clocked by pix_clk_raw  {rise@0.000ns fall@20.000ns period=40.000ns})
  Destination:            u_soc/u_vga/u_vga_sync/h_count_reg[0]/D
                            (rising edge-triggered cell FDCE clocked by pix_clk_raw  {rise@0.000ns fall@20.000ns period=40.000ns})
  Path Group:             pix_clk_raw
  Path Type:              Hold (Min at Fast Process Corner)
  Requirement:            0.000ns  (pix_clk_raw rise@0.000ns - pix_clk_raw rise@0.000ns)
  Data Path Delay:        0.391ns  (logic 0.245ns (62.685%)  route 0.146ns (37.315%))
  Logic Levels:           1  (LUT1=1)
  Clock Path Skew:        0.145ns (DCD - SCD - CPR)
    Destination Clock Delay (DCD):    1.394ns
    Source Clock Delay      (SCD):    0.892ns
    Clock Pessimism Removal (CPR):    0.357ns

    Location             Delay type                Incr(ns)  Path(ns)    Netlist Resource(s)
  -------------------------------------------------------------------    -------------------
                         (clock pix_clk_raw rise edge)
                                                      0.000     0.000 r  
    E3                                                0.000     0.000 r  sys_clk_in (IN)
                         net (fo=0)                   0.000     0.000    sys_clk_in
    E3                   IBUF (Prop_ibuf_I_O)         0.250     0.250 r  sys_clk_in_IBUF_inst/O
                         net (fo=1, unplaced)         0.114     0.364    sys_clk_in_IBUF
                         MMCME2_ADV (Prop_mmcme2_adv_CLKIN1_CLKOUT0)
                                                      0.050     0.414 r  u_mmcm/CLKOUT0
                         net (fo=1, unplaced)         0.338     0.752    pix_clk_raw
                         BUFG (Prop_bufg_I_O)         0.026     0.778 r  u_bufg_pix/O
                         net (fo=55, unplaced)        0.114     0.892    u_soc/u_vga/u_vga_sync/pix_clk
                         FDCE                                         r  u_soc/u_vga/u_vga_sync/h_count_reg[0]/C
  -------------------------------------------------------------------    -------------------
                         FDCE (Prop_fdce_C_Q)         0.147     1.039 f  u_soc/u_vga/u_vga_sync/h_count_reg[0]/Q
                         net (fo=7, unplaced)         0.146     1.185    u_soc/u_vga/u_vga_sync/h_count_reg[9]_0[0]
                         LUT1 (Prop_lut1_I0_O)        0.098     1.283 r  u_soc/u_vga/u_vga_sync/h_count[0]_i_1/O
                         net (fo=1, unplaced)         0.000     1.283    u_soc/u_vga/u_vga_sync/h_count[0]
                         FDCE                                         r  u_soc/u_vga/u_vga_sync/h_count_reg[0]/D
  -------------------------------------------------------------------    -------------------

                         (clock pix_clk_raw rise edge)
                                                      0.000     0.000 r  
    E3                                                0.000     0.000 r  sys_clk_in (IN)
                         net (fo=0)                   0.000     0.000    sys_clk_in
    E3                   IBUF (Prop_ibuf_I_O)         0.438     0.438 r  sys_clk_in_IBUF_inst/O
                         net (fo=1, unplaced)         0.259     0.697    sys_clk_in_IBUF
                         MMCME2_ADV (Prop_mmcme2_adv_CLKIN1_CLKOUT0)
                                                      0.053     0.750 r  u_mmcm/CLKOUT0
                         net (fo=1, unplaced)         0.356     1.106    pix_clk_raw
                         BUFG (Prop_bufg_I_O)         0.029     1.135 r  u_bufg_pix/O
                         net (fo=55, unplaced)        0.259     1.394    u_soc/u_vga/u_vga_sync/pix_clk
                         FDCE                                         r  u_soc/u_vga/u_vga_sync/h_count_reg[0]/C
                         clock pessimism             -0.357     1.037    
                         FDCE (Hold_fdce_C_D)         0.099     1.136    u_soc/u_vga/u_vga_sync/h_count_reg[0]
  -------------------------------------------------------------------
                         required time                         -1.136    
                         arrival time                           1.283    
  -------------------------------------------------------------------
                         slack                                  0.147    

Slack (MET) :             0.152ns  (arrival time - required time)
  Source:                 u_soc/u_vga/in_char_region_0_reg/C
                            (rising edge-triggered cell FDCE clocked by pix_clk_raw  {rise@0.000ns fall@20.000ns period=40.000ns})
  Destination:            u_soc/u_vga/in_char_region_1_reg/D
                            (rising edge-triggered cell FDCE clocked by pix_clk_raw  {rise@0.000ns fall@20.000ns period=40.000ns})
  Path Group:             pix_clk_raw
  Path Type:              Hold (Min at Fast Process Corner)
  Requirement:            0.000ns  (pix_clk_raw rise@0.000ns - pix_clk_raw rise@0.000ns)
  Data Path Delay:        0.288ns  (logic 0.147ns (51.079%)  route 0.141ns (48.921%))
  Logic Levels:           0  
  Clock Path Skew:        0.145ns (DCD - SCD - CPR)
    Destination Clock Delay (DCD):    1.394ns
    Source Clock Delay      (SCD):    0.892ns
    Clock Pessimism Removal (CPR):    0.357ns

    Location             Delay type                Incr(ns)  Path(ns)    Netlist Resource(s)
  -------------------------------------------------------------------    -------------------
                         (clock pix_clk_raw rise edge)
                                                      0.000     0.000 r  
    E3                                                0.000     0.000 r  sys_clk_in (IN)
                         net (fo=0)                   0.000     0.000    sys_clk_in
    E3                   IBUF (Prop_ibuf_I_O)         0.250     0.250 r  sys_clk_in_IBUF_inst/O
                         net (fo=1, unplaced)         0.114     0.364    sys_clk_in_IBUF
                         MMCME2_ADV (Prop_mmcme2_adv_CLKIN1_CLKOUT0)
                                                      0.050     0.414 r  u_mmcm/CLKOUT0
                         net (fo=1, unplaced)         0.338     0.752    pix_clk_raw
                         BUFG (Prop_bufg_I_O)         0.026     0.778 r  u_bufg_pix/O
                         net (fo=55, unplaced)        0.114     0.892    u_soc/u_vga/pix_clk
                         FDCE                                         r  u_soc/u_vga/in_char_region_0_reg/C
  -------------------------------------------------------------------    -------------------
                         FDCE (Prop_fdce_C_Q)         0.147     1.039 r  u_soc/u_vga/in_char_region_0_reg/Q
                         net (fo=1, unplaced)         0.141     1.180    u_soc/u_vga/in_char_region_0
                         FDCE                                         r  u_soc/u_vga/in_char_region_1_reg/D
  -------------------------------------------------------------------    -------------------

                         (clock pix_clk_raw rise edge)
                                                      0.000     0.000 r  
    E3                                                0.000     0.000 r  sys_clk_in (IN)
                         net (fo=0)                   0.000     0.000    sys_clk_in
    E3                   IBUF (Prop_ibuf_I_O)         0.438     0.438 r  sys_clk_in_IBUF_inst/O
                         net (fo=1, unplaced)         0.259     0.697    sys_clk_in_IBUF
                         MMCME2_ADV (Prop_mmcme2_adv_CLKIN1_CLKOUT0)
                                                      0.053     0.750 r  u_mmcm/CLKOUT0
                         net (fo=1, unplaced)         0.356     1.106    pix_clk_raw
                         BUFG (Prop_bufg_I_O)         0.029     1.135 r  u_bufg_pix/O
                         net (fo=55, unplaced)        0.259     1.394    u_soc/u_vga/pix_clk
                         FDCE                                         r  u_soc/u_vga/in_char_region_1_reg/C
                         clock pessimism             -0.357     1.037    
                         FDCE (Hold_fdce_C_D)        -0.009     1.028    u_soc/u_vga/in_char_region_1_reg
  -------------------------------------------------------------------
                         required time                         -1.028    
                         arrival time                           1.180    
  -------------------------------------------------------------------
                         slack                                  0.152    

Slack (MET) :             0.152ns  (arrival time - required time)
  Source:                 u_soc/u_vga/in_char_region_1_reg/C
                            (rising edge-triggered cell FDCE clocked by pix_clk_raw  {rise@0.000ns fall@20.000ns period=40.000ns})
  Destination:            u_soc/u_vga/in_char_region_2_reg/D
                            (rising edge-triggered cell FDCE clocked by pix_clk_raw  {rise@0.000ns fall@20.000ns period=40.000ns})
  Path Group:             pix_clk_raw
  Path Type:              Hold (Min at Fast Process Corner)
  Requirement:            0.000ns  (pix_clk_raw rise@0.000ns - pix_clk_raw rise@0.000ns)
  Data Path Delay:        0.288ns  (logic 0.147ns (51.079%)  route 0.141ns (48.921%))
  Logic Levels:           0  
  Clock Path Skew:        0.145ns (DCD - SCD - CPR)
    Destination Clock Delay (DCD):    1.394ns
    Source Clock Delay      (SCD):    0.892ns
    Clock Pessimism Removal (CPR):    0.357ns

    Location             Delay type                Incr(ns)  Path(ns)    Netlist Resource(s)
  -------------------------------------------------------------------    -------------------
                         (clock pix_clk_raw rise edge)
                                                      0.000     0.000 r  
    E3                                                0.000     0.000 r  sys_clk_in (IN)
                         net (fo=0)                   0.000     0.000    sys_clk_in
    E3                   IBUF (Prop_ibuf_I_O)         0.250     0.250 r  sys_clk_in_IBUF_inst/O
                         net (fo=1, unplaced)         0.114     0.364    sys_clk_in_IBUF
                         MMCME2_ADV (Prop_mmcme2_adv_CLKIN1_CLKOUT0)
                                                      0.050     0.414 r  u_mmcm/CLKOUT0
                         net (fo=1, unplaced)         0.338     0.752    pix_clk_raw
                         BUFG (Prop_bufg_I_O)         0.026     0.778 r  u_bufg_pix/O
                         net (fo=55, unplaced)        0.114     0.892    u_soc/u_vga/pix_clk
                         FDCE                                         r  u_soc/u_vga/in_char_region_1_reg/C
  -------------------------------------------------------------------    -------------------
                         FDCE (Prop_fdce_C_Q)         0.147     1.039 r  u_soc/u_vga/in_char_region_1_reg/Q
                         net (fo=1, unplaced)         0.141     1.180    u_soc/u_vga/in_char_region_1
                         FDCE                                         r  u_soc/u_vga/in_char_region_2_reg/D
  -------------------------------------------------------------------    -------------------

                         (clock pix_clk_raw rise edge)
                                                      0.000     0.000 r  
    E3                                                0.000     0.000 r  sys_clk_in (IN)
                         net (fo=0)                   0.000     0.000    sys_clk_in
    E3                   IBUF (Prop_ibuf_I_O)         0.438     0.438 r  sys_clk_in_IBUF_inst/O
                         net (fo=1, unplaced)         0.259     0.697    sys_clk_in_IBUF
                         MMCME2_ADV (Prop_mmcme2_adv_CLKIN1_CLKOUT0)
                                                      0.053     0.750 r  u_mmcm/CLKOUT0
                         net (fo=1, unplaced)         0.356     1.106    pix_clk_raw
                         BUFG (Prop_bufg_I_O)         0.029     1.135 r  u_bufg_pix/O
                         net (fo=55, unplaced)        0.259     1.394    u_soc/u_vga/pix_clk
                         FDCE                                         r  u_soc/u_vga/in_char_region_2_reg/C
                         clock pessimism             -0.357     1.037    
                         FDCE (Hold_fdce_C_D)        -0.009     1.028    u_soc/u_vga/in_char_region_2_reg
  -------------------------------------------------------------------
                         required time                         -1.028    
                         arrival time                           1.180    
  -------------------------------------------------------------------
                         slack                                  0.152    

Slack (MET) :             0.152ns  (arrival time - required time)
  Source:                 u_soc/u_vga/sub_x_0_reg[0]/C
                            (rising edge-triggered cell FDCE clocked by pix_clk_raw  {rise@0.000ns fall@20.000ns period=40.000ns})
  Destination:            u_soc/u_vga/sub_x_1_reg[0]/D
                            (rising edge-triggered cell FDCE clocked by pix_clk_raw  {rise@0.000ns fall@20.000ns period=40.000ns})
  Path Group:             pix_clk_raw
  Path Type:              Hold (Min at Fast Process Corner)
  Requirement:            0.000ns  (pix_clk_raw rise@0.000ns - pix_clk_raw rise@0.000ns)
  Data Path Delay:        0.288ns  (logic 0.147ns (51.079%)  route 0.141ns (48.921%))
  Logic Levels:           0  
  Clock Path Skew:        0.145ns (DCD - SCD - CPR)
    Destination Clock Delay (DCD):    1.394ns
    Source Clock Delay      (SCD):    0.892ns
    Clock Pessimism Removal (CPR):    0.357ns

    Location             Delay type                Incr(ns)  Path(ns)    Netlist Resource(s)
  -------------------------------------------------------------------    -------------------
                         (clock pix_clk_raw rise edge)
                                                      0.000     0.000 r  
    E3                                                0.000     0.000 r  sys_clk_in (IN)
                         net (fo=0)                   0.000     0.000    sys_clk_in
    E3                   IBUF (Prop_ibuf_I_O)         0.250     0.250 r  sys_clk_in_IBUF_inst/O
                         net (fo=1, unplaced)         0.114     0.364    sys_clk_in_IBUF
                         MMCME2_ADV (Prop_mmcme2_adv_CLKIN1_CLKOUT0)
                                                      0.050     0.414 r  u_mmcm/CLKOUT0
                         net (fo=1, unplaced)         0.338     0.752    pix_clk_raw
                         BUFG (Prop_bufg_I_O)         0.026     0.778 r  u_bufg_pix/O
                         net (fo=55, unplaced)        0.114     0.892    u_soc/u_vga/pix_clk
                         FDCE                                         r  u_soc/u_vga/sub_x_0_reg[0]/C
  -------------------------------------------------------------------    -------------------
                         FDCE (Prop_fdce_C_Q)         0.147     1.039 r  u_soc/u_vga/sub_x_0_reg[0]/Q
                         net (fo=1, unplaced)         0.141     1.180    u_soc/u_vga/sub_x_0[0]
                         FDCE                                         r  u_soc/u_vga/sub_x_1_reg[0]/D
  -------------------------------------------------------------------    -------------------

                         (clock pix_clk_raw rise edge)
                                                      0.000     0.000 r  
    E3                                                0.000     0.000 r  sys_clk_in (IN)
                         net (fo=0)                   0.000     0.000    sys_clk_in
    E3                   IBUF (Prop_ibuf_I_O)         0.438     0.438 r  sys_clk_in_IBUF_inst/O
                         net (fo=1, unplaced)         0.259     0.697    sys_clk_in_IBUF
                         MMCME2_ADV (Prop_mmcme2_adv_CLKIN1_CLKOUT0)
                                                      0.053     0.750 r  u_mmcm/CLKOUT0
                         net (fo=1, unplaced)         0.356     1.106    pix_clk_raw
                         BUFG (Prop_bufg_I_O)         0.029     1.135 r  u_bufg_pix/O
                         net (fo=55, unplaced)        0.259     1.394    u_soc/u_vga/pix_clk
                         FDCE                                         r  u_soc/u_vga/sub_x_1_reg[0]/C
                         clock pessimism             -0.357     1.037    
                         FDCE (Hold_fdce_C_D)        -0.009     1.028    u_soc/u_vga/sub_x_1_reg[0]
  -------------------------------------------------------------------
                         required time                         -1.028    
                         arrival time                           1.180    
  -------------------------------------------------------------------
                         slack                                  0.152    

Slack (MET) :             0.152ns  (arrival time - required time)
  Source:                 u_soc/u_vga/sub_x_1_reg[0]/C
                            (rising edge-triggered cell FDCE clocked by pix_clk_raw  {rise@0.000ns fall@20.000ns period=40.000ns})
  Destination:            u_soc/u_vga/sub_x_2_reg[0]/D
                            (rising edge-triggered cell FDCE clocked by pix_clk_raw  {rise@0.000ns fall@20.000ns period=40.000ns})
  Path Group:             pix_clk_raw
  Path Type:              Hold (Min at Fast Process Corner)
  Requirement:            0.000ns  (pix_clk_raw rise@0.000ns - pix_clk_raw rise@0.000ns)
  Data Path Delay:        0.288ns  (logic 0.147ns (51.079%)  route 0.141ns (48.921%))
  Logic Levels:           0  
  Clock Path Skew:        0.145ns (DCD - SCD - CPR)
    Destination Clock Delay (DCD):    1.394ns
    Source Clock Delay      (SCD):    0.892ns
    Clock Pessimism Removal (CPR):    0.357ns

    Location             Delay type                Incr(ns)  Path(ns)    Netlist Resource(s)
  -------------------------------------------------------------------    -------------------
                         (clock pix_clk_raw rise edge)
                                                      0.000     0.000 r  
    E3                                                0.000     0.000 r  sys_clk_in (IN)
                         net (fo=0)                   0.000     0.000    sys_clk_in
    E3                   IBUF (Prop_ibuf_I_O)         0.250     0.250 r  sys_clk_in_IBUF_inst/O
                         net (fo=1, unplaced)         0.114     0.364    sys_clk_in_IBUF
                         MMCME2_ADV (Prop_mmcme2_adv_CLKIN1_CLKOUT0)
                                                      0.050     0.414 r  u_mmcm/CLKOUT0
                         net (fo=1, unplaced)         0.338     0.752    pix_clk_raw
                         BUFG (Prop_bufg_I_O)         0.026     0.778 r  u_bufg_pix/O
                         net (fo=55, unplaced)        0.114     0.892    u_soc/u_vga/pix_clk
                         FDCE                                         r  u_soc/u_vga/sub_x_1_reg[0]/C
  -------------------------------------------------------------------    -------------------
                         FDCE (Prop_fdce_C_Q)         0.147     1.039 r  u_soc/u_vga/sub_x_1_reg[0]/Q
                         net (fo=1, unplaced)         0.141     1.180    u_soc/u_vga/sub_x_1[0]
                         FDCE                                         r  u_soc/u_vga/sub_x_2_reg[0]/D
  -------------------------------------------------------------------    -------------------

                         (clock pix_clk_raw rise edge)
                                                      0.000     0.000 r  
    E3                                                0.000     0.000 r  sys_clk_in (IN)
                         net (fo=0)                   0.000     0.000    sys_clk_in
    E3                   IBUF (Prop_ibuf_I_O)         0.438     0.438 r  sys_clk_in_IBUF_inst/O
                         net (fo=1, unplaced)         0.259     0.697    sys_clk_in_IBUF
                         MMCME2_ADV (Prop_mmcme2_adv_CLKIN1_CLKOUT0)
                                                      0.053     0.750 r  u_mmcm/CLKOUT0
                         net (fo=1, unplaced)         0.356     1.106    pix_clk_raw
                         BUFG (Prop_bufg_I_O)         0.029     1.135 r  u_bufg_pix/O
                         net (fo=55, unplaced)        0.259     1.394    u_soc/u_vga/pix_clk
                         FDCE                                         r  u_soc/u_vga/sub_x_2_reg[0]/C
                         clock pessimism             -0.357     1.037    
                         FDCE (Hold_fdce_C_D)        -0.009     1.028    u_soc/u_vga/sub_x_2_reg[0]
  -------------------------------------------------------------------
                         required time                         -1.028    
                         arrival time                           1.180    
  -------------------------------------------------------------------
                         slack                                  0.152    

Slack (MET) :             0.152ns  (arrival time - required time)
  Source:                 u_soc/u_vga/sub_y_0_reg[0]/C
                            (rising edge-triggered cell FDCE clocked by pix_clk_raw  {rise@0.000ns fall@20.000ns period=40.000ns})
  Destination:            u_soc/u_vga/sub_y_1_reg[0]/D
                            (rising edge-triggered cell FDCE clocked by pix_clk_raw  {rise@0.000ns fall@20.000ns period=40.000ns})
  Path Group:             pix_clk_raw
  Path Type:              Hold (Min at Fast Process Corner)
  Requirement:            0.000ns  (pix_clk_raw rise@0.000ns - pix_clk_raw rise@0.000ns)
  Data Path Delay:        0.288ns  (logic 0.147ns (51.079%)  route 0.141ns (48.921%))
  Logic Levels:           0  
  Clock Path Skew:        0.145ns (DCD - SCD - CPR)
    Destination Clock Delay (DCD):    1.394ns
    Source Clock Delay      (SCD):    0.892ns
    Clock Pessimism Removal (CPR):    0.357ns

    Location             Delay type                Incr(ns)  Path(ns)    Netlist Resource(s)
  -------------------------------------------------------------------    -------------------
                         (clock pix_clk_raw rise edge)
                                                      0.000     0.000 r  
    E3                                                0.000     0.000 r  sys_clk_in (IN)
                         net (fo=0)                   0.000     0.000    sys_clk_in
    E3                   IBUF (Prop_ibuf_I_O)         0.250     0.250 r  sys_clk_in_IBUF_inst/O
                         net (fo=1, unplaced)         0.114     0.364    sys_clk_in_IBUF
                         MMCME2_ADV (Prop_mmcme2_adv_CLKIN1_CLKOUT0)
                                                      0.050     0.414 r  u_mmcm/CLKOUT0
                         net (fo=1, unplaced)         0.338     0.752    pix_clk_raw
                         BUFG (Prop_bufg_I_O)         0.026     0.778 r  u_bufg_pix/O
                         net (fo=55, unplaced)        0.114     0.892    u_soc/u_vga/pix_clk
                         FDCE                                         r  u_soc/u_vga/sub_y_0_reg[0]/C
  -------------------------------------------------------------------    -------------------
                         FDCE (Prop_fdce_C_Q)         0.147     1.039 r  u_soc/u_vga/sub_y_0_reg[0]/Q
                         net (fo=1, unplaced)         0.141     1.180    u_soc/u_vga/sub_y_0[0]
                         FDCE                                         r  u_soc/u_vga/sub_y_1_reg[0]/D
  -------------------------------------------------------------------    -------------------

                         (clock pix_clk_raw rise edge)
                                                      0.000     0.000 r  
    E3                                                0.000     0.000 r  sys_clk_in (IN)
                         net (fo=0)                   0.000     0.000    sys_clk_in
    E3                   IBUF (Prop_ibuf_I_O)         0.438     0.438 r  sys_clk_in_IBUF_inst/O
                         net (fo=1, unplaced)         0.259     0.697    sys_clk_in_IBUF
                         MMCME2_ADV (Prop_mmcme2_adv_CLKIN1_CLKOUT0)
                                                      0.053     0.750 r  u_mmcm/CLKOUT0
                         net (fo=1, unplaced)         0.356     1.106    pix_clk_raw
                         BUFG (Prop_bufg_I_O)         0.029     1.135 r  u_bufg_pix/O
                         net (fo=55, unplaced)        0.259     1.394    u_soc/u_vga/pix_clk
                         FDCE                                         r  u_soc/u_vga/sub_y_1_reg[0]/C
                         clock pessimism             -0.357     1.037    
                         FDCE (Hold_fdce_C_D)        -0.009     1.028    u_soc/u_vga/sub_y_1_reg[0]
  -------------------------------------------------------------------
                         required time                         -1.028    
                         arrival time                           1.180    
  -------------------------------------------------------------------
                         slack                                  0.152    

Slack (MET) :             0.152ns  (arrival time - required time)
  Source:                 u_soc/u_vga/sub_y_0_reg[1]/C
                            (rising edge-triggered cell FDCE clocked by pix_clk_raw  {rise@0.000ns fall@20.000ns period=40.000ns})
  Destination:            u_soc/u_vga/sub_y_1_reg[1]/D
                            (rising edge-triggered cell FDCE clocked by pix_clk_raw  {rise@0.000ns fall@20.000ns period=40.000ns})
  Path Group:             pix_clk_raw
  Path Type:              Hold (Min at Fast Process Corner)
  Requirement:            0.000ns  (pix_clk_raw rise@0.000ns - pix_clk_raw rise@0.000ns)
  Data Path Delay:        0.288ns  (logic 0.147ns (51.079%)  route 0.141ns (48.921%))
  Logic Levels:           0  
  Clock Path Skew:        0.145ns (DCD - SCD - CPR)
    Destination Clock Delay (DCD):    1.394ns
    Source Clock Delay      (SCD):    0.892ns
    Clock Pessimism Removal (CPR):    0.357ns

    Location             Delay type                Incr(ns)  Path(ns)    Netlist Resource(s)
  -------------------------------------------------------------------    -------------------
                         (clock pix_clk_raw rise edge)
                                                      0.000     0.000 r  
    E3                                                0.000     0.000 r  sys_clk_in (IN)
                         net (fo=0)                   0.000     0.000    sys_clk_in
    E3                   IBUF (Prop_ibuf_I_O)         0.250     0.250 r  sys_clk_in_IBUF_inst/O
                         net (fo=1, unplaced)         0.114     0.364    sys_clk_in_IBUF
                         MMCME2_ADV (Prop_mmcme2_adv_CLKIN1_CLKOUT0)
                                                      0.050     0.414 r  u_mmcm/CLKOUT0
                         net (fo=1, unplaced)         0.338     0.752    pix_clk_raw
                         BUFG (Prop_bufg_I_O)         0.026     0.778 r  u_bufg_pix/O
                         net (fo=55, unplaced)        0.114     0.892    u_soc/u_vga/pix_clk
                         FDCE                                         r  u_soc/u_vga/sub_y_0_reg[1]/C
  -------------------------------------------------------------------    -------------------
                         FDCE (Prop_fdce_C_Q)         0.147     1.039 r  u_soc/u_vga/sub_y_0_reg[1]/Q
                         net (fo=1, unplaced)         0.141     1.180    u_soc/u_vga/sub_y_0[1]
                         FDCE                                         r  u_soc/u_vga/sub_y_1_reg[1]/D
  -------------------------------------------------------------------    -------------------

                         (clock pix_clk_raw rise edge)
                                                      0.000     0.000 r  
    E3                                                0.000     0.000 r  sys_clk_in (IN)
                         net (fo=0)                   0.000     0.000    sys_clk_in
    E3                   IBUF (Prop_ibuf_I_O)         0.438     0.438 r  sys_clk_in_IBUF_inst/O
                         net (fo=1, unplaced)         0.259     0.697    sys_clk_in_IBUF
                         MMCME2_ADV (Prop_mmcme2_adv_CLKIN1_CLKOUT0)
                                                      0.053     0.750 r  u_mmcm/CLKOUT0
                         net (fo=1, unplaced)         0.356     1.106    pix_clk_raw
                         BUFG (Prop_bufg_I_O)         0.029     1.135 r  u_bufg_pix/O
                         net (fo=55, unplaced)        0.259     1.394    u_soc/u_vga/pix_clk
                         FDCE                                         r  u_soc/u_vga/sub_y_1_reg[1]/C
                         clock pessimism             -0.357     1.037    
                         FDCE (Hold_fdce_C_D)        -0.009     1.028    u_soc/u_vga/sub_y_1_reg[1]
  -------------------------------------------------------------------
                         required time                         -1.028    
                         arrival time                           1.180    
  -------------------------------------------------------------------
                         slack                                  0.152    

Slack (MET) :             0.152ns  (arrival time - required time)
  Source:                 u_soc/u_vga/sub_y_0_reg[2]/C
                            (rising edge-triggered cell FDCE clocked by pix_clk_raw  {rise@0.000ns fall@20.000ns period=40.000ns})
  Destination:            u_soc/u_vga/sub_y_1_reg[2]/D
                            (rising edge-triggered cell FDCE clocked by pix_clk_raw  {rise@0.000ns fall@20.000ns period=40.000ns})
  Path Group:             pix_clk_raw
  Path Type:              Hold (Min at Fast Process Corner)
  Requirement:            0.000ns  (pix_clk_raw rise@0.000ns - pix_clk_raw rise@0.000ns)
  Data Path Delay:        0.288ns  (logic 0.147ns (51.079%)  route 0.141ns (48.921%))
  Logic Levels:           0  
  Clock Path Skew:        0.145ns (DCD - SCD - CPR)
    Destination Clock Delay (DCD):    1.394ns
    Source Clock Delay      (SCD):    0.892ns
    Clock Pessimism Removal (CPR):    0.357ns

    Location             Delay type                Incr(ns)  Path(ns)    Netlist Resource(s)
  -------------------------------------------------------------------    -------------------
                         (clock pix_clk_raw rise edge)
                                                      0.000     0.000 r  
    E3                                                0.000     0.000 r  sys_clk_in (IN)
                         net (fo=0)                   0.000     0.000    sys_clk_in
    E3                   IBUF (Prop_ibuf_I_O)         0.250     0.250 r  sys_clk_in_IBUF_inst/O
                         net (fo=1, unplaced)         0.114     0.364    sys_clk_in_IBUF
                         MMCME2_ADV (Prop_mmcme2_adv_CLKIN1_CLKOUT0)
                                                      0.050     0.414 r  u_mmcm/CLKOUT0
                         net (fo=1, unplaced)         0.338     0.752    pix_clk_raw
                         BUFG (Prop_bufg_I_O)         0.026     0.778 r  u_bufg_pix/O
                         net (fo=55, unplaced)        0.114     0.892    u_soc/u_vga/pix_clk
                         FDCE                                         r  u_soc/u_vga/sub_y_0_reg[2]/C
  -------------------------------------------------------------------    -------------------
                         FDCE (Prop_fdce_C_Q)         0.147     1.039 r  u_soc/u_vga/sub_y_0_reg[2]/Q
                         net (fo=1, unplaced)         0.141     1.180    u_soc/u_vga/sub_y_0[2]
                         FDCE                                         r  u_soc/u_vga/sub_y_1_reg[2]/D
  -------------------------------------------------------------------    -------------------

                         (clock pix_clk_raw rise edge)
                                                      0.000     0.000 r  
    E3                                                0.000     0.000 r  sys_clk_in (IN)
                         net (fo=0)                   0.000     0.000    sys_clk_in
    E3                   IBUF (Prop_ibuf_I_O)         0.438     0.438 r  sys_clk_in_IBUF_inst/O
                         net (fo=1, unplaced)         0.259     0.697    sys_clk_in_IBUF
                         MMCME2_ADV (Prop_mmcme2_adv_CLKIN1_CLKOUT0)
                                                      0.053     0.750 r  u_mmcm/CLKOUT0
                         net (fo=1, unplaced)         0.356     1.106    pix_clk_raw
                         BUFG (Prop_bufg_I_O)         0.029     1.135 r  u_bufg_pix/O
                         net (fo=55, unplaced)        0.259     1.394    u_soc/u_vga/pix_clk
                         FDCE                                         r  u_soc/u_vga/sub_y_1_reg[2]/C
                         clock pessimism             -0.357     1.037    
                         FDCE (Hold_fdce_C_D)        -0.009     1.028    u_soc/u_vga/sub_y_1_reg[2]
  -------------------------------------------------------------------
                         required time                         -1.028    
                         arrival time                           1.180    
  -------------------------------------------------------------------
                         slack                                  0.152    

Slack (MET) :             0.162ns  (arrival time - required time)
  Source:                 u_soc/u_vga/u_vga_sync/h_count_reg[3]/C
                            (rising edge-triggered cell FDCE clocked by pix_clk_raw  {rise@0.000ns fall@20.000ns period=40.000ns})
  Destination:            u_soc/u_vga/fb_addr_0_reg[0]/D
                            (rising edge-triggered cell FDCE clocked by pix_clk_raw  {rise@0.000ns fall@20.000ns period=40.000ns})
  Path Group:             pix_clk_raw
  Path Type:              Hold (Min at Fast Process Corner)
  Requirement:            0.000ns  (pix_clk_raw rise@0.000ns - pix_clk_raw rise@0.000ns)
  Data Path Delay:        0.298ns  (logic 0.147ns (49.345%)  route 0.151ns (50.655%))
  Logic Levels:           0  
  Clock Path Skew:        0.145ns (DCD - SCD - CPR)
    Destination Clock Delay (DCD):    1.394ns
    Source Clock Delay      (SCD):    0.892ns
    Clock Pessimism Removal (CPR):    0.357ns

    Location             Delay type                Incr(ns)  Path(ns)    Netlist Resource(s)
  -------------------------------------------------------------------    -------------------
                         (clock pix_clk_raw rise edge)
                                                      0.000     0.000 r  
    E3                                                0.000     0.000 r  sys_clk_in (IN)
                         net (fo=0)                   0.000     0.000    sys_clk_in
    E3                   IBUF (Prop_ibuf_I_O)         0.250     0.250 r  sys_clk_in_IBUF_inst/O
                         net (fo=1, unplaced)         0.114     0.364    sys_clk_in_IBUF
                         MMCME2_ADV (Prop_mmcme2_adv_CLKIN1_CLKOUT0)
                                                      0.050     0.414 r  u_mmcm/CLKOUT0
                         net (fo=1, unplaced)         0.338     0.752    pix_clk_raw
                         BUFG (Prop_bufg_I_O)         0.026     0.778 r  u_bufg_pix/O
                         net (fo=55, unplaced)        0.114     0.892    u_soc/u_vga/u_vga_sync/pix_clk
                         FDCE                                         r  u_soc/u_vga/u_vga_sync/h_count_reg[3]/C
  -------------------------------------------------------------------    -------------------
                         FDCE (Prop_fdce_C_Q)         0.147     1.039 r  u_soc/u_vga/u_vga_sync/h_count_reg[3]/Q
                         net (fo=4, unplaced)         0.151     1.190    u_soc/u_vga/C[0]
                         FDCE                                         r  u_soc/u_vga/fb_addr_0_reg[0]/D
  -------------------------------------------------------------------    -------------------

                         (clock pix_clk_raw rise edge)
                                                      0.000     0.000 r  
    E3                                                0.000     0.000 r  sys_clk_in (IN)
                         net (fo=0)                   0.000     0.000    sys_clk_in
    E3                   IBUF (Prop_ibuf_I_O)         0.438     0.438 r  sys_clk_in_IBUF_inst/O
                         net (fo=1, unplaced)         0.259     0.697    sys_clk_in_IBUF
                         MMCME2_ADV (Prop_mmcme2_adv_CLKIN1_CLKOUT0)
                                                      0.053     0.750 r  u_mmcm/CLKOUT0
                         net (fo=1, unplaced)         0.356     1.106    pix_clk_raw
                         BUFG (Prop_bufg_I_O)         0.029     1.135 r  u_bufg_pix/O
                         net (fo=55, unplaced)        0.259     1.394    u_soc/u_vga/pix_clk
                         FDCE                                         r  u_soc/u_vga/fb_addr_0_reg[0]/C
                         clock pessimism             -0.357     1.037    
                         FDCE (Hold_fdce_C_D)        -0.009     1.028    u_soc/u_vga/fb_addr_0_reg[0]
  -------------------------------------------------------------------
                         required time                         -1.028    
                         arrival time                           1.190    
  -------------------------------------------------------------------
                         slack                                  0.162    

Slack (MET) :             0.162ns  (arrival time - required time)
  Source:                 u_soc/u_vga/u_vga_sync/h_count_reg[4]/C
                            (rising edge-triggered cell FDCE clocked by pix_clk_raw  {rise@0.000ns fall@20.000ns period=40.000ns})
  Destination:            u_soc/u_vga/fb_addr_0_reg[1]/D
                            (rising edge-triggered cell FDCE clocked by pix_clk_raw  {rise@0.000ns fall@20.000ns period=40.000ns})
  Path Group:             pix_clk_raw
  Path Type:              Hold (Min at Fast Process Corner)
  Requirement:            0.000ns  (pix_clk_raw rise@0.000ns - pix_clk_raw rise@0.000ns)
  Data Path Delay:        0.298ns  (logic 0.147ns (49.345%)  route 0.151ns (50.655%))
  Logic Levels:           0  
  Clock Path Skew:        0.145ns (DCD - SCD - CPR)
    Destination Clock Delay (DCD):    1.394ns
    Source Clock Delay      (SCD):    0.892ns
    Clock Pessimism Removal (CPR):    0.357ns

    Location             Delay type                Incr(ns)  Path(ns)    Netlist Resource(s)
  -------------------------------------------------------------------    -------------------
                         (clock pix_clk_raw rise edge)
                                                      0.000     0.000 r  
    E3                                                0.000     0.000 r  sys_clk_in (IN)
                         net (fo=0)                   0.000     0.000    sys_clk_in
    E3                   IBUF (Prop_ibuf_I_O)         0.250     0.250 r  sys_clk_in_IBUF_inst/O
                         net (fo=1, unplaced)         0.114     0.364    sys_clk_in_IBUF
                         MMCME2_ADV (Prop_mmcme2_adv_CLKIN1_CLKOUT0)
                                                      0.050     0.414 r  u_mmcm/CLKOUT0
                         net (fo=1, unplaced)         0.338     0.752    pix_clk_raw
                         BUFG (Prop_bufg_I_O)         0.026     0.778 r  u_bufg_pix/O
                         net (fo=55, unplaced)        0.114     0.892    u_soc/u_vga/u_vga_sync/pix_clk
                         FDCE                                         r  u_soc/u_vga/u_vga_sync/h_count_reg[4]/C
  -------------------------------------------------------------------    -------------------
                         FDCE (Prop_fdce_C_Q)         0.147     1.039 r  u_soc/u_vga/u_vga_sync/h_count_reg[4]/Q
                         net (fo=4, unplaced)         0.151     1.190    u_soc/u_vga/C[1]
                         FDCE                                         r  u_soc/u_vga/fb_addr_0_reg[1]/D
  -------------------------------------------------------------------    -------------------

                         (clock pix_clk_raw rise edge)
                                                      0.000     0.000 r  
    E3                                                0.000     0.000 r  sys_clk_in (IN)
                         net (fo=0)                   0.000     0.000    sys_clk_in
    E3                   IBUF (Prop_ibuf_I_O)         0.438     0.438 r  sys_clk_in_IBUF_inst/O
                         net (fo=1, unplaced)         0.259     0.697    sys_clk_in_IBUF
                         MMCME2_ADV (Prop_mmcme2_adv_CLKIN1_CLKOUT0)
                                                      0.053     0.750 r  u_mmcm/CLKOUT0
                         net (fo=1, unplaced)         0.356     1.106    pix_clk_raw
                         BUFG (Prop_bufg_I_O)         0.029     1.135 r  u_bufg_pix/O
                         net (fo=55, unplaced)        0.259     1.394    u_soc/u_vga/pix_clk
                         FDCE                                         r  u_soc/u_vga/fb_addr_0_reg[1]/C
                         clock pessimism             -0.357     1.037    
                         FDCE (Hold_fdce_C_D)        -0.009     1.028    u_soc/u_vga/fb_addr_0_reg[1]
  -------------------------------------------------------------------
                         required time                         -1.028    
                         arrival time                           1.190    
  -------------------------------------------------------------------
                         slack                                  0.162    





Pulse Width Checks
--------------------------------------------------------------------------------------
Clock Name:         pix_clk_raw
Waveform(ns):       { 0.000 20.000 }
Period(ns):         40.000
Sources:            { u_mmcm/CLKOUT0 }

Check Type        Corner  Lib Pin             Reference Pin  Required(ns)  Actual(ns)  Slack(ns)  Location  Pin
Min Period        n/a     RAMB36E1/CLKBWRCLK  n/a            2.576         40.000      37.424               u_soc/u_cfb/mem_reg/CLKBWRCLK
Min Period        n/a     RAMB18E1/CLKARDCLK  n/a            2.576         40.000      37.424               u_soc/u_font/data_out_reg/CLKARDCLK
Min Period        n/a     BUFG/I              n/a            2.155         40.000      37.845               u_bufg_pix/I
Min Period        n/a     MMCME2_ADV/CLKOUT0  n/a            1.249         40.000      38.751               u_mmcm/CLKOUT0
Min Period        n/a     FDCE/C              n/a            1.000         40.000      39.000               u_soc/u_vga/char_r_reg[0]/C
Min Period        n/a     FDCE/C              n/a            1.000         40.000      39.000               u_soc/u_vga/char_r_reg[1]/C
Min Period        n/a     FDCE/C              n/a            1.000         40.000      39.000               u_soc/u_vga/char_r_reg[2]/C
Min Period        n/a     FDCE/C              n/a            1.000         40.000      39.000               u_soc/u_vga/char_r_reg[3]/C
Min Period        n/a     FDCE/C              n/a            1.000         40.000      39.000               u_soc/u_vga/char_r_reg[4]/C
Min Period        n/a     FDPE/C              n/a            1.000         40.000      39.000               u_soc/u_vga/char_r_reg[5]/C
Max Period        n/a     MMCME2_ADV/CLKOUT0  n/a            213.360       40.000      173.360              u_mmcm/CLKOUT0
Low Pulse Width   Slow    FDCE/C              n/a            0.500         20.000      19.500               u_soc/u_vga/char_r_reg[0]/C
Low Pulse Width   Fast    FDCE/C              n/a            0.500         20.000      19.500               u_soc/u_vga/char_r_reg[0]/C
Low Pulse Width   Slow    FDCE/C              n/a            0.500         20.000      19.500               u_soc/u_vga/char_r_reg[1]/C
Low Pulse Width   Fast    FDCE/C              n/a            0.500         20.000      19.500               u_soc/u_vga/char_r_reg[1]/C
Low Pulse Width   Slow    FDCE/C              n/a            0.500         20.000      19.500               u_soc/u_vga/char_r_reg[2]/C
Low Pulse Width   Fast    FDCE/C              n/a            0.500         20.000      19.500               u_soc/u_vga/char_r_reg[2]/C
Low Pulse Width   Slow    FDCE/C              n/a            0.500         20.000      19.500               u_soc/u_vga/char_r_reg[3]/C
Low Pulse Width   Fast    FDCE/C              n/a            0.500         20.000      19.500               u_soc/u_vga/char_r_reg[3]/C
Low Pulse Width   Slow    FDCE/C              n/a            0.500         20.000      19.500               u_soc/u_vga/char_r_reg[4]/C
Low Pulse Width   Fast    FDCE/C              n/a            0.500         20.000      19.500               u_soc/u_vga/char_r_reg[4]/C
High Pulse Width  Slow    FDCE/C              n/a            0.500         20.000      19.500               u_soc/u_vga/char_r_reg[0]/C
High Pulse Width  Fast    FDCE/C              n/a            0.500         20.000      19.500               u_soc/u_vga/char_r_reg[0]/C
High Pulse Width  Slow    FDCE/C              n/a            0.500         20.000      19.500               u_soc/u_vga/char_r_reg[1]/C
High Pulse Width  Fast    FDCE/C              n/a            0.500         20.000      19.500               u_soc/u_vga/char_r_reg[1]/C
High Pulse Width  Slow    FDCE/C              n/a            0.500         20.000      19.500               u_soc/u_vga/char_r_reg[2]/C
High Pulse Width  Fast    FDCE/C              n/a            0.500         20.000      19.500               u_soc/u_vga/char_r_reg[2]/C
High Pulse Width  Slow    FDCE/C              n/a            0.500         20.000      19.500               u_soc/u_vga/char_r_reg[3]/C
High Pulse Width  Fast    FDCE/C              n/a            0.500         20.000      19.500               u_soc/u_vga/char_r_reg[3]/C
High Pulse Width  Slow    FDCE/C              n/a            0.500         20.000      19.500               u_soc/u_vga/char_r_reg[4]/C
High Pulse Width  Fast    FDCE/C              n/a            0.500         20.000      19.500               u_soc/u_vga/char_r_reg[4]/C



---------------------------------------------------------------------------------------------------
From Clock:  sys_clk_raw
  To Clock:  sys_clk_raw

Setup :            0  Failing Endpoints,  Worst Slack        1.136ns,  Total Violation        0.000ns
Hold  :            0  Failing Endpoints,  Worst Slack        0.070ns,  Total Violation        0.000ns
PW    :            0  Failing Endpoints,  Worst Slack        7.192ns,  Total Violation        0.000ns
---------------------------------------------------------------------------------------------------


Max Delay Paths
--------------------------------------------------------------------------------------
Slack (MET) :             1.136ns  (required time - arrival time)
  Source:                 u_soc/u_gpu/gen_cores[1].u_core/player_idx_reg/C
                            (rising edge-triggered cell FDCE clocked by sys_clk_raw  {rise@0.000ns fall@7.692ns period=15.385ns})
  Destination:            u_soc/u_gpu/gen_cores[1].u_core/ddy_reg[0]/D
                            (rising edge-triggered cell FDPE clocked by sys_clk_raw  {rise@0.000ns fall@7.692ns period=15.385ns})
  Path Group:             sys_clk_raw
  Path Type:              Setup (Max at Slow Process Corner)
  Requirement:            15.385ns  (sys_clk_raw rise@15.385ns - sys_clk_raw rise@0.000ns)
  Data Path Delay:        14.062ns  (logic 8.038ns (57.162%)  route 6.024ns (42.838%))
  Logic Levels:           17  (CARRY4=9 DSP48E1=1 LUT2=1 LUT4=2 LUT5=3 LUT6=1)
  Clock Path Skew:        -0.145ns (DCD - SCD + CPR)
    Destination Clock Delay (DCD):    3.226ns = ( 18.611 - 15.385 ) 
    Source Clock Delay      (SCD):    3.637ns
    Clock Pessimism Removal (CPR):    0.266ns
  Clock Uncertainty:      0.086ns  ((TSJ^2 + DJ^2)^1/2) / 2 + PE
    Total System Jitter     (TSJ):    0.071ns
    Discrete Jitter          (DJ):    0.156ns
    Phase Error              (PE):    0.000ns

    Location             Delay type                Incr(ns)  Path(ns)    Netlist Resource(s)
  -------------------------------------------------------------------    -------------------
                         (clock sys_clk_raw rise edge)
                                                      0.000     0.000 r  
    E3                                                0.000     0.000 r  sys_clk_in (IN)
                         net (fo=0)                   0.000     0.000    sys_clk_in
    E3                   IBUF (Prop_ibuf_I_O)         1.482     1.482 r  sys_clk_in_IBUF_inst/O
                         net (fo=1, unplaced)         0.584     2.066    sys_clk_in_IBUF
                         MMCME2_ADV (Prop_mmcme2_adv_CLKIN1_CLKOUT1)
                                                      0.088     2.154 r  u_mmcm/CLKOUT1
                         net (fo=1, unplaced)         0.803     2.957    sys_clk_raw
                         BUFG (Prop_bufg_I_O)         0.096     3.053 r  u_bufg_sys/O
                         net (fo=1807, unplaced)      0.584     3.637    u_soc/u_gpu/gen_cores[1].u_core/sys_clk
                         FDCE                                         r  u_soc/u_gpu/gen_cores[1].u_core/player_idx_reg/C
  -------------------------------------------------------------------    -------------------
                         FDCE (Prop_fdce_C_Q)         0.478     4.115 r  u_soc/u_gpu/gen_cores[1].u_core/player_idx_reg/Q
                         net (fo=101, unplaced)       0.863     4.978    u_soc/u_gpu/gen_cores[1].u_core/player_idx_reg__31[31]
                         LUT4 (Prop_lut4_I1_O)        0.319     5.297 r  u_soc/u_gpu/gen_cores[1].u_core/rdy_mul_a_i_69__0/O
                         net (fo=1, unplaced)         0.449     5.746    u_soc/u_gpu/gen_cores[1].u_core/rdy_mul_a_i_69__0_n_0
                         LUT6 (Prop_lut6_I5_O)        0.124     5.870 r  u_soc/u_gpu/gen_cores[1].u_core/p_0_out_inferred__2/rdy_mul_a_i_39/O
                         net (fo=1, unplaced)         0.449     6.319    u_soc/u_gpu/gen_cores[1].u_core/p_0_out_inferred__2/rdy_mul_a_i_39_n_0
                         LUT5 (Prop_lut5_I0_O)        0.124     6.443 r  u_soc/u_gpu/gen_cores[1].u_core/p_0_out_inferred__2/rdy_mul_a_i_20/O
                         net (fo=2, unplaced)         0.803     7.246    u_soc/u_gpu/gen_cores[1].u_core/p_0_out_inferred__2/rdy_mul_a_i_20_n_0
                         DSP48E1 (Prop_dsp48e1_A[14]_P[17])
                                                      3.841    11.087 r  u_soc/u_gpu/gen_cores[1].u_core/rdy_mul_a/P[17]
                         net (fo=2, unplaced)         0.803    11.889    u_soc/u_gpu/gen_cores[1].u_core/p_1_in[1]
                         LUT2 (Prop_lut2_I0_O)        0.124    12.013 r  u_soc/u_gpu/gen_cores[1].u_core/ddy[30]_i_52__0/O
                         net (fo=1, unplaced)         0.000    12.013    u_soc/u_gpu/gen_cores[1].u_core/ddy[30]_i_52__0_n_0
                         CARRY4 (Prop_carry4_S[1]_CO[3])
                                                      0.533    12.546 r  u_soc/u_gpu/gen_cores[1].u_core/ddy_reg[30]_i_45__0/CO[3]
                         net (fo=1, unplaced)         0.000    12.546    u_soc/u_gpu/gen_cores[1].u_core/ddy_reg[30]_i_45__0_n_0
                         CARRY4 (Prop_carry4_CI_CO[3])
                                                      0.117    12.663 r  u_soc/u_gpu/gen_cores[1].u_core/ddy_reg[30]_i_35__0/CO[3]
                         net (fo=1, unplaced)         0.000    12.663    u_soc/u_gpu/gen_cores[1].u_core/ddy_reg[30]_i_35__0_n_0
                         CARRY4 (Prop_carry4_CI_CO[3])
                                                      0.117    12.780 r  u_soc/u_gpu/gen_cores[1].u_core/ddy_reg[30]_i_17__0/CO[3]
                         net (fo=1, unplaced)         0.000    12.780    u_soc/u_gpu/gen_cores[1].u_core/ddy_reg[30]_i_17__0_n_0
                         CARRY4 (Prop_carry4_CI_CO[3])
                                                      0.117    12.897 r  u_soc/u_gpu/gen_cores[1].u_core/step_y_neg_reg_i_5__0/CO[3]
                         net (fo=1, unplaced)         0.000    12.897    u_soc/u_gpu/gen_cores[1].u_core/step_y_neg_reg_i_5__0_n_0
                         CARRY4 (Prop_carry4_CI_CO[3])
                                                      0.117    13.014 r  u_soc/u_gpu/gen_cores[1].u_core/step_y_neg_reg_i_4__0/CO[3]
                         net (fo=1, unplaced)         0.000    13.014    u_soc/u_gpu/gen_cores[1].u_core/step_y_neg_reg_i_4__0_n_0
                         CARRY4 (Prop_carry4_CI_CO[0])
                                                      0.281    13.295 r  u_soc/u_gpu/gen_cores[1].u_core/step_y_neg_reg_i_3__0/CO[0]
                         net (fo=15, unplaced)        0.866    14.161    u_soc/u_gpu/gen_cores[1].u_core/step_y_neg_reg_i_3__0_n_3
                         CARRY4 (Prop_carry4_S[3]_CO[3])
                                                      0.743    14.904 r  u_soc/u_gpu/gen_cores[1].u_core/ddy_reg[30]_i_10__0/CO[3]
                         net (fo=1, unplaced)         0.000    14.904    u_soc/u_gpu/gen_cores[1].u_core/ddy_reg[30]_i_10__0_n_0
                         CARRY4 (Prop_carry4_CI_CO[3])
                                                      0.117    15.021 r  u_soc/u_gpu/gen_cores[1].u_core/ddy_reg[30]_i_12__0/CO[3]
                         net (fo=1, unplaced)         0.000    15.021    u_soc/u_gpu/gen_cores[1].u_core/ddy_reg[30]_i_12__0_n_0
                         CARRY4 (Prop_carry4_CI_O[3])
                                                      0.331    15.352 f  u_soc/u_gpu/gen_cores[1].u_core/ddy_reg[30]_i_13__0/O[3]
                         net (fo=1, unplaced)         0.830    16.182    u_soc/u_gpu/gen_cores[1].u_core/ddy4[28]
                         LUT4 (Prop_lut4_I3_O)        0.307    16.489 r  u_soc/u_gpu/gen_cores[1].u_core/ddy[30]_i_14__0/O
                         net (fo=1, unplaced)         0.449    16.938    u_soc/u_gpu/gen_cores[1].u_core/ddy[30]_i_14__0_n_0
                         LUT5 (Prop_lut5_I4_O)        0.124    17.062 r  u_soc/u_gpu/gen_cores[1].u_core/ddy[30]_i_4__0/O
                         net (fo=23, unplaced)        0.512    17.574    u_soc/u_gpu/gen_cores[1].u_core/ddy[30]_i_4__0_n_0
                         LUT5 (Prop_lut5_I2_O)        0.124    17.698 r  u_soc/u_gpu/gen_cores[1].u_core/ddy[0]_i_1__0/O
                         net (fo=1, unplaced)         0.000    17.698    u_soc/u_gpu/gen_cores[1].u_core/ddy[0]_i_1__0_n_0
                         FDPE                                         r  u_soc/u_gpu/gen_cores[1].u_core/ddy_reg[0]/D
  -------------------------------------------------------------------    -------------------

                         (clock sys_clk_raw rise edge)
                                                     15.385    15.385 r  
    E3                                                0.000    15.385 r  sys_clk_in (IN)
                         net (fo=0)                   0.000    15.385    sys_clk_in
    E3                   IBUF (Prop_ibuf_I_O)         1.411    16.796 r  sys_clk_in_IBUF_inst/O
                         net (fo=1, unplaced)         0.439    17.235    sys_clk_in_IBUF
                         MMCME2_ADV (Prop_mmcme2_adv_CLKIN1_CLKOUT1)
                                                      0.083    17.318 r  u_mmcm/CLKOUT1
                         net (fo=1, unplaced)         0.763    18.081    sys_clk_raw
                         BUFG (Prop_bufg_I_O)         0.091    18.172 r  u_bufg_sys/O
                         net (fo=1807, unplaced)      0.439    18.611    u_soc/u_gpu/gen_cores[1].u_core/sys_clk
                         FDPE                                         r  u_soc/u_gpu/gen_cores[1].u_core/ddy_reg[0]/C
                         clock pessimism              0.266    18.876    
                         clock uncertainty           -0.086    18.791    
                         FDPE (Setup_fdpe_C_D)        0.044    18.835    u_soc/u_gpu/gen_cores[1].u_core/ddy_reg[0]
  -------------------------------------------------------------------
                         required time                         18.835    
                         arrival time                         -17.698    
  -------------------------------------------------------------------
                         slack                                  1.136    

Slack (MET) :             1.136ns  (required time - arrival time)
  Source:                 u_soc/u_gpu/gen_cores[1].u_core/player_idx_reg/C
                            (rising edge-triggered cell FDCE clocked by sys_clk_raw  {rise@0.000ns fall@7.692ns period=15.385ns})
  Destination:            u_soc/u_gpu/gen_cores[1].u_core/ddy_reg[10]/D
                            (rising edge-triggered cell FDPE clocked by sys_clk_raw  {rise@0.000ns fall@7.692ns period=15.385ns})
  Path Group:             sys_clk_raw
  Path Type:              Setup (Max at Slow Process Corner)
  Requirement:            15.385ns  (sys_clk_raw rise@15.385ns - sys_clk_raw rise@0.000ns)
  Data Path Delay:        14.062ns  (logic 8.038ns (57.162%)  route 6.024ns (42.838%))
  Logic Levels:           17  (CARRY4=9 DSP48E1=1 LUT2=1 LUT4=2 LUT5=3 LUT6=1)
  Clock Path Skew:        -0.145ns (DCD - SCD + CPR)
    Destination Clock Delay (DCD):    3.226ns = ( 18.611 - 15.385 ) 
    Source Clock Delay      (SCD):    3.637ns
    Clock Pessimism Removal (CPR):    0.266ns
  Clock Uncertainty:      0.086ns  ((TSJ^2 + DJ^2)^1/2) / 2 + PE
    Total System Jitter     (TSJ):    0.071ns
    Discrete Jitter          (DJ):    0.156ns
    Phase Error              (PE):    0.000ns

    Location             Delay type                Incr(ns)  Path(ns)    Netlist Resource(s)
  -------------------------------------------------------------------    -------------------
                         (clock sys_clk_raw rise edge)
                                                      0.000     0.000 r  
    E3                                                0.000     0.000 r  sys_clk_in (IN)
                         net (fo=0)                   0.000     0.000    sys_clk_in
    E3                   IBUF (Prop_ibuf_I_O)         1.482     1.482 r  sys_clk_in_IBUF_inst/O
                         net (fo=1, unplaced)         0.584     2.066    sys_clk_in_IBUF
                         MMCME2_ADV (Prop_mmcme2_adv_CLKIN1_CLKOUT1)
                                                      0.088     2.154 r  u_mmcm/CLKOUT1
                         net (fo=1, unplaced)         0.803     2.957    sys_clk_raw
                         BUFG (Prop_bufg_I_O)         0.096     3.053 r  u_bufg_sys/O
                         net (fo=1807, unplaced)      0.584     3.637    u_soc/u_gpu/gen_cores[1].u_core/sys_clk
                         FDCE                                         r  u_soc/u_gpu/gen_cores[1].u_core/player_idx_reg/C
  -------------------------------------------------------------------    -------------------
                         FDCE (Prop_fdce_C_Q)         0.478     4.115 r  u_soc/u_gpu/gen_cores[1].u_core/player_idx_reg/Q
                         net (fo=101, unplaced)       0.863     4.978    u_soc/u_gpu/gen_cores[1].u_core/player_idx_reg__31[31]
                         LUT4 (Prop_lut4_I1_O)        0.319     5.297 r  u_soc/u_gpu/gen_cores[1].u_core/rdy_mul_a_i_69__0/O
                         net (fo=1, unplaced)         0.449     5.746    u_soc/u_gpu/gen_cores[1].u_core/rdy_mul_a_i_69__0_n_0
                         LUT6 (Prop_lut6_I5_O)        0.124     5.870 r  u_soc/u_gpu/gen_cores[1].u_core/p_0_out_inferred__2/rdy_mul_a_i_39/O
                         net (fo=1, unplaced)         0.449     6.319    u_soc/u_gpu/gen_cores[1].u_core/p_0_out_inferred__2/rdy_mul_a_i_39_n_0
                         LUT5 (Prop_lut5_I0_O)        0.124     6.443 r  u_soc/u_gpu/gen_cores[1].u_core/p_0_out_inferred__2/rdy_mul_a_i_20/O
                         net (fo=2, unplaced)         0.803     7.246    u_soc/u_gpu/gen_cores[1].u_core/p_0_out_inferred__2/rdy_mul_a_i_20_n_0
                         DSP48E1 (Prop_dsp48e1_A[14]_P[17])
                                                      3.841    11.087 r  u_soc/u_gpu/gen_cores[1].u_core/rdy_mul_a/P[17]
                         net (fo=2, unplaced)         0.803    11.889    u_soc/u_gpu/gen_cores[1].u_core/p_1_in[1]
                         LUT2 (Prop_lut2_I0_O)        0.124    12.013 r  u_soc/u_gpu/gen_cores[1].u_core/ddy[30]_i_52__0/O
                         net (fo=1, unplaced)         0.000    12.013    u_soc/u_gpu/gen_cores[1].u_core/ddy[30]_i_52__0_n_0
                         CARRY4 (Prop_carry4_S[1]_CO[3])
                                                      0.533    12.546 r  u_soc/u_gpu/gen_cores[1].u_core/ddy_reg[30]_i_45__0/CO[3]
                         net (fo=1, unplaced)         0.000    12.546    u_soc/u_gpu/gen_cores[1].u_core/ddy_reg[30]_i_45__0_n_0
                         CARRY4 (Prop_carry4_CI_CO[3])
                                                      0.117    12.663 r  u_soc/u_gpu/gen_cores[1].u_core/ddy_reg[30]_i_35__0/CO[3]
                         net (fo=1, unplaced)         0.000    12.663    u_soc/u_gpu/gen_cores[1].u_core/ddy_reg[30]_i_35__0_n_0
                         CARRY4 (Prop_carry4_CI_CO[3])
                                                      0.117    12.780 r  u_soc/u_gpu/gen_cores[1].u_core/ddy_reg[30]_i_17__0/CO[3]
                         net (fo=1, unplaced)         0.000    12.780    u_soc/u_gpu/gen_cores[1].u_core/ddy_reg[30]_i_17__0_n_0
                         CARRY4 (Prop_carry4_CI_CO[3])
                                                      0.117    12.897 r  u_soc/u_gpu/gen_cores[1].u_core/step_y_neg_reg_i_5__0/CO[3]
                         net (fo=1, unplaced)         0.000    12.897    u_soc/u_gpu/gen_cores[1].u_core/step_y_neg_reg_i_5__0_n_0
                         CARRY4 (Prop_carry4_CI_CO[3])
                                                      0.117    13.014 r  u_soc/u_gpu/gen_cores[1].u_core/step_y_neg_reg_i_4__0/CO[3]
                         net (fo=1, unplaced)         0.000    13.014    u_soc/u_gpu/gen_cores[1].u_core/step_y_neg_reg_i_4__0_n_0
                         CARRY4 (Prop_carry4_CI_CO[0])
                                                      0.281    13.295 r  u_soc/u_gpu/gen_cores[1].u_core/step_y_neg_reg_i_3__0/CO[0]
                         net (fo=15, unplaced)        0.866    14.161    u_soc/u_gpu/gen_cores[1].u_core/step_y_neg_reg_i_3__0_n_3
                         CARRY4 (Prop_carry4_S[3]_CO[3])
                                                      0.743    14.904 r  u_soc/u_gpu/gen_cores[1].u_core/ddy_reg[30]_i_10__0/CO[3]
                         net (fo=1, unplaced)         0.000    14.904    u_soc/u_gpu/gen_cores[1].u_core/ddy_reg[30]_i_10__0_n_0
                         CARRY4 (Prop_carry4_CI_CO[3])
                                                      0.117    15.021 r  u_soc/u_gpu/gen_cores[1].u_core/ddy_reg[30]_i_12__0/CO[3]
                         net (fo=1, unplaced)         0.000    15.021    u_soc/u_gpu/gen_cores[1].u_core/ddy_reg[30]_i_12__0_n_0
                         CARRY4 (Prop_carry4_CI_O[3])
                                                      0.331    15.352 f  u_soc/u_gpu/gen_cores[1].u_core/ddy_reg[30]_i_13__0/O[3]
                         net (fo=1, unplaced)         0.830    16.182    u_soc/u_gpu/gen_cores[1].u_core/ddy4[28]
                         LUT4 (Prop_lut4_I3_O)        0.307    16.489 r  u_soc/u_gpu/gen_cores[1].u_core/ddy[30]_i_14__0/O
                         net (fo=1, unplaced)         0.449    16.938    u_soc/u_gpu/gen_cores[1].u_core/ddy[30]_i_14__0_n_0
                         LUT5 (Prop_lut5_I4_O)        0.124    17.062 r  u_soc/u_gpu/gen_cores[1].u_core/ddy[30]_i_4__0/O
                         net (fo=23, unplaced)        0.512    17.574    u_soc/u_gpu/gen_cores[1].u_core/ddy[30]_i_4__0_n_0
                         LUT5 (Prop_lut5_I2_O)        0.124    17.698 r  u_soc/u_gpu/gen_cores[1].u_core/ddy[10]_i_1__0/O
                         net (fo=1, unplaced)         0.000    17.698    u_soc/u_gpu/gen_cores[1].u_core/ddy[10]_i_1__0_n_0
                         FDPE                                         r  u_soc/u_gpu/gen_cores[1].u_core/ddy_reg[10]/D
  -------------------------------------------------------------------    -------------------

                         (clock sys_clk_raw rise edge)
                                                     15.385    15.385 r  
    E3                                                0.000    15.385 r  sys_clk_in (IN)
                         net (fo=0)                   0.000    15.385    sys_clk_in
    E3                   IBUF (Prop_ibuf_I_O)         1.411    16.796 r  sys_clk_in_IBUF_inst/O
                         net (fo=1, unplaced)         0.439    17.235    sys_clk_in_IBUF
                         MMCME2_ADV (Prop_mmcme2_adv_CLKIN1_CLKOUT1)
                                                      0.083    17.318 r  u_mmcm/CLKOUT1
                         net (fo=1, unplaced)         0.763    18.081    sys_clk_raw
                         BUFG (Prop_bufg_I_O)         0.091    18.172 r  u_bufg_sys/O
                         net (fo=1807, unplaced)      0.439    18.611    u_soc/u_gpu/gen_cores[1].u_core/sys_clk
                         FDPE                                         r  u_soc/u_gpu/gen_cores[1].u_core/ddy_reg[10]/C
                         clock pessimism              0.266    18.876    
                         clock uncertainty           -0.086    18.791    
                         FDPE (Setup_fdpe_C_D)        0.044    18.835    u_soc/u_gpu/gen_cores[1].u_core/ddy_reg[10]
  -------------------------------------------------------------------
                         required time                         18.835    
                         arrival time                         -17.698    
  -------------------------------------------------------------------
                         slack                                  1.136    

Slack (MET) :             1.136ns  (required time - arrival time)
  Source:                 u_soc/u_gpu/gen_cores[1].u_core/player_idx_reg/C
                            (rising edge-triggered cell FDCE clocked by sys_clk_raw  {rise@0.000ns fall@7.692ns period=15.385ns})
  Destination:            u_soc/u_gpu/gen_cores[1].u_core/ddy_reg[11]/D
                            (rising edge-triggered cell FDPE clocked by sys_clk_raw  {rise@0.000ns fall@7.692ns period=15.385ns})
  Path Group:             sys_clk_raw
  Path Type:              Setup (Max at Slow Process Corner)
  Requirement:            15.385ns  (sys_clk_raw rise@15.385ns - sys_clk_raw rise@0.000ns)
  Data Path Delay:        14.062ns  (logic 8.038ns (57.162%)  route 6.024ns (42.838%))
  Logic Levels:           17  (CARRY4=9 DSP48E1=1 LUT2=1 LUT4=2 LUT5=3 LUT6=1)
  Clock Path Skew:        -0.145ns (DCD - SCD + CPR)
    Destination Clock Delay (DCD):    3.226ns = ( 18.611 - 15.385 ) 
    Source Clock Delay      (SCD):    3.637ns
    Clock Pessimism Removal (CPR):    0.266ns
  Clock Uncertainty:      0.086ns  ((TSJ^2 + DJ^2)^1/2) / 2 + PE
    Total System Jitter     (TSJ):    0.071ns
    Discrete Jitter          (DJ):    0.156ns
    Phase Error              (PE):    0.000ns

    Location             Delay type                Incr(ns)  Path(ns)    Netlist Resource(s)
  -------------------------------------------------------------------    -------------------
                         (clock sys_clk_raw rise edge)
                                                      0.000     0.000 r  
    E3                                                0.000     0.000 r  sys_clk_in (IN)
                         net (fo=0)                   0.000     0.000    sys_clk_in
    E3                   IBUF (Prop_ibuf_I_O)         1.482     1.482 r  sys_clk_in_IBUF_inst/O
                         net (fo=1, unplaced)         0.584     2.066    sys_clk_in_IBUF
                         MMCME2_ADV (Prop_mmcme2_adv_CLKIN1_CLKOUT1)
                                                      0.088     2.154 r  u_mmcm/CLKOUT1
                         net (fo=1, unplaced)         0.803     2.957    sys_clk_raw
                         BUFG (Prop_bufg_I_O)         0.096     3.053 r  u_bufg_sys/O
                         net (fo=1807, unplaced)      0.584     3.637    u_soc/u_gpu/gen_cores[1].u_core/sys_clk
                         FDCE                                         r  u_soc/u_gpu/gen_cores[1].u_core/player_idx_reg/C
  -------------------------------------------------------------------    -------------------
                         FDCE (Prop_fdce_C_Q)         0.478     4.115 r  u_soc/u_gpu/gen_cores[1].u_core/player_idx_reg/Q
                         net (fo=101, unplaced)       0.863     4.978    u_soc/u_gpu/gen_cores[1].u_core/player_idx_reg__31[31]
                         LUT4 (Prop_lut4_I1_O)        0.319     5.297 r  u_soc/u_gpu/gen_cores[1].u_core/rdy_mul_a_i_69__0/O
                         net (fo=1, unplaced)         0.449     5.746    u_soc/u_gpu/gen_cores[1].u_core/rdy_mul_a_i_69__0_n_0
                         LUT6 (Prop_lut6_I5_O)        0.124     5.870 r  u_soc/u_gpu/gen_cores[1].u_core/p_0_out_inferred__2/rdy_mul_a_i_39/O
                         net (fo=1, unplaced)         0.449     6.319    u_soc/u_gpu/gen_cores[1].u_core/p_0_out_inferred__2/rdy_mul_a_i_39_n_0
                         LUT5 (Prop_lut5_I0_O)        0.124     6.443 r  u_soc/u_gpu/gen_cores[1].u_core/p_0_out_inferred__2/rdy_mul_a_i_20/O
                         net (fo=2, unplaced)         0.803     7.246    u_soc/u_gpu/gen_cores[1].u_core/p_0_out_inferred__2/rdy_mul_a_i_20_n_0
                         DSP48E1 (Prop_dsp48e1_A[14]_P[17])
                                                      3.841    11.087 r  u_soc/u_gpu/gen_cores[1].u_core/rdy_mul_a/P[17]
                         net (fo=2, unplaced)         0.803    11.889    u_soc/u_gpu/gen_cores[1].u_core/p_1_in[1]
                         LUT2 (Prop_lut2_I0_O)        0.124    12.013 r  u_soc/u_gpu/gen_cores[1].u_core/ddy[30]_i_52__0/O
                         net (fo=1, unplaced)         0.000    12.013    u_soc/u_gpu/gen_cores[1].u_core/ddy[30]_i_52__0_n_0
                         CARRY4 (Prop_carry4_S[1]_CO[3])
                                                      0.533    12.546 r  u_soc/u_gpu/gen_cores[1].u_core/ddy_reg[30]_i_45__0/CO[3]
                         net (fo=1, unplaced)         0.000    12.546    u_soc/u_gpu/gen_cores[1].u_core/ddy_reg[30]_i_45__0_n_0
                         CARRY4 (Prop_carry4_CI_CO[3])
                                                      0.117    12.663 r  u_soc/u_gpu/gen_cores[1].u_core/ddy_reg[30]_i_35__0/CO[3]
                         net (fo=1, unplaced)         0.000    12.663    u_soc/u_gpu/gen_cores[1].u_core/ddy_reg[30]_i_35__0_n_0
                         CARRY4 (Prop_carry4_CI_CO[3])
                                                      0.117    12.780 r  u_soc/u_gpu/gen_cores[1].u_core/ddy_reg[30]_i_17__0/CO[3]
                         net (fo=1, unplaced)         0.000    12.780    u_soc/u_gpu/gen_cores[1].u_core/ddy_reg[30]_i_17__0_n_0
                         CARRY4 (Prop_carry4_CI_CO[3])
                                                      0.117    12.897 r  u_soc/u_gpu/gen_cores[1].u_core/step_y_neg_reg_i_5__0/CO[3]
                         net (fo=1, unplaced)         0.000    12.897    u_soc/u_gpu/gen_cores[1].u_core/step_y_neg_reg_i_5__0_n_0
                         CARRY4 (Prop_carry4_CI_CO[3])
                                                      0.117    13.014 r  u_soc/u_gpu/gen_cores[1].u_core/step_y_neg_reg_i_4__0/CO[3]
                         net (fo=1, unplaced)         0.000    13.014    u_soc/u_gpu/gen_cores[1].u_core/step_y_neg_reg_i_4__0_n_0
                         CARRY4 (Prop_carry4_CI_CO[0])
                                                      0.281    13.295 r  u_soc/u_gpu/gen_cores[1].u_core/step_y_neg_reg_i_3__0/CO[0]
                         net (fo=15, unplaced)        0.866    14.161    u_soc/u_gpu/gen_cores[1].u_core/step_y_neg_reg_i_3__0_n_3
                         CARRY4 (Prop_carry4_S[3]_CO[3])
                                                      0.743    14.904 r  u_soc/u_gpu/gen_cores[1].u_core/ddy_reg[30]_i_10__0/CO[3]
                         net (fo=1, unplaced)         0.000    14.904    u_soc/u_gpu/gen_cores[1].u_core/ddy_reg[30]_i_10__0_n_0
                         CARRY4 (Prop_carry4_CI_CO[3])
                                                      0.117    15.021 r  u_soc/u_gpu/gen_cores[1].u_core/ddy_reg[30]_i_12__0/CO[3]
                         net (fo=1, unplaced)         0.000    15.021    u_soc/u_gpu/gen_cores[1].u_core/ddy_reg[30]_i_12__0_n_0
                         CARRY4 (Prop_carry4_CI_O[3])
                                                      0.331    15.352 f  u_soc/u_gpu/gen_cores[1].u_core/ddy_reg[30]_i_13__0/O[3]
                         net (fo=1, unplaced)         0.830    16.182    u_soc/u_gpu/gen_cores[1].u_core/ddy4[28]
                         LUT4 (Prop_lut4_I3_O)        0.307    16.489 r  u_soc/u_gpu/gen_cores[1].u_core/ddy[30]_i_14__0/O
                         net (fo=1, unplaced)         0.449    16.938    u_soc/u_gpu/gen_cores[1].u_core/ddy[30]_i_14__0_n_0
                         LUT5 (Prop_lut5_I4_O)        0.124    17.062 r  u_soc/u_gpu/gen_cores[1].u_core/ddy[30]_i_4__0/O
                         net (fo=23, unplaced)        0.512    17.574    u_soc/u_gpu/gen_cores[1].u_core/ddy[30]_i_4__0_n_0
                         LUT5 (Prop_lut5_I2_O)        0.124    17.698 r  u_soc/u_gpu/gen_cores[1].u_core/ddy[11]_i_1__0/O
                         net (fo=1, unplaced)         0.000    17.698    u_soc/u_gpu/gen_cores[1].u_core/ddy[11]_i_1__0_n_0
                         FDPE                                         r  u_soc/u_gpu/gen_cores[1].u_core/ddy_reg[11]/D
  -------------------------------------------------------------------    -------------------

                         (clock sys_clk_raw rise edge)
                                                     15.385    15.385 r  
    E3                                                0.000    15.385 r  sys_clk_in (IN)
                         net (fo=0)                   0.000    15.385    sys_clk_in
    E3                   IBUF (Prop_ibuf_I_O)         1.411    16.796 r  sys_clk_in_IBUF_inst/O
                         net (fo=1, unplaced)         0.439    17.235    sys_clk_in_IBUF
                         MMCME2_ADV (Prop_mmcme2_adv_CLKIN1_CLKOUT1)
                                                      0.083    17.318 r  u_mmcm/CLKOUT1
                         net (fo=1, unplaced)         0.763    18.081    sys_clk_raw
                         BUFG (Prop_bufg_I_O)         0.091    18.172 r  u_bufg_sys/O
                         net (fo=1807, unplaced)      0.439    18.611    u_soc/u_gpu/gen_cores[1].u_core/sys_clk
                         FDPE                                         r  u_soc/u_gpu/gen_cores[1].u_core/ddy_reg[11]/C
                         clock pessimism              0.266    18.876    
                         clock uncertainty           -0.086    18.791    
                         FDPE (Setup_fdpe_C_D)        0.044    18.835    u_soc/u_gpu/gen_cores[1].u_core/ddy_reg[11]
  -------------------------------------------------------------------
                         required time                         18.835    
                         arrival time                         -17.698    
  -------------------------------------------------------------------
                         slack                                  1.136    

Slack (MET) :             1.136ns  (required time - arrival time)
  Source:                 u_soc/u_gpu/gen_cores[1].u_core/player_idx_reg/C
                            (rising edge-triggered cell FDCE clocked by sys_clk_raw  {rise@0.000ns fall@7.692ns period=15.385ns})
  Destination:            u_soc/u_gpu/gen_cores[1].u_core/ddy_reg[12]/D
                            (rising edge-triggered cell FDPE clocked by sys_clk_raw  {rise@0.000ns fall@7.692ns period=15.385ns})
  Path Group:             sys_clk_raw
  Path Type:              Setup (Max at Slow Process Corner)
  Requirement:            15.385ns  (sys_clk_raw rise@15.385ns - sys_clk_raw rise@0.000ns)
  Data Path Delay:        14.062ns  (logic 8.038ns (57.162%)  route 6.024ns (42.838%))
  Logic Levels:           17  (CARRY4=9 DSP48E1=1 LUT2=1 LUT4=2 LUT5=3 LUT6=1)
  Clock Path Skew:        -0.145ns (DCD - SCD + CPR)
    Destination Clock Delay (DCD):    3.226ns = ( 18.611 - 15.385 ) 
    Source Clock Delay      (SCD):    3.637ns
    Clock Pessimism Removal (CPR):    0.266ns
  Clock Uncertainty:      0.086ns  ((TSJ^2 + DJ^2)^1/2) / 2 + PE
    Total System Jitter     (TSJ):    0.071ns
    Discrete Jitter          (DJ):    0.156ns
    Phase Error              (PE):    0.000ns

    Location             Delay type                Incr(ns)  Path(ns)    Netlist Resource(s)
  -------------------------------------------------------------------    -------------------
                         (clock sys_clk_raw rise edge)
                                                      0.000     0.000 r  
    E3                                                0.000     0.000 r  sys_clk_in (IN)
                         net (fo=0)                   0.000     0.000    sys_clk_in
    E3                   IBUF (Prop_ibuf_I_O)         1.482     1.482 r  sys_clk_in_IBUF_inst/O
                         net (fo=1, unplaced)         0.584     2.066    sys_clk_in_IBUF
                         MMCME2_ADV (Prop_mmcme2_adv_CLKIN1_CLKOUT1)
                                                      0.088     2.154 r  u_mmcm/CLKOUT1
                         net (fo=1, unplaced)         0.803     2.957    sys_clk_raw
                         BUFG (Prop_bufg_I_O)         0.096     3.053 r  u_bufg_sys/O
                         net (fo=1807, unplaced)      0.584     3.637    u_soc/u_gpu/gen_cores[1].u_core/sys_clk
                         FDCE                                         r  u_soc/u_gpu/gen_cores[1].u_core/player_idx_reg/C
  -------------------------------------------------------------------    -------------------
                         FDCE (Prop_fdce_C_Q)         0.478     4.115 r  u_soc/u_gpu/gen_cores[1].u_core/player_idx_reg/Q
                         net (fo=101, unplaced)       0.863     4.978    u_soc/u_gpu/gen_cores[1].u_core/player_idx_reg__31[31]
                         LUT4 (Prop_lut4_I1_O)        0.319     5.297 r  u_soc/u_gpu/gen_cores[1].u_core/rdy_mul_a_i_69__0/O
                         net (fo=1, unplaced)         0.449     5.746    u_soc/u_gpu/gen_cores[1].u_core/rdy_mul_a_i_69__0_n_0
                         LUT6 (Prop_lut6_I5_O)        0.124     5.870 r  u_soc/u_gpu/gen_cores[1].u_core/p_0_out_inferred__2/rdy_mul_a_i_39/O
                         net (fo=1, unplaced)         0.449     6.319    u_soc/u_gpu/gen_cores[1].u_core/p_0_out_inferred__2/rdy_mul_a_i_39_n_0
                         LUT5 (Prop_lut5_I0_O)        0.124     6.443 r  u_soc/u_gpu/gen_cores[1].u_core/p_0_out_inferred__2/rdy_mul_a_i_20/O
                         net (fo=2, unplaced)         0.803     7.246    u_soc/u_gpu/gen_cores[1].u_core/p_0_out_inferred__2/rdy_mul_a_i_20_n_0
                         DSP48E1 (Prop_dsp48e1_A[14]_P[17])
                                                      3.841    11.087 r  u_soc/u_gpu/gen_cores[1].u_core/rdy_mul_a/P[17]
                         net (fo=2, unplaced)         0.803    11.889    u_soc/u_gpu/gen_cores[1].u_core/p_1_in[1]
                         LUT2 (Prop_lut2_I0_O)        0.124    12.013 r  u_soc/u_gpu/gen_cores[1].u_core/ddy[30]_i_52__0/O
                         net (fo=1, unplaced)         0.000    12.013    u_soc/u_gpu/gen_cores[1].u_core/ddy[30]_i_52__0_n_0
                         CARRY4 (Prop_carry4_S[1]_CO[3])
                                                      0.533    12.546 r  u_soc/u_gpu/gen_cores[1].u_core/ddy_reg[30]_i_45__0/CO[3]
                         net (fo=1, unplaced)         0.000    12.546    u_soc/u_gpu/gen_cores[1].u_core/ddy_reg[30]_i_45__0_n_0
                         CARRY4 (Prop_carry4_CI_CO[3])
                                                      0.117    12.663 r  u_soc/u_gpu/gen_cores[1].u_core/ddy_reg[30]_i_35__0/CO[3]
                         net (fo=1, unplaced)         0.000    12.663    u_soc/u_gpu/gen_cores[1].u_core/ddy_reg[30]_i_35__0_n_0
                         CARRY4 (Prop_carry4_CI_CO[3])
                                                      0.117    12.780 r  u_soc/u_gpu/gen_cores[1].u_core/ddy_reg[30]_i_17__0/CO[3]
                         net (fo=1, unplaced)         0.000    12.780    u_soc/u_gpu/gen_cores[1].u_core/ddy_reg[30]_i_17__0_n_0
                         CARRY4 (Prop_carry4_CI_CO[3])
                                                      0.117    12.897 r  u_soc/u_gpu/gen_cores[1].u_core/step_y_neg_reg_i_5__0/CO[3]
                         net (fo=1, unplaced)         0.000    12.897    u_soc/u_gpu/gen_cores[1].u_core/step_y_neg_reg_i_5__0_n_0
                         CARRY4 (Prop_carry4_CI_CO[3])
                                                      0.117    13.014 r  u_soc/u_gpu/gen_cores[1].u_core/step_y_neg_reg_i_4__0/CO[3]
                         net (fo=1, unplaced)         0.000    13.014    u_soc/u_gpu/gen_cores[1].u_core/step_y_neg_reg_i_4__0_n_0
                         CARRY4 (Prop_carry4_CI_CO[0])
                                                      0.281    13.295 r  u_soc/u_gpu/gen_cores[1].u_core/step_y_neg_reg_i_3__0/CO[0]
                         net (fo=15, unplaced)        0.866    14.161    u_soc/u_gpu/gen_cores[1].u_core/step_y_neg_reg_i_3__0_n_3
                         CARRY4 (Prop_carry4_S[3]_CO[3])
                                                      0.743    14.904 r  u_soc/u_gpu/gen_cores[1].u_core/ddy_reg[30]_i_10__0/CO[3]
                         net (fo=1, unplaced)         0.000    14.904    u_soc/u_gpu/gen_cores[1].u_core/ddy_reg[30]_i_10__0_n_0
                         CARRY4 (Prop_carry4_CI_CO[3])
                                                      0.117    15.021 r  u_soc/u_gpu/gen_cores[1].u_core/ddy_reg[30]_i_12__0/CO[3]
                         net (fo=1, unplaced)         0.000    15.021    u_soc/u_gpu/gen_cores[1].u_core/ddy_reg[30]_i_12__0_n_0
                         CARRY4 (Prop_carry4_CI_O[3])
                                                      0.331    15.352 f  u_soc/u_gpu/gen_cores[1].u_core/ddy_reg[30]_i_13__0/O[3]
                         net (fo=1, unplaced)         0.830    16.182    u_soc/u_gpu/gen_cores[1].u_core/ddy4[28]
                         LUT4 (Prop_lut4_I3_O)        0.307    16.489 r  u_soc/u_gpu/gen_cores[1].u_core/ddy[30]_i_14__0/O
                         net (fo=1, unplaced)         0.449    16.938    u_soc/u_gpu/gen_cores[1].u_core/ddy[30]_i_14__0_n_0
                         LUT5 (Prop_lut5_I4_O)        0.124    17.062 r  u_soc/u_gpu/gen_cores[1].u_core/ddy[30]_i_4__0/O
                         net (fo=23, unplaced)        0.512    17.574    u_soc/u_gpu/gen_cores[1].u_core/ddy[30]_i_4__0_n_0
                         LUT5 (Prop_lut5_I2_O)        0.124    17.698 r  u_soc/u_gpu/gen_cores[1].u_core/ddy[12]_i_1__0/O
                         net (fo=1, unplaced)         0.000    17.698    u_soc/u_gpu/gen_cores[1].u_core/ddy[12]_i_1__0_n_0
                         FDPE                                         r  u_soc/u_gpu/gen_cores[1].u_core/ddy_reg[12]/D
  -------------------------------------------------------------------    -------------------

                         (clock sys_clk_raw rise edge)
                                                     15.385    15.385 r  
    E3                                                0.000    15.385 r  sys_clk_in (IN)
                         net (fo=0)                   0.000    15.385    sys_clk_in
    E3                   IBUF (Prop_ibuf_I_O)         1.411    16.796 r  sys_clk_in_IBUF_inst/O
                         net (fo=1, unplaced)         0.439    17.235    sys_clk_in_IBUF
                         MMCME2_ADV (Prop_mmcme2_adv_CLKIN1_CLKOUT1)
                                                      0.083    17.318 r  u_mmcm/CLKOUT1
                         net (fo=1, unplaced)         0.763    18.081    sys_clk_raw
                         BUFG (Prop_bufg_I_O)         0.091    18.172 r  u_bufg_sys/O
                         net (fo=1807, unplaced)      0.439    18.611    u_soc/u_gpu/gen_cores[1].u_core/sys_clk
                         FDPE                                         r  u_soc/u_gpu/gen_cores[1].u_core/ddy_reg[12]/C
                         clock pessimism              0.266    18.876    
                         clock uncertainty           -0.086    18.791    
                         FDPE (Setup_fdpe_C_D)        0.044    18.835    u_soc/u_gpu/gen_cores[1].u_core/ddy_reg[12]
  -------------------------------------------------------------------
                         required time                         18.835    
                         arrival time                         -17.698    
  -------------------------------------------------------------------
                         slack                                  1.136    

Slack (MET) :             1.136ns  (required time - arrival time)
  Source:                 u_soc/u_gpu/gen_cores[1].u_core/player_idx_reg/C
                            (rising edge-triggered cell FDCE clocked by sys_clk_raw  {rise@0.000ns fall@7.692ns period=15.385ns})
  Destination:            u_soc/u_gpu/gen_cores[1].u_core/ddy_reg[13]/D
                            (rising edge-triggered cell FDPE clocked by sys_clk_raw  {rise@0.000ns fall@7.692ns period=15.385ns})
  Path Group:             sys_clk_raw
  Path Type:              Setup (Max at Slow Process Corner)
  Requirement:            15.385ns  (sys_clk_raw rise@15.385ns - sys_clk_raw rise@0.000ns)
  Data Path Delay:        14.062ns  (logic 8.038ns (57.162%)  route 6.024ns (42.838%))
  Logic Levels:           17  (CARRY4=9 DSP48E1=1 LUT2=1 LUT4=2 LUT5=3 LUT6=1)
  Clock Path Skew:        -0.145ns (DCD - SCD + CPR)
    Destination Clock Delay (DCD):    3.226ns = ( 18.611 - 15.385 ) 
    Source Clock Delay      (SCD):    3.637ns
    Clock Pessimism Removal (CPR):    0.266ns
  Clock Uncertainty:      0.086ns  ((TSJ^2 + DJ^2)^1/2) / 2 + PE
    Total System Jitter     (TSJ):    0.071ns
    Discrete Jitter          (DJ):    0.156ns
    Phase Error              (PE):    0.000ns

    Location             Delay type                Incr(ns)  Path(ns)    Netlist Resource(s)
  -------------------------------------------------------------------    -------------------
                         (clock sys_clk_raw rise edge)
                                                      0.000     0.000 r  
    E3                                                0.000     0.000 r  sys_clk_in (IN)
                         net (fo=0)                   0.000     0.000    sys_clk_in
    E3                   IBUF (Prop_ibuf_I_O)         1.482     1.482 r  sys_clk_in_IBUF_inst/O
                         net (fo=1, unplaced)         0.584     2.066    sys_clk_in_IBUF
                         MMCME2_ADV (Prop_mmcme2_adv_CLKIN1_CLKOUT1)
                                                      0.088     2.154 r  u_mmcm/CLKOUT1
                         net (fo=1, unplaced)         0.803     2.957    sys_clk_raw
                         BUFG (Prop_bufg_I_O)         0.096     3.053 r  u_bufg_sys/O
                         net (fo=1807, unplaced)      0.584     3.637    u_soc/u_gpu/gen_cores[1].u_core/sys_clk
                         FDCE                                         r  u_soc/u_gpu/gen_cores[1].u_core/player_idx_reg/C
  -------------------------------------------------------------------    -------------------
                         FDCE (Prop_fdce_C_Q)         0.478     4.115 r  u_soc/u_gpu/gen_cores[1].u_core/player_idx_reg/Q
                         net (fo=101, unplaced)       0.863     4.978    u_soc/u_gpu/gen_cores[1].u_core/player_idx_reg__31[31]
                         LUT4 (Prop_lut4_I1_O)        0.319     5.297 r  u_soc/u_gpu/gen_cores[1].u_core/rdy_mul_a_i_69__0/O
                         net (fo=1, unplaced)         0.449     5.746    u_soc/u_gpu/gen_cores[1].u_core/rdy_mul_a_i_69__0_n_0
                         LUT6 (Prop_lut6_I5_O)        0.124     5.870 r  u_soc/u_gpu/gen_cores[1].u_core/p_0_out_inferred__2/rdy_mul_a_i_39/O
                         net (fo=1, unplaced)         0.449     6.319    u_soc/u_gpu/gen_cores[1].u_core/p_0_out_inferred__2/rdy_mul_a_i_39_n_0
                         LUT5 (Prop_lut5_I0_O)        0.124     6.443 r  u_soc/u_gpu/gen_cores[1].u_core/p_0_out_inferred__2/rdy_mul_a_i_20/O
                         net (fo=2, unplaced)         0.803     7.246    u_soc/u_gpu/gen_cores[1].u_core/p_0_out_inferred__2/rdy_mul_a_i_20_n_0
                         DSP48E1 (Prop_dsp48e1_A[14]_P[17])
                                                      3.841    11.087 r  u_soc/u_gpu/gen_cores[1].u_core/rdy_mul_a/P[17]
                         net (fo=2, unplaced)         0.803    11.889    u_soc/u_gpu/gen_cores[1].u_core/p_1_in[1]
                         LUT2 (Prop_lut2_I0_O)        0.124    12.013 r  u_soc/u_gpu/gen_cores[1].u_core/ddy[30]_i_52__0/O
                         net (fo=1, unplaced)         0.000    12.013    u_soc/u_gpu/gen_cores[1].u_core/ddy[30]_i_52__0_n_0
                         CARRY4 (Prop_carry4_S[1]_CO[3])
                                                      0.533    12.546 r  u_soc/u_gpu/gen_cores[1].u_core/ddy_reg[30]_i_45__0/CO[3]
                         net (fo=1, unplaced)         0.000    12.546    u_soc/u_gpu/gen_cores[1].u_core/ddy_reg[30]_i_45__0_n_0
                         CARRY4 (Prop_carry4_CI_CO[3])
                                                      0.117    12.663 r  u_soc/u_gpu/gen_cores[1].u_core/ddy_reg[30]_i_35__0/CO[3]
                         net (fo=1, unplaced)         0.000    12.663    u_soc/u_gpu/gen_cores[1].u_core/ddy_reg[30]_i_35__0_n_0
                         CARRY4 (Prop_carry4_CI_CO[3])
                                                      0.117    12.780 r  u_soc/u_gpu/gen_cores[1].u_core/ddy_reg[30]_i_17__0/CO[3]
                         net (fo=1, unplaced)         0.000    12.780    u_soc/u_gpu/gen_cores[1].u_core/ddy_reg[30]_i_17__0_n_0
                         CARRY4 (Prop_carry4_CI_CO[3])
                                                      0.117    12.897 r  u_soc/u_gpu/gen_cores[1].u_core/step_y_neg_reg_i_5__0/CO[3]
                         net (fo=1, unplaced)         0.000    12.897    u_soc/u_gpu/gen_cores[1].u_core/step_y_neg_reg_i_5__0_n_0
                         CARRY4 (Prop_carry4_CI_CO[3])
                                                      0.117    13.014 r  u_soc/u_gpu/gen_cores[1].u_core/step_y_neg_reg_i_4__0/CO[3]
                         net (fo=1, unplaced)         0.000    13.014    u_soc/u_gpu/gen_cores[1].u_core/step_y_neg_reg_i_4__0_n_0
                         CARRY4 (Prop_carry4_CI_CO[0])
                                                      0.281    13.295 r  u_soc/u_gpu/gen_cores[1].u_core/step_y_neg_reg_i_3__0/CO[0]
                         net (fo=15, unplaced)        0.866    14.161    u_soc/u_gpu/gen_cores[1].u_core/step_y_neg_reg_i_3__0_n_3
                         CARRY4 (Prop_carry4_S[3]_CO[3])
                                                      0.743    14.904 r  u_soc/u_gpu/gen_cores[1].u_core/ddy_reg[30]_i_10__0/CO[3]
                         net (fo=1, unplaced)         0.000    14.904    u_soc/u_gpu/gen_cores[1].u_core/ddy_reg[30]_i_10__0_n_0
                         CARRY4 (Prop_carry4_CI_CO[3])
                                                      0.117    15.021 r  u_soc/u_gpu/gen_cores[1].u_core/ddy_reg[30]_i_12__0/CO[3]
                         net (fo=1, unplaced)         0.000    15.021    u_soc/u_gpu/gen_cores[1].u_core/ddy_reg[30]_i_12__0_n_0
                         CARRY4 (Prop_carry4_CI_O[3])
                                                      0.331    15.352 f  u_soc/u_gpu/gen_cores[1].u_core/ddy_reg[30]_i_13__0/O[3]
                         net (fo=1, unplaced)         0.830    16.182    u_soc/u_gpu/gen_cores[1].u_core/ddy4[28]
                         LUT4 (Prop_lut4_I3_O)        0.307    16.489 r  u_soc/u_gpu/gen_cores[1].u_core/ddy[30]_i_14__0/O
                         net (fo=1, unplaced)         0.449    16.938    u_soc/u_gpu/gen_cores[1].u_core/ddy[30]_i_14__0_n_0
                         LUT5 (Prop_lut5_I4_O)        0.124    17.062 r  u_soc/u_gpu/gen_cores[1].u_core/ddy[30]_i_4__0/O
                         net (fo=23, unplaced)        0.512    17.574    u_soc/u_gpu/gen_cores[1].u_core/ddy[30]_i_4__0_n_0
                         LUT5 (Prop_lut5_I2_O)        0.124    17.698 r  u_soc/u_gpu/gen_cores[1].u_core/ddy[13]_i_1__0/O
                         net (fo=1, unplaced)         0.000    17.698    u_soc/u_gpu/gen_cores[1].u_core/ddy[13]_i_1__0_n_0
                         FDPE                                         r  u_soc/u_gpu/gen_cores[1].u_core/ddy_reg[13]/D
  -------------------------------------------------------------------    -------------------

                         (clock sys_clk_raw rise edge)
                                                     15.385    15.385 r  
    E3                                                0.000    15.385 r  sys_clk_in (IN)
                         net (fo=0)                   0.000    15.385    sys_clk_in
    E3                   IBUF (Prop_ibuf_I_O)         1.411    16.796 r  sys_clk_in_IBUF_inst/O
                         net (fo=1, unplaced)         0.439    17.235    sys_clk_in_IBUF
                         MMCME2_ADV (Prop_mmcme2_adv_CLKIN1_CLKOUT1)
                                                      0.083    17.318 r  u_mmcm/CLKOUT1
                         net (fo=1, unplaced)         0.763    18.081    sys_clk_raw
                         BUFG (Prop_bufg_I_O)         0.091    18.172 r  u_bufg_sys/O
                         net (fo=1807, unplaced)      0.439    18.611    u_soc/u_gpu/gen_cores[1].u_core/sys_clk
                         FDPE                                         r  u_soc/u_gpu/gen_cores[1].u_core/ddy_reg[13]/C
                         clock pessimism              0.266    18.876    
                         clock uncertainty           -0.086    18.791    
                         FDPE (Setup_fdpe_C_D)        0.044    18.835    u_soc/u_gpu/gen_cores[1].u_core/ddy_reg[13]
  -------------------------------------------------------------------
                         required time                         18.835    
                         arrival time                         -17.698    
  -------------------------------------------------------------------
                         slack                                  1.136    

Slack (MET) :             1.136ns  (required time - arrival time)
  Source:                 u_soc/u_gpu/gen_cores[1].u_core/player_idx_reg/C
                            (rising edge-triggered cell FDCE clocked by sys_clk_raw  {rise@0.000ns fall@7.692ns period=15.385ns})
  Destination:            u_soc/u_gpu/gen_cores[1].u_core/ddy_reg[14]/D
                            (rising edge-triggered cell FDPE clocked by sys_clk_raw  {rise@0.000ns fall@7.692ns period=15.385ns})
  Path Group:             sys_clk_raw
  Path Type:              Setup (Max at Slow Process Corner)
  Requirement:            15.385ns  (sys_clk_raw rise@15.385ns - sys_clk_raw rise@0.000ns)
  Data Path Delay:        14.062ns  (logic 8.038ns (57.162%)  route 6.024ns (42.838%))
  Logic Levels:           17  (CARRY4=9 DSP48E1=1 LUT2=1 LUT4=2 LUT5=3 LUT6=1)
  Clock Path Skew:        -0.145ns (DCD - SCD + CPR)
    Destination Clock Delay (DCD):    3.226ns = ( 18.611 - 15.385 ) 
    Source Clock Delay      (SCD):    3.637ns
    Clock Pessimism Removal (CPR):    0.266ns
  Clock Uncertainty:      0.086ns  ((TSJ^2 + DJ^2)^1/2) / 2 + PE
    Total System Jitter     (TSJ):    0.071ns
    Discrete Jitter          (DJ):    0.156ns
    Phase Error              (PE):    0.000ns

    Location             Delay type                Incr(ns)  Path(ns)    Netlist Resource(s)
  -------------------------------------------------------------------    -------------------
                         (clock sys_clk_raw rise edge)
                                                      0.000     0.000 r  
    E3                                                0.000     0.000 r  sys_clk_in (IN)
                         net (fo=0)                   0.000     0.000    sys_clk_in
    E3                   IBUF (Prop_ibuf_I_O)         1.482     1.482 r  sys_clk_in_IBUF_inst/O
                         net (fo=1, unplaced)         0.584     2.066    sys_clk_in_IBUF
                         MMCME2_ADV (Prop_mmcme2_adv_CLKIN1_CLKOUT1)
                                                      0.088     2.154 r  u_mmcm/CLKOUT1
                         net (fo=1, unplaced)         0.803     2.957    sys_clk_raw
                         BUFG (Prop_bufg_I_O)         0.096     3.053 r  u_bufg_sys/O
                         net (fo=1807, unplaced)      0.584     3.637    u_soc/u_gpu/gen_cores[1].u_core/sys_clk
                         FDCE                                         r  u_soc/u_gpu/gen_cores[1].u_core/player_idx_reg/C
  -------------------------------------------------------------------    -------------------
                         FDCE (Prop_fdce_C_Q)         0.478     4.115 r  u_soc/u_gpu/gen_cores[1].u_core/player_idx_reg/Q
                         net (fo=101, unplaced)       0.863     4.978    u_soc/u_gpu/gen_cores[1].u_core/player_idx_reg__31[31]
                         LUT4 (Prop_lut4_I1_O)        0.319     5.297 r  u_soc/u_gpu/gen_cores[1].u_core/rdy_mul_a_i_69__0/O
                         net (fo=1, unplaced)         0.449     5.746    u_soc/u_gpu/gen_cores[1].u_core/rdy_mul_a_i_69__0_n_0
                         LUT6 (Prop_lut6_I5_O)        0.124     5.870 r  u_soc/u_gpu/gen_cores[1].u_core/p_0_out_inferred__2/rdy_mul_a_i_39/O
                         net (fo=1, unplaced)         0.449     6.319    u_soc/u_gpu/gen_cores[1].u_core/p_0_out_inferred__2/rdy_mul_a_i_39_n_0
                         LUT5 (Prop_lut5_I0_O)        0.124     6.443 r  u_soc/u_gpu/gen_cores[1].u_core/p_0_out_inferred__2/rdy_mul_a_i_20/O
                         net (fo=2, unplaced)         0.803     7.246    u_soc/u_gpu/gen_cores[1].u_core/p_0_out_inferred__2/rdy_mul_a_i_20_n_0
                         DSP48E1 (Prop_dsp48e1_A[14]_P[17])
                                                      3.841    11.087 r  u_soc/u_gpu/gen_cores[1].u_core/rdy_mul_a/P[17]
                         net (fo=2, unplaced)         0.803    11.889    u_soc/u_gpu/gen_cores[1].u_core/p_1_in[1]
                         LUT2 (Prop_lut2_I0_O)        0.124    12.013 r  u_soc/u_gpu/gen_cores[1].u_core/ddy[30]_i_52__0/O
                         net (fo=1, unplaced)         0.000    12.013    u_soc/u_gpu/gen_cores[1].u_core/ddy[30]_i_52__0_n_0
                         CARRY4 (Prop_carry4_S[1]_CO[3])
                                                      0.533    12.546 r  u_soc/u_gpu/gen_cores[1].u_core/ddy_reg[30]_i_45__0/CO[3]
                         net (fo=1, unplaced)         0.000    12.546    u_soc/u_gpu/gen_cores[1].u_core/ddy_reg[30]_i_45__0_n_0
                         CARRY4 (Prop_carry4_CI_CO[3])
                                                      0.117    12.663 r  u_soc/u_gpu/gen_cores[1].u_core/ddy_reg[30]_i_35__0/CO[3]
                         net (fo=1, unplaced)         0.000    12.663    u_soc/u_gpu/gen_cores[1].u_core/ddy_reg[30]_i_35__0_n_0
                         CARRY4 (Prop_carry4_CI_CO[3])
                                                      0.117    12.780 r  u_soc/u_gpu/gen_cores[1].u_core/ddy_reg[30]_i_17__0/CO[3]
                         net (fo=1, unplaced)         0.000    12.780    u_soc/u_gpu/gen_cores[1].u_core/ddy_reg[30]_i_17__0_n_0
                         CARRY4 (Prop_carry4_CI_CO[3])
                                                      0.117    12.897 r  u_soc/u_gpu/gen_cores[1].u_core/step_y_neg_reg_i_5__0/CO[3]
                         net (fo=1, unplaced)         0.000    12.897    u_soc/u_gpu/gen_cores[1].u_core/step_y_neg_reg_i_5__0_n_0
                         CARRY4 (Prop_carry4_CI_CO[3])
                                                      0.117    13.014 r  u_soc/u_gpu/gen_cores[1].u_core/step_y_neg_reg_i_4__0/CO[3]
                         net (fo=1, unplaced)         0.000    13.014    u_soc/u_gpu/gen_cores[1].u_core/step_y_neg_reg_i_4__0_n_0
                         CARRY4 (Prop_carry4_CI_CO[0])
                                                      0.281    13.295 r  u_soc/u_gpu/gen_cores[1].u_core/step_y_neg_reg_i_3__0/CO[0]
                         net (fo=15, unplaced)        0.866    14.161    u_soc/u_gpu/gen_cores[1].u_core/step_y_neg_reg_i_3__0_n_3
                         CARRY4 (Prop_carry4_S[3]_CO[3])
                                                      0.743    14.904 r  u_soc/u_gpu/gen_cores[1].u_core/ddy_reg[30]_i_10__0/CO[3]
                         net (fo=1, unplaced)         0.000    14.904    u_soc/u_gpu/gen_cores[1].u_core/ddy_reg[30]_i_10__0_n_0
                         CARRY4 (Prop_carry4_CI_CO[3])
                                                      0.117    15.021 r  u_soc/u_gpu/gen_cores[1].u_core/ddy_reg[30]_i_12__0/CO[3]
                         net (fo=1, unplaced)         0.000    15.021    u_soc/u_gpu/gen_cores[1].u_core/ddy_reg[30]_i_12__0_n_0
                         CARRY4 (Prop_carry4_CI_O[3])
                                                      0.331    15.352 f  u_soc/u_gpu/gen_cores[1].u_core/ddy_reg[30]_i_13__0/O[3]
                         net (fo=1, unplaced)         0.830    16.182    u_soc/u_gpu/gen_cores[1].u_core/ddy4[28]
                         LUT4 (Prop_lut4_I3_O)        0.307    16.489 r  u_soc/u_gpu/gen_cores[1].u_core/ddy[30]_i_14__0/O
                         net (fo=1, unplaced)         0.449    16.938    u_soc/u_gpu/gen_cores[1].u_core/ddy[30]_i_14__0_n_0
                         LUT5 (Prop_lut5_I4_O)        0.124    17.062 r  u_soc/u_gpu/gen_cores[1].u_core/ddy[30]_i_4__0/O
                         net (fo=23, unplaced)        0.512    17.574    u_soc/u_gpu/gen_cores[1].u_core/ddy[30]_i_4__0_n_0
                         LUT5 (Prop_lut5_I2_O)        0.124    17.698 r  u_soc/u_gpu/gen_cores[1].u_core/ddy[14]_i_1__0/O
                         net (fo=1, unplaced)         0.000    17.698    u_soc/u_gpu/gen_cores[1].u_core/ddy[14]_i_1__0_n_0
                         FDPE                                         r  u_soc/u_gpu/gen_cores[1].u_core/ddy_reg[14]/D
  -------------------------------------------------------------------    -------------------

                         (clock sys_clk_raw rise edge)
                                                     15.385    15.385 r  
    E3                                                0.000    15.385 r  sys_clk_in (IN)
                         net (fo=0)                   0.000    15.385    sys_clk_in
    E3                   IBUF (Prop_ibuf_I_O)         1.411    16.796 r  sys_clk_in_IBUF_inst/O
                         net (fo=1, unplaced)         0.439    17.235    sys_clk_in_IBUF
                         MMCME2_ADV (Prop_mmcme2_adv_CLKIN1_CLKOUT1)
                                                      0.083    17.318 r  u_mmcm/CLKOUT1
                         net (fo=1, unplaced)         0.763    18.081    sys_clk_raw
                         BUFG (Prop_bufg_I_O)         0.091    18.172 r  u_bufg_sys/O
                         net (fo=1807, unplaced)      0.439    18.611    u_soc/u_gpu/gen_cores[1].u_core/sys_clk
                         FDPE                                         r  u_soc/u_gpu/gen_cores[1].u_core/ddy_reg[14]/C
                         clock pessimism              0.266    18.876    
                         clock uncertainty           -0.086    18.791    
                         FDPE (Setup_fdpe_C_D)        0.044    18.835    u_soc/u_gpu/gen_cores[1].u_core/ddy_reg[14]
  -------------------------------------------------------------------
                         required time                         18.835    
                         arrival time                         -17.698    
  -------------------------------------------------------------------
                         slack                                  1.136    

Slack (MET) :             1.136ns  (required time - arrival time)
  Source:                 u_soc/u_gpu/gen_cores[1].u_core/player_idx_reg/C
                            (rising edge-triggered cell FDCE clocked by sys_clk_raw  {rise@0.000ns fall@7.692ns period=15.385ns})
  Destination:            u_soc/u_gpu/gen_cores[1].u_core/ddy_reg[15]/D
                            (rising edge-triggered cell FDPE clocked by sys_clk_raw  {rise@0.000ns fall@7.692ns period=15.385ns})
  Path Group:             sys_clk_raw
  Path Type:              Setup (Max at Slow Process Corner)
  Requirement:            15.385ns  (sys_clk_raw rise@15.385ns - sys_clk_raw rise@0.000ns)
  Data Path Delay:        14.062ns  (logic 8.038ns (57.162%)  route 6.024ns (42.838%))
  Logic Levels:           17  (CARRY4=9 DSP48E1=1 LUT2=1 LUT4=2 LUT5=3 LUT6=1)
  Clock Path Skew:        -0.145ns (DCD - SCD + CPR)
    Destination Clock Delay (DCD):    3.226ns = ( 18.611 - 15.385 ) 
    Source Clock Delay      (SCD):    3.637ns
    Clock Pessimism Removal (CPR):    0.266ns
  Clock Uncertainty:      0.086ns  ((TSJ^2 + DJ^2)^1/2) / 2 + PE
    Total System Jitter     (TSJ):    0.071ns
    Discrete Jitter          (DJ):    0.156ns
    Phase Error              (PE):    0.000ns

    Location             Delay type                Incr(ns)  Path(ns)    Netlist Resource(s)
  -------------------------------------------------------------------    -------------------
                         (clock sys_clk_raw rise edge)
                                                      0.000     0.000 r  
    E3                                                0.000     0.000 r  sys_clk_in (IN)
                         net (fo=0)                   0.000     0.000    sys_clk_in
    E3                   IBUF (Prop_ibuf_I_O)         1.482     1.482 r  sys_clk_in_IBUF_inst/O
                         net (fo=1, unplaced)         0.584     2.066    sys_clk_in_IBUF
                         MMCME2_ADV (Prop_mmcme2_adv_CLKIN1_CLKOUT1)
                                                      0.088     2.154 r  u_mmcm/CLKOUT1
                         net (fo=1, unplaced)         0.803     2.957    sys_clk_raw
                         BUFG (Prop_bufg_I_O)         0.096     3.053 r  u_bufg_sys/O
                         net (fo=1807, unplaced)      0.584     3.637    u_soc/u_gpu/gen_cores[1].u_core/sys_clk
                         FDCE                                         r  u_soc/u_gpu/gen_cores[1].u_core/player_idx_reg/C
  -------------------------------------------------------------------    -------------------
                         FDCE (Prop_fdce_C_Q)         0.478     4.115 r  u_soc/u_gpu/gen_cores[1].u_core/player_idx_reg/Q
                         net (fo=101, unplaced)       0.863     4.978    u_soc/u_gpu/gen_cores[1].u_core/player_idx_reg__31[31]
                         LUT4 (Prop_lut4_I1_O)        0.319     5.297 r  u_soc/u_gpu/gen_cores[1].u_core/rdy_mul_a_i_69__0/O
                         net (fo=1, unplaced)         0.449     5.746    u_soc/u_gpu/gen_cores[1].u_core/rdy_mul_a_i_69__0_n_0
                         LUT6 (Prop_lut6_I5_O)        0.124     5.870 r  u_soc/u_gpu/gen_cores[1].u_core/p_0_out_inferred__2/rdy_mul_a_i_39/O
                         net (fo=1, unplaced)         0.449     6.319    u_soc/u_gpu/gen_cores[1].u_core/p_0_out_inferred__2/rdy_mul_a_i_39_n_0
                         LUT5 (Prop_lut5_I0_O)        0.124     6.443 r  u_soc/u_gpu/gen_cores[1].u_core/p_0_out_inferred__2/rdy_mul_a_i_20/O
                         net (fo=2, unplaced)         0.803     7.246    u_soc/u_gpu/gen_cores[1].u_core/p_0_out_inferred__2/rdy_mul_a_i_20_n_0
                         DSP48E1 (Prop_dsp48e1_A[14]_P[17])
                                                      3.841    11.087 r  u_soc/u_gpu/gen_cores[1].u_core/rdy_mul_a/P[17]
                         net (fo=2, unplaced)         0.803    11.889    u_soc/u_gpu/gen_cores[1].u_core/p_1_in[1]
                         LUT2 (Prop_lut2_I0_O)        0.124    12.013 r  u_soc/u_gpu/gen_cores[1].u_core/ddy[30]_i_52__0/O
                         net (fo=1, unplaced)         0.000    12.013    u_soc/u_gpu/gen_cores[1].u_core/ddy[30]_i_52__0_n_0
                         CARRY4 (Prop_carry4_S[1]_CO[3])
                                                      0.533    12.546 r  u_soc/u_gpu/gen_cores[1].u_core/ddy_reg[30]_i_45__0/CO[3]
                         net (fo=1, unplaced)         0.000    12.546    u_soc/u_gpu/gen_cores[1].u_core/ddy_reg[30]_i_45__0_n_0
                         CARRY4 (Prop_carry4_CI_CO[3])
                                                      0.117    12.663 r  u_soc/u_gpu/gen_cores[1].u_core/ddy_reg[30]_i_35__0/CO[3]
                         net (fo=1, unplaced)         0.000    12.663    u_soc/u_gpu/gen_cores[1].u_core/ddy_reg[30]_i_35__0_n_0
                         CARRY4 (Prop_carry4_CI_CO[3])
                                                      0.117    12.780 r  u_soc/u_gpu/gen_cores[1].u_core/ddy_reg[30]_i_17__0/CO[3]
                         net (fo=1, unplaced)         0.000    12.780    u_soc/u_gpu/gen_cores[1].u_core/ddy_reg[30]_i_17__0_n_0
                         CARRY4 (Prop_carry4_CI_CO[3])
                                                      0.117    12.897 r  u_soc/u_gpu/gen_cores[1].u_core/step_y_neg_reg_i_5__0/CO[3]
                         net (fo=1, unplaced)         0.000    12.897    u_soc/u_gpu/gen_cores[1].u_core/step_y_neg_reg_i_5__0_n_0
                         CARRY4 (Prop_carry4_CI_CO[3])
                                                      0.117    13.014 r  u_soc/u_gpu/gen_cores[1].u_core/step_y_neg_reg_i_4__0/CO[3]
                         net (fo=1, unplaced)         0.000    13.014    u_soc/u_gpu/gen_cores[1].u_core/step_y_neg_reg_i_4__0_n_0
                         CARRY4 (Prop_carry4_CI_CO[0])
                                                      0.281    13.295 r  u_soc/u_gpu/gen_cores[1].u_core/step_y_neg_reg_i_3__0/CO[0]
                         net (fo=15, unplaced)        0.866    14.161    u_soc/u_gpu/gen_cores[1].u_core/step_y_neg_reg_i_3__0_n_3
                         CARRY4 (Prop_carry4_S[3]_CO[3])
                                                      0.743    14.904 r  u_soc/u_gpu/gen_cores[1].u_core/ddy_reg[30]_i_10__0/CO[3]
                         net (fo=1, unplaced)         0.000    14.904    u_soc/u_gpu/gen_cores[1].u_core/ddy_reg[30]_i_10__0_n_0
                         CARRY4 (Prop_carry4_CI_CO[3])
                                                      0.117    15.021 r  u_soc/u_gpu/gen_cores[1].u_core/ddy_reg[30]_i_12__0/CO[3]
                         net (fo=1, unplaced)         0.000    15.021    u_soc/u_gpu/gen_cores[1].u_core/ddy_reg[30]_i_12__0_n_0
                         CARRY4 (Prop_carry4_CI_O[3])
                                                      0.331    15.352 f  u_soc/u_gpu/gen_cores[1].u_core/ddy_reg[30]_i_13__0/O[3]
                         net (fo=1, unplaced)         0.830    16.182    u_soc/u_gpu/gen_cores[1].u_core/ddy4[28]
                         LUT4 (Prop_lut4_I3_O)        0.307    16.489 r  u_soc/u_gpu/gen_cores[1].u_core/ddy[30]_i_14__0/O
                         net (fo=1, unplaced)         0.449    16.938    u_soc/u_gpu/gen_cores[1].u_core/ddy[30]_i_14__0_n_0
                         LUT5 (Prop_lut5_I4_O)        0.124    17.062 r  u_soc/u_gpu/gen_cores[1].u_core/ddy[30]_i_4__0/O
                         net (fo=23, unplaced)        0.512    17.574    u_soc/u_gpu/gen_cores[1].u_core/ddy[30]_i_4__0_n_0
                         LUT5 (Prop_lut5_I2_O)        0.124    17.698 r  u_soc/u_gpu/gen_cores[1].u_core/ddy[15]_i_1__0/O
                         net (fo=1, unplaced)         0.000    17.698    u_soc/u_gpu/gen_cores[1].u_core/ddy[15]_i_1__0_n_0
                         FDPE                                         r  u_soc/u_gpu/gen_cores[1].u_core/ddy_reg[15]/D
  -------------------------------------------------------------------    -------------------

                         (clock sys_clk_raw rise edge)
                                                     15.385    15.385 r  
    E3                                                0.000    15.385 r  sys_clk_in (IN)
                         net (fo=0)                   0.000    15.385    sys_clk_in
    E3                   IBUF (Prop_ibuf_I_O)         1.411    16.796 r  sys_clk_in_IBUF_inst/O
                         net (fo=1, unplaced)         0.439    17.235    sys_clk_in_IBUF
                         MMCME2_ADV (Prop_mmcme2_adv_CLKIN1_CLKOUT1)
                                                      0.083    17.318 r  u_mmcm/CLKOUT1
                         net (fo=1, unplaced)         0.763    18.081    sys_clk_raw
                         BUFG (Prop_bufg_I_O)         0.091    18.172 r  u_bufg_sys/O
                         net (fo=1807, unplaced)      0.439    18.611    u_soc/u_gpu/gen_cores[1].u_core/sys_clk
                         FDPE                                         r  u_soc/u_gpu/gen_cores[1].u_core/ddy_reg[15]/C
                         clock pessimism              0.266    18.876    
                         clock uncertainty           -0.086    18.791    
                         FDPE (Setup_fdpe_C_D)        0.044    18.835    u_soc/u_gpu/gen_cores[1].u_core/ddy_reg[15]
  -------------------------------------------------------------------
                         required time                         18.835    
                         arrival time                         -17.698    
  -------------------------------------------------------------------
                         slack                                  1.136    

Slack (MET) :             1.136ns  (required time - arrival time)
  Source:                 u_soc/u_gpu/gen_cores[1].u_core/player_idx_reg/C
                            (rising edge-triggered cell FDCE clocked by sys_clk_raw  {rise@0.000ns fall@7.692ns period=15.385ns})
  Destination:            u_soc/u_gpu/gen_cores[1].u_core/ddy_reg[16]/D
                            (rising edge-triggered cell FDPE clocked by sys_clk_raw  {rise@0.000ns fall@7.692ns period=15.385ns})
  Path Group:             sys_clk_raw
  Path Type:              Setup (Max at Slow Process Corner)
  Requirement:            15.385ns  (sys_clk_raw rise@15.385ns - sys_clk_raw rise@0.000ns)
  Data Path Delay:        14.062ns  (logic 8.038ns (57.162%)  route 6.024ns (42.838%))
  Logic Levels:           17  (CARRY4=9 DSP48E1=1 LUT2=1 LUT4=2 LUT5=3 LUT6=1)
  Clock Path Skew:        -0.145ns (DCD - SCD + CPR)
    Destination Clock Delay (DCD):    3.226ns = ( 18.611 - 15.385 ) 
    Source Clock Delay      (SCD):    3.637ns
    Clock Pessimism Removal (CPR):    0.266ns
  Clock Uncertainty:      0.086ns  ((TSJ^2 + DJ^2)^1/2) / 2 + PE
    Total System Jitter     (TSJ):    0.071ns
    Discrete Jitter          (DJ):    0.156ns
    Phase Error              (PE):    0.000ns

    Location             Delay type                Incr(ns)  Path(ns)    Netlist Resource(s)
  -------------------------------------------------------------------    -------------------
                         (clock sys_clk_raw rise edge)
                                                      0.000     0.000 r  
    E3                                                0.000     0.000 r  sys_clk_in (IN)
                         net (fo=0)                   0.000     0.000    sys_clk_in
    E3                   IBUF (Prop_ibuf_I_O)         1.482     1.482 r  sys_clk_in_IBUF_inst/O
                         net (fo=1, unplaced)         0.584     2.066    sys_clk_in_IBUF
                         MMCME2_ADV (Prop_mmcme2_adv_CLKIN1_CLKOUT1)
                                                      0.088     2.154 r  u_mmcm/CLKOUT1
                         net (fo=1, unplaced)         0.803     2.957    sys_clk_raw
                         BUFG (Prop_bufg_I_O)         0.096     3.053 r  u_bufg_sys/O
                         net (fo=1807, unplaced)      0.584     3.637    u_soc/u_gpu/gen_cores[1].u_core/sys_clk
                         FDCE                                         r  u_soc/u_gpu/gen_cores[1].u_core/player_idx_reg/C
  -------------------------------------------------------------------    -------------------
                         FDCE (Prop_fdce_C_Q)         0.478     4.115 r  u_soc/u_gpu/gen_cores[1].u_core/player_idx_reg/Q
                         net (fo=101, unplaced)       0.863     4.978    u_soc/u_gpu/gen_cores[1].u_core/player_idx_reg__31[31]
                         LUT4 (Prop_lut4_I1_O)        0.319     5.297 r  u_soc/u_gpu/gen_cores[1].u_core/rdy_mul_a_i_69__0/O
                         net (fo=1, unplaced)         0.449     5.746    u_soc/u_gpu/gen_cores[1].u_core/rdy_mul_a_i_69__0_n_0
                         LUT6 (Prop_lut6_I5_O)        0.124     5.870 r  u_soc/u_gpu/gen_cores[1].u_core/p_0_out_inferred__2/rdy_mul_a_i_39/O
                         net (fo=1, unplaced)         0.449     6.319    u_soc/u_gpu/gen_cores[1].u_core/p_0_out_inferred__2/rdy_mul_a_i_39_n_0
                         LUT5 (Prop_lut5_I0_O)        0.124     6.443 r  u_soc/u_gpu/gen_cores[1].u_core/p_0_out_inferred__2/rdy_mul_a_i_20/O
                         net (fo=2, unplaced)         0.803     7.246    u_soc/u_gpu/gen_cores[1].u_core/p_0_out_inferred__2/rdy_mul_a_i_20_n_0
                         DSP48E1 (Prop_dsp48e1_A[14]_P[17])
                                                      3.841    11.087 r  u_soc/u_gpu/gen_cores[1].u_core/rdy_mul_a/P[17]
                         net (fo=2, unplaced)         0.803    11.889    u_soc/u_gpu/gen_cores[1].u_core/p_1_in[1]
                         LUT2 (Prop_lut2_I0_O)        0.124    12.013 r  u_soc/u_gpu/gen_cores[1].u_core/ddy[30]_i_52__0/O
                         net (fo=1, unplaced)         0.000    12.013    u_soc/u_gpu/gen_cores[1].u_core/ddy[30]_i_52__0_n_0
                         CARRY4 (Prop_carry4_S[1]_CO[3])
                                                      0.533    12.546 r  u_soc/u_gpu/gen_cores[1].u_core/ddy_reg[30]_i_45__0/CO[3]
                         net (fo=1, unplaced)         0.000    12.546    u_soc/u_gpu/gen_cores[1].u_core/ddy_reg[30]_i_45__0_n_0
                         CARRY4 (Prop_carry4_CI_CO[3])
                                                      0.117    12.663 r  u_soc/u_gpu/gen_cores[1].u_core/ddy_reg[30]_i_35__0/CO[3]
                         net (fo=1, unplaced)         0.000    12.663    u_soc/u_gpu/gen_cores[1].u_core/ddy_reg[30]_i_35__0_n_0
                         CARRY4 (Prop_carry4_CI_CO[3])
                                                      0.117    12.780 r  u_soc/u_gpu/gen_cores[1].u_core/ddy_reg[30]_i_17__0/CO[3]
                         net (fo=1, unplaced)         0.000    12.780    u_soc/u_gpu/gen_cores[1].u_core/ddy_reg[30]_i_17__0_n_0
                         CARRY4 (Prop_carry4_CI_CO[3])
                                                      0.117    12.897 r  u_soc/u_gpu/gen_cores[1].u_core/step_y_neg_reg_i_5__0/CO[3]
                         net (fo=1, unplaced)         0.000    12.897    u_soc/u_gpu/gen_cores[1].u_core/step_y_neg_reg_i_5__0_n_0
                         CARRY4 (Prop_carry4_CI_CO[3])
                                                      0.117    13.014 r  u_soc/u_gpu/gen_cores[1].u_core/step_y_neg_reg_i_4__0/CO[3]
                         net (fo=1, unplaced)         0.000    13.014    u_soc/u_gpu/gen_cores[1].u_core/step_y_neg_reg_i_4__0_n_0
                         CARRY4 (Prop_carry4_CI_CO[0])
                                                      0.281    13.295 r  u_soc/u_gpu/gen_cores[1].u_core/step_y_neg_reg_i_3__0/CO[0]
                         net (fo=15, unplaced)        0.866    14.161    u_soc/u_gpu/gen_cores[1].u_core/step_y_neg_reg_i_3__0_n_3
                         CARRY4 (Prop_carry4_S[3]_CO[3])
                                                      0.743    14.904 r  u_soc/u_gpu/gen_cores[1].u_core/ddy_reg[30]_i_10__0/CO[3]
                         net (fo=1, unplaced)         0.000    14.904    u_soc/u_gpu/gen_cores[1].u_core/ddy_reg[30]_i_10__0_n_0
                         CARRY4 (Prop_carry4_CI_CO[3])
                                                      0.117    15.021 r  u_soc/u_gpu/gen_cores[1].u_core/ddy_reg[30]_i_12__0/CO[3]
                         net (fo=1, unplaced)         0.000    15.021    u_soc/u_gpu/gen_cores[1].u_core/ddy_reg[30]_i_12__0_n_0
                         CARRY4 (Prop_carry4_CI_O[3])
                                                      0.331    15.352 f  u_soc/u_gpu/gen_cores[1].u_core/ddy_reg[30]_i_13__0/O[3]
                         net (fo=1, unplaced)         0.830    16.182    u_soc/u_gpu/gen_cores[1].u_core/ddy4[28]
                         LUT4 (Prop_lut4_I3_O)        0.307    16.489 r  u_soc/u_gpu/gen_cores[1].u_core/ddy[30]_i_14__0/O
                         net (fo=1, unplaced)         0.449    16.938    u_soc/u_gpu/gen_cores[1].u_core/ddy[30]_i_14__0_n_0
                         LUT5 (Prop_lut5_I4_O)        0.124    17.062 r  u_soc/u_gpu/gen_cores[1].u_core/ddy[30]_i_4__0/O
                         net (fo=23, unplaced)        0.512    17.574    u_soc/u_gpu/gen_cores[1].u_core/ddy[30]_i_4__0_n_0
                         LUT5 (Prop_lut5_I2_O)        0.124    17.698 r  u_soc/u_gpu/gen_cores[1].u_core/ddy[16]_i_1__0/O
                         net (fo=1, unplaced)         0.000    17.698    u_soc/u_gpu/gen_cores[1].u_core/ddy[16]_i_1__0_n_0
                         FDPE                                         r  u_soc/u_gpu/gen_cores[1].u_core/ddy_reg[16]/D
  -------------------------------------------------------------------    -------------------

                         (clock sys_clk_raw rise edge)
                                                     15.385    15.385 r  
    E3                                                0.000    15.385 r  sys_clk_in (IN)
                         net (fo=0)                   0.000    15.385    sys_clk_in
    E3                   IBUF (Prop_ibuf_I_O)         1.411    16.796 r  sys_clk_in_IBUF_inst/O
                         net (fo=1, unplaced)         0.439    17.235    sys_clk_in_IBUF
                         MMCME2_ADV (Prop_mmcme2_adv_CLKIN1_CLKOUT1)
                                                      0.083    17.318 r  u_mmcm/CLKOUT1
                         net (fo=1, unplaced)         0.763    18.081    sys_clk_raw
                         BUFG (Prop_bufg_I_O)         0.091    18.172 r  u_bufg_sys/O
                         net (fo=1807, unplaced)      0.439    18.611    u_soc/u_gpu/gen_cores[1].u_core/sys_clk
                         FDPE                                         r  u_soc/u_gpu/gen_cores[1].u_core/ddy_reg[16]/C
                         clock pessimism              0.266    18.876    
                         clock uncertainty           -0.086    18.791    
                         FDPE (Setup_fdpe_C_D)        0.044    18.835    u_soc/u_gpu/gen_cores[1].u_core/ddy_reg[16]
  -------------------------------------------------------------------
                         required time                         18.835    
                         arrival time                         -17.698    
  -------------------------------------------------------------------
                         slack                                  1.136    

Slack (MET) :             1.136ns  (required time - arrival time)
  Source:                 u_soc/u_gpu/gen_cores[1].u_core/player_idx_reg/C
                            (rising edge-triggered cell FDCE clocked by sys_clk_raw  {rise@0.000ns fall@7.692ns period=15.385ns})
  Destination:            u_soc/u_gpu/gen_cores[1].u_core/ddy_reg[17]/D
                            (rising edge-triggered cell FDPE clocked by sys_clk_raw  {rise@0.000ns fall@7.692ns period=15.385ns})
  Path Group:             sys_clk_raw
  Path Type:              Setup (Max at Slow Process Corner)
  Requirement:            15.385ns  (sys_clk_raw rise@15.385ns - sys_clk_raw rise@0.000ns)
  Data Path Delay:        14.062ns  (logic 8.038ns (57.162%)  route 6.024ns (42.838%))
  Logic Levels:           17  (CARRY4=9 DSP48E1=1 LUT2=1 LUT4=2 LUT5=3 LUT6=1)
  Clock Path Skew:        -0.145ns (DCD - SCD + CPR)
    Destination Clock Delay (DCD):    3.226ns = ( 18.611 - 15.385 ) 
    Source Clock Delay      (SCD):    3.637ns
    Clock Pessimism Removal (CPR):    0.266ns
  Clock Uncertainty:      0.086ns  ((TSJ^2 + DJ^2)^1/2) / 2 + PE
    Total System Jitter     (TSJ):    0.071ns
    Discrete Jitter          (DJ):    0.156ns
    Phase Error              (PE):    0.000ns

    Location             Delay type                Incr(ns)  Path(ns)    Netlist Resource(s)
  -------------------------------------------------------------------    -------------------
                         (clock sys_clk_raw rise edge)
                                                      0.000     0.000 r  
    E3                                                0.000     0.000 r  sys_clk_in (IN)
                         net (fo=0)                   0.000     0.000    sys_clk_in
    E3                   IBUF (Prop_ibuf_I_O)         1.482     1.482 r  sys_clk_in_IBUF_inst/O
                         net (fo=1, unplaced)         0.584     2.066    sys_clk_in_IBUF
                         MMCME2_ADV (Prop_mmcme2_adv_CLKIN1_CLKOUT1)
                                                      0.088     2.154 r  u_mmcm/CLKOUT1
                         net (fo=1, unplaced)         0.803     2.957    sys_clk_raw
                         BUFG (Prop_bufg_I_O)         0.096     3.053 r  u_bufg_sys/O
                         net (fo=1807, unplaced)      0.584     3.637    u_soc/u_gpu/gen_cores[1].u_core/sys_clk
                         FDCE                                         r  u_soc/u_gpu/gen_cores[1].u_core/player_idx_reg/C
  -------------------------------------------------------------------    -------------------
                         FDCE (Prop_fdce_C_Q)         0.478     4.115 r  u_soc/u_gpu/gen_cores[1].u_core/player_idx_reg/Q
                         net (fo=101, unplaced)       0.863     4.978    u_soc/u_gpu/gen_cores[1].u_core/player_idx_reg__31[31]
                         LUT4 (Prop_lut4_I1_O)        0.319     5.297 r  u_soc/u_gpu/gen_cores[1].u_core/rdy_mul_a_i_69__0/O
                         net (fo=1, unplaced)         0.449     5.746    u_soc/u_gpu/gen_cores[1].u_core/rdy_mul_a_i_69__0_n_0
                         LUT6 (Prop_lut6_I5_O)        0.124     5.870 r  u_soc/u_gpu/gen_cores[1].u_core/p_0_out_inferred__2/rdy_mul_a_i_39/O
                         net (fo=1, unplaced)         0.449     6.319    u_soc/u_gpu/gen_cores[1].u_core/p_0_out_inferred__2/rdy_mul_a_i_39_n_0
                         LUT5 (Prop_lut5_I0_O)        0.124     6.443 r  u_soc/u_gpu/gen_cores[1].u_core/p_0_out_inferred__2/rdy_mul_a_i_20/O
                         net (fo=2, unplaced)         0.803     7.246    u_soc/u_gpu/gen_cores[1].u_core/p_0_out_inferred__2/rdy_mul_a_i_20_n_0
                         DSP48E1 (Prop_dsp48e1_A[14]_P[17])
                                                      3.841    11.087 r  u_soc/u_gpu/gen_cores[1].u_core/rdy_mul_a/P[17]
                         net (fo=2, unplaced)         0.803    11.889    u_soc/u_gpu/gen_cores[1].u_core/p_1_in[1]
                         LUT2 (Prop_lut2_I0_O)        0.124    12.013 r  u_soc/u_gpu/gen_cores[1].u_core/ddy[30]_i_52__0/O
                         net (fo=1, unplaced)         0.000    12.013    u_soc/u_gpu/gen_cores[1].u_core/ddy[30]_i_52__0_n_0
                         CARRY4 (Prop_carry4_S[1]_CO[3])
                                                      0.533    12.546 r  u_soc/u_gpu/gen_cores[1].u_core/ddy_reg[30]_i_45__0/CO[3]
                         net (fo=1, unplaced)         0.000    12.546    u_soc/u_gpu/gen_cores[1].u_core/ddy_reg[30]_i_45__0_n_0
                         CARRY4 (Prop_carry4_CI_CO[3])
                                                      0.117    12.663 r  u_soc/u_gpu/gen_cores[1].u_core/ddy_reg[30]_i_35__0/CO[3]
                         net (fo=1, unplaced)         0.000    12.663    u_soc/u_gpu/gen_cores[1].u_core/ddy_reg[30]_i_35__0_n_0
                         CARRY4 (Prop_carry4_CI_CO[3])
                                                      0.117    12.780 r  u_soc/u_gpu/gen_cores[1].u_core/ddy_reg[30]_i_17__0/CO[3]
                         net (fo=1, unplaced)         0.000    12.780    u_soc/u_gpu/gen_cores[1].u_core/ddy_reg[30]_i_17__0_n_0
                         CARRY4 (Prop_carry4_CI_CO[3])
                                                      0.117    12.897 r  u_soc/u_gpu/gen_cores[1].u_core/step_y_neg_reg_i_5__0/CO[3]
                         net (fo=1, unplaced)         0.000    12.897    u_soc/u_gpu/gen_cores[1].u_core/step_y_neg_reg_i_5__0_n_0
                         CARRY4 (Prop_carry4_CI_CO[3])
                                                      0.117    13.014 r  u_soc/u_gpu/gen_cores[1].u_core/step_y_neg_reg_i_4__0/CO[3]
                         net (fo=1, unplaced)         0.000    13.014    u_soc/u_gpu/gen_cores[1].u_core/step_y_neg_reg_i_4__0_n_0
                         CARRY4 (Prop_carry4_CI_CO[0])
                                                      0.281    13.295 r  u_soc/u_gpu/gen_cores[1].u_core/step_y_neg_reg_i_3__0/CO[0]
                         net (fo=15, unplaced)        0.866    14.161    u_soc/u_gpu/gen_cores[1].u_core/step_y_neg_reg_i_3__0_n_3
                         CARRY4 (Prop_carry4_S[3]_CO[3])
                                                      0.743    14.904 r  u_soc/u_gpu/gen_cores[1].u_core/ddy_reg[30]_i_10__0/CO[3]
                         net (fo=1, unplaced)         0.000    14.904    u_soc/u_gpu/gen_cores[1].u_core/ddy_reg[30]_i_10__0_n_0
                         CARRY4 (Prop_carry4_CI_CO[3])
                                                      0.117    15.021 r  u_soc/u_gpu/gen_cores[1].u_core/ddy_reg[30]_i_12__0/CO[3]
                         net (fo=1, unplaced)         0.000    15.021    u_soc/u_gpu/gen_cores[1].u_core/ddy_reg[30]_i_12__0_n_0
                         CARRY4 (Prop_carry4_CI_O[3])
                                                      0.331    15.352 f  u_soc/u_gpu/gen_cores[1].u_core/ddy_reg[30]_i_13__0/O[3]
                         net (fo=1, unplaced)         0.830    16.182    u_soc/u_gpu/gen_cores[1].u_core/ddy4[28]
                         LUT4 (Prop_lut4_I3_O)        0.307    16.489 r  u_soc/u_gpu/gen_cores[1].u_core/ddy[30]_i_14__0/O
                         net (fo=1, unplaced)         0.449    16.938    u_soc/u_gpu/gen_cores[1].u_core/ddy[30]_i_14__0_n_0
                         LUT5 (Prop_lut5_I4_O)        0.124    17.062 r  u_soc/u_gpu/gen_cores[1].u_core/ddy[30]_i_4__0/O
                         net (fo=23, unplaced)        0.512    17.574    u_soc/u_gpu/gen_cores[1].u_core/ddy[30]_i_4__0_n_0
                         LUT5 (Prop_lut5_I2_O)        0.124    17.698 r  u_soc/u_gpu/gen_cores[1].u_core/ddy[17]_i_1__0/O
                         net (fo=1, unplaced)         0.000    17.698    u_soc/u_gpu/gen_cores[1].u_core/ddy[17]_i_1__0_n_0
                         FDPE                                         r  u_soc/u_gpu/gen_cores[1].u_core/ddy_reg[17]/D
  -------------------------------------------------------------------    -------------------

                         (clock sys_clk_raw rise edge)
                                                     15.385    15.385 r  
    E3                                                0.000    15.385 r  sys_clk_in (IN)
                         net (fo=0)                   0.000    15.385    sys_clk_in
    E3                   IBUF (Prop_ibuf_I_O)         1.411    16.796 r  sys_clk_in_IBUF_inst/O
                         net (fo=1, unplaced)         0.439    17.235    sys_clk_in_IBUF
                         MMCME2_ADV (Prop_mmcme2_adv_CLKIN1_CLKOUT1)
                                                      0.083    17.318 r  u_mmcm/CLKOUT1
                         net (fo=1, unplaced)         0.763    18.081    sys_clk_raw
                         BUFG (Prop_bufg_I_O)         0.091    18.172 r  u_bufg_sys/O
                         net (fo=1807, unplaced)      0.439    18.611    u_soc/u_gpu/gen_cores[1].u_core/sys_clk
                         FDPE                                         r  u_soc/u_gpu/gen_cores[1].u_core/ddy_reg[17]/C
                         clock pessimism              0.266    18.876    
                         clock uncertainty           -0.086    18.791    
                         FDPE (Setup_fdpe_C_D)        0.044    18.835    u_soc/u_gpu/gen_cores[1].u_core/ddy_reg[17]
  -------------------------------------------------------------------
                         required time                         18.835    
                         arrival time                         -17.698    
  -------------------------------------------------------------------
                         slack                                  1.136    

Slack (MET) :             1.136ns  (required time - arrival time)
  Source:                 u_soc/u_gpu/gen_cores[1].u_core/player_idx_reg/C
                            (rising edge-triggered cell FDCE clocked by sys_clk_raw  {rise@0.000ns fall@7.692ns period=15.385ns})
  Destination:            u_soc/u_gpu/gen_cores[1].u_core/ddy_reg[18]/D
                            (rising edge-triggered cell FDPE clocked by sys_clk_raw  {rise@0.000ns fall@7.692ns period=15.385ns})
  Path Group:             sys_clk_raw
  Path Type:              Setup (Max at Slow Process Corner)
  Requirement:            15.385ns  (sys_clk_raw rise@15.385ns - sys_clk_raw rise@0.000ns)
  Data Path Delay:        14.062ns  (logic 8.038ns (57.162%)  route 6.024ns (42.838%))
  Logic Levels:           17  (CARRY4=9 DSP48E1=1 LUT2=1 LUT4=2 LUT5=2 LUT6=2)
  Clock Path Skew:        -0.145ns (DCD - SCD + CPR)
    Destination Clock Delay (DCD):    3.226ns = ( 18.611 - 15.385 ) 
    Source Clock Delay      (SCD):    3.637ns
    Clock Pessimism Removal (CPR):    0.266ns
  Clock Uncertainty:      0.086ns  ((TSJ^2 + DJ^2)^1/2) / 2 + PE
    Total System Jitter     (TSJ):    0.071ns
    Discrete Jitter          (DJ):    0.156ns
    Phase Error              (PE):    0.000ns

    Location             Delay type                Incr(ns)  Path(ns)    Netlist Resource(s)
  -------------------------------------------------------------------    -------------------
                         (clock sys_clk_raw rise edge)
                                                      0.000     0.000 r  
    E3                                                0.000     0.000 r  sys_clk_in (IN)
                         net (fo=0)                   0.000     0.000    sys_clk_in
    E3                   IBUF (Prop_ibuf_I_O)         1.482     1.482 r  sys_clk_in_IBUF_inst/O
                         net (fo=1, unplaced)         0.584     2.066    sys_clk_in_IBUF
                         MMCME2_ADV (Prop_mmcme2_adv_CLKIN1_CLKOUT1)
                                                      0.088     2.154 r  u_mmcm/CLKOUT1
                         net (fo=1, unplaced)         0.803     2.957    sys_clk_raw
                         BUFG (Prop_bufg_I_O)         0.096     3.053 r  u_bufg_sys/O
                         net (fo=1807, unplaced)      0.584     3.637    u_soc/u_gpu/gen_cores[1].u_core/sys_clk
                         FDCE                                         r  u_soc/u_gpu/gen_cores[1].u_core/player_idx_reg/C
  -------------------------------------------------------------------    -------------------
                         FDCE (Prop_fdce_C_Q)         0.478     4.115 r  u_soc/u_gpu/gen_cores[1].u_core/player_idx_reg/Q
                         net (fo=101, unplaced)       0.863     4.978    u_soc/u_gpu/gen_cores[1].u_core/player_idx_reg__31[31]
                         LUT4 (Prop_lut4_I1_O)        0.319     5.297 r  u_soc/u_gpu/gen_cores[1].u_core/rdy_mul_a_i_69__0/O
                         net (fo=1, unplaced)         0.449     5.746    u_soc/u_gpu/gen_cores[1].u_core/rdy_mul_a_i_69__0_n_0
                         LUT6 (Prop_lut6_I5_O)        0.124     5.870 r  u_soc/u_gpu/gen_cores[1].u_core/p_0_out_inferred__2/rdy_mul_a_i_39/O
                         net (fo=1, unplaced)         0.449     6.319    u_soc/u_gpu/gen_cores[1].u_core/p_0_out_inferred__2/rdy_mul_a_i_39_n_0
                         LUT5 (Prop_lut5_I0_O)        0.124     6.443 r  u_soc/u_gpu/gen_cores[1].u_core/p_0_out_inferred__2/rdy_mul_a_i_20/O
                         net (fo=2, unplaced)         0.803     7.246    u_soc/u_gpu/gen_cores[1].u_core/p_0_out_inferred__2/rdy_mul_a_i_20_n_0
                         DSP48E1 (Prop_dsp48e1_A[14]_P[17])
                                                      3.841    11.087 r  u_soc/u_gpu/gen_cores[1].u_core/rdy_mul_a/P[17]
                         net (fo=2, unplaced)         0.803    11.889    u_soc/u_gpu/gen_cores[1].u_core/p_1_in[1]
                         LUT2 (Prop_lut2_I0_O)        0.124    12.013 r  u_soc/u_gpu/gen_cores[1].u_core/ddy[30]_i_52__0/O
                         net (fo=1, unplaced)         0.000    12.013    u_soc/u_gpu/gen_cores[1].u_core/ddy[30]_i_52__0_n_0
                         CARRY4 (Prop_carry4_S[1]_CO[3])
                                                      0.533    12.546 r  u_soc/u_gpu/gen_cores[1].u_core/ddy_reg[30]_i_45__0/CO[3]
                         net (fo=1, unplaced)         0.000    12.546    u_soc/u_gpu/gen_cores[1].u_core/ddy_reg[30]_i_45__0_n_0
                         CARRY4 (Prop_carry4_CI_CO[3])
                                                      0.117    12.663 r  u_soc/u_gpu/gen_cores[1].u_core/ddy_reg[30]_i_35__0/CO[3]
                         net (fo=1, unplaced)         0.000    12.663    u_soc/u_gpu/gen_cores[1].u_core/ddy_reg[30]_i_35__0_n_0
                         CARRY4 (Prop_carry4_CI_CO[3])
                                                      0.117    12.780 r  u_soc/u_gpu/gen_cores[1].u_core/ddy_reg[30]_i_17__0/CO[3]
                         net (fo=1, unplaced)         0.000    12.780    u_soc/u_gpu/gen_cores[1].u_core/ddy_reg[30]_i_17__0_n_0
                         CARRY4 (Prop_carry4_CI_CO[3])
                                                      0.117    12.897 r  u_soc/u_gpu/gen_cores[1].u_core/step_y_neg_reg_i_5__0/CO[3]
                         net (fo=1, unplaced)         0.000    12.897    u_soc/u_gpu/gen_cores[1].u_core/step_y_neg_reg_i_5__0_n_0
                         CARRY4 (Prop_carry4_CI_CO[3])
                                                      0.117    13.014 r  u_soc/u_gpu/gen_cores[1].u_core/step_y_neg_reg_i_4__0/CO[3]
                         net (fo=1, unplaced)         0.000    13.014    u_soc/u_gpu/gen_cores[1].u_core/step_y_neg_reg_i_4__0_n_0
                         CARRY4 (Prop_carry4_CI_CO[0])
                                                      0.281    13.295 r  u_soc/u_gpu/gen_cores[1].u_core/step_y_neg_reg_i_3__0/CO[0]
                         net (fo=15, unplaced)        0.866    14.161    u_soc/u_gpu/gen_cores[1].u_core/step_y_neg_reg_i_3__0_n_3
                         CARRY4 (Prop_carry4_S[3]_CO[3])
                                                      0.743    14.904 r  u_soc/u_gpu/gen_cores[1].u_core/ddy_reg[30]_i_10__0/CO[3]
                         net (fo=1, unplaced)         0.000    14.904    u_soc/u_gpu/gen_cores[1].u_core/ddy_reg[30]_i_10__0_n_0
                         CARRY4 (Prop_carry4_CI_CO[3])
                                                      0.117    15.021 r  u_soc/u_gpu/gen_cores[1].u_core/ddy_reg[30]_i_12__0/CO[3]
                         net (fo=1, unplaced)         0.000    15.021    u_soc/u_gpu/gen_cores[1].u_core/ddy_reg[30]_i_12__0_n_0
                         CARRY4 (Prop_carry4_CI_O[3])
                                                      0.331    15.352 f  u_soc/u_gpu/gen_cores[1].u_core/ddy_reg[30]_i_13__0/O[3]
                         net (fo=1, unplaced)         0.830    16.182    u_soc/u_gpu/gen_cores[1].u_core/ddy4[28]
                         LUT4 (Prop_lut4_I3_O)        0.307    16.489 r  u_soc/u_gpu/gen_cores[1].u_core/ddy[30]_i_14__0/O
                         net (fo=1, unplaced)         0.449    16.938    u_soc/u_gpu/gen_cores[1].u_core/ddy[30]_i_14__0_n_0
                         LUT5 (Prop_lut5_I4_O)        0.124    17.062 r  u_soc/u_gpu/gen_cores[1].u_core/ddy[30]_i_4__0/O
                         net (fo=23, unplaced)        0.512    17.574    u_soc/u_gpu/gen_cores[1].u_core/ddy[30]_i_4__0_n_0
                         LUT6 (Prop_lut6_I2_O)        0.124    17.698 r  u_soc/u_gpu/gen_cores[1].u_core/ddy[18]_i_1__0/O
                         net (fo=1, unplaced)         0.000    17.698    u_soc/u_gpu/gen_cores[1].u_core/ddy[18]_i_1__0_n_0
                         FDPE                                         r  u_soc/u_gpu/gen_cores[1].u_core/ddy_reg[18]/D
  -------------------------------------------------------------------    -------------------

                         (clock sys_clk_raw rise edge)
                                                     15.385    15.385 r  
    E3                                                0.000    15.385 r  sys_clk_in (IN)
                         net (fo=0)                   0.000    15.385    sys_clk_in
    E3                   IBUF (Prop_ibuf_I_O)         1.411    16.796 r  sys_clk_in_IBUF_inst/O
                         net (fo=1, unplaced)         0.439    17.235    sys_clk_in_IBUF
                         MMCME2_ADV (Prop_mmcme2_adv_CLKIN1_CLKOUT1)
                                                      0.083    17.318 r  u_mmcm/CLKOUT1
                         net (fo=1, unplaced)         0.763    18.081    sys_clk_raw
                         BUFG (Prop_bufg_I_O)         0.091    18.172 r  u_bufg_sys/O
                         net (fo=1807, unplaced)      0.439    18.611    u_soc/u_gpu/gen_cores[1].u_core/sys_clk
                         FDPE                                         r  u_soc/u_gpu/gen_cores[1].u_core/ddy_reg[18]/C
                         clock pessimism              0.266    18.876    
                         clock uncertainty           -0.086    18.791    
                         FDPE (Setup_fdpe_C_D)        0.044    18.835    u_soc/u_gpu/gen_cores[1].u_core/ddy_reg[18]
  -------------------------------------------------------------------
                         required time                         18.835    
                         arrival time                         -17.698    
  -------------------------------------------------------------------
                         slack                                  1.136    





Min Delay Paths
--------------------------------------------------------------------------------------
Slack (MET) :             0.070ns  (arrival time - required time)
  Source:                 u_soc/u_dma/words_rem_reg[9]/C
                            (rising edge-triggered cell FDCE clocked by sys_clk_raw  {rise@0.000ns fall@7.692ns period=15.385ns})
  Destination:            u_soc/u_dma/words_rem_reg[10]/D
                            (rising edge-triggered cell FDCE clocked by sys_clk_raw  {rise@0.000ns fall@7.692ns period=15.385ns})
  Path Group:             sys_clk_raw
  Path Type:              Hold (Min at Fast Process Corner)
  Requirement:            0.000ns  (sys_clk_raw rise@0.000ns - sys_clk_raw rise@0.000ns)
  Data Path Delay:        0.328ns  (logic 0.239ns (72.973%)  route 0.089ns (27.027%))
  Logic Levels:           1  (CARRY4=1)
  Clock Path Skew:        0.145ns (DCD - SCD - CPR)
    Destination Clock Delay (DCD):    1.394ns
    Source Clock Delay      (SCD):    0.892ns
    Clock Pessimism Removal (CPR):    0.357ns

    Location             Delay type                Incr(ns)  Path(ns)    Netlist Resource(s)
  -------------------------------------------------------------------    -------------------
                         (clock sys_clk_raw rise edge)
                                                      0.000     0.000 r  
    E3                                                0.000     0.000 r  sys_clk_in (IN)
                         net (fo=0)                   0.000     0.000    sys_clk_in
    E3                   IBUF (Prop_ibuf_I_O)         0.250     0.250 r  sys_clk_in_IBUF_inst/O
                         net (fo=1, unplaced)         0.114     0.364    sys_clk_in_IBUF
                         MMCME2_ADV (Prop_mmcme2_adv_CLKIN1_CLKOUT1)
                                                      0.050     0.414 r  u_mmcm/CLKOUT1
                         net (fo=1, unplaced)         0.338     0.752    sys_clk_raw
                         BUFG (Prop_bufg_I_O)         0.026     0.778 r  u_bufg_sys/O
                         net (fo=1807, unplaced)      0.114     0.892    u_soc/u_dma/sys_clk
                         FDCE                                         r  u_soc/u_dma/words_rem_reg[9]/C
  -------------------------------------------------------------------    -------------------
                         FDCE (Prop_fdce_C_Q)         0.147     1.039 r  u_soc/u_dma/words_rem_reg[9]/Q
                         net (fo=3, unplaced)         0.089     1.128    u_soc/u_dma/words_rem_reg_n_0_[9]
                         CARRY4 (Prop_carry4_DI[0]_O[1])
                                                      0.092     1.220 r  u_soc/u_dma/words_rem0_carry__1/O[1]
                         net (fo=1, unplaced)         0.000     1.220    u_soc/u_dma/in12[10]
                         FDCE                                         r  u_soc/u_dma/words_rem_reg[10]/D
  -------------------------------------------------------------------    -------------------

                         (clock sys_clk_raw rise edge)
                                                      0.000     0.000 r  
    E3                                                0.000     0.000 r  sys_clk_in (IN)
                         net (fo=0)                   0.000     0.000    sys_clk_in
    E3                   IBUF (Prop_ibuf_I_O)         0.438     0.438 r  sys_clk_in_IBUF_inst/O
                         net (fo=1, unplaced)         0.259     0.697    sys_clk_in_IBUF
                         MMCME2_ADV (Prop_mmcme2_adv_CLKIN1_CLKOUT1)
                                                      0.053     0.750 r  u_mmcm/CLKOUT1
                         net (fo=1, unplaced)         0.356     1.106    sys_clk_raw
                         BUFG (Prop_bufg_I_O)         0.029     1.135 r  u_bufg_sys/O
                         net (fo=1807, unplaced)      0.259     1.394    u_soc/u_dma/sys_clk
                         FDCE                                         r  u_soc/u_dma/words_rem_reg[10]/C
                         clock pessimism             -0.357     1.037    
                         FDCE (Hold_fdce_C_D)         0.113     1.150    u_soc/u_dma/words_rem_reg[10]
  -------------------------------------------------------------------
                         required time                         -1.150    
                         arrival time                           1.220    
  -------------------------------------------------------------------
                         slack                                  0.070    

Slack (MET) :             0.070ns  (arrival time - required time)
  Source:                 u_soc/u_dma/words_rem_reg[11]/C
                            (rising edge-triggered cell FDCE clocked by sys_clk_raw  {rise@0.000ns fall@7.692ns period=15.385ns})
  Destination:            u_soc/u_dma/words_rem_reg[12]/D
                            (rising edge-triggered cell FDCE clocked by sys_clk_raw  {rise@0.000ns fall@7.692ns period=15.385ns})
  Path Group:             sys_clk_raw
  Path Type:              Hold (Min at Fast Process Corner)
  Requirement:            0.000ns  (sys_clk_raw rise@0.000ns - sys_clk_raw rise@0.000ns)
  Data Path Delay:        0.328ns  (logic 0.239ns (72.973%)  route 0.089ns (27.027%))
  Logic Levels:           1  (CARRY4=1)
  Clock Path Skew:        0.145ns (DCD - SCD - CPR)
    Destination Clock Delay (DCD):    1.394ns
    Source Clock Delay      (SCD):    0.892ns
    Clock Pessimism Removal (CPR):    0.357ns

    Location             Delay type                Incr(ns)  Path(ns)    Netlist Resource(s)
  -------------------------------------------------------------------    -------------------
                         (clock sys_clk_raw rise edge)
                                                      0.000     0.000 r  
    E3                                                0.000     0.000 r  sys_clk_in (IN)
                         net (fo=0)                   0.000     0.000    sys_clk_in
    E3                   IBUF (Prop_ibuf_I_O)         0.250     0.250 r  sys_clk_in_IBUF_inst/O
                         net (fo=1, unplaced)         0.114     0.364    sys_clk_in_IBUF
                         MMCME2_ADV (Prop_mmcme2_adv_CLKIN1_CLKOUT1)
                                                      0.050     0.414 r  u_mmcm/CLKOUT1
                         net (fo=1, unplaced)         0.338     0.752    sys_clk_raw
                         BUFG (Prop_bufg_I_O)         0.026     0.778 r  u_bufg_sys/O
                         net (fo=1807, unplaced)      0.114     0.892    u_soc/u_dma/sys_clk
                         FDCE                                         r  u_soc/u_dma/words_rem_reg[11]/C
  -------------------------------------------------------------------    -------------------
                         FDCE (Prop_fdce_C_Q)         0.147     1.039 r  u_soc/u_dma/words_rem_reg[11]/Q
                         net (fo=3, unplaced)         0.089     1.128    u_soc/u_dma/words_rem_reg_n_0_[11]
                         CARRY4 (Prop_carry4_DI[2]_O[3])
                                                      0.092     1.220 r  u_soc/u_dma/words_rem0_carry__1/O[3]
                         net (fo=1, unplaced)         0.000     1.220    u_soc/u_dma/in12[12]
                         FDCE                                         r  u_soc/u_dma/words_rem_reg[12]/D
  -------------------------------------------------------------------    -------------------

                         (clock sys_clk_raw rise edge)
                                                      0.000     0.000 r  
    E3                                                0.000     0.000 r  sys_clk_in (IN)
                         net (fo=0)                   0.000     0.000    sys_clk_in
    E3                   IBUF (Prop_ibuf_I_O)         0.438     0.438 r  sys_clk_in_IBUF_inst/O
                         net (fo=1, unplaced)         0.259     0.697    sys_clk_in_IBUF
                         MMCME2_ADV (Prop_mmcme2_adv_CLKIN1_CLKOUT1)
                                                      0.053     0.750 r  u_mmcm/CLKOUT1
                         net (fo=1, unplaced)         0.356     1.106    sys_clk_raw
                         BUFG (Prop_bufg_I_O)         0.029     1.135 r  u_bufg_sys/O
                         net (fo=1807, unplaced)      0.259     1.394    u_soc/u_dma/sys_clk
                         FDCE                                         r  u_soc/u_dma/words_rem_reg[12]/C
                         clock pessimism             -0.357     1.037    
                         FDCE (Hold_fdce_C_D)         0.113     1.150    u_soc/u_dma/words_rem_reg[12]
  -------------------------------------------------------------------
                         required time                         -1.150    
                         arrival time                           1.220    
  -------------------------------------------------------------------
                         slack                                  0.070    

Slack (MET) :             0.070ns  (arrival time - required time)
  Source:                 u_soc/u_dma/words_rem_reg[13]/C
                            (rising edge-triggered cell FDCE clocked by sys_clk_raw  {rise@0.000ns fall@7.692ns period=15.385ns})
  Destination:            u_soc/u_dma/words_rem_reg[14]/D
                            (rising edge-triggered cell FDCE clocked by sys_clk_raw  {rise@0.000ns fall@7.692ns period=15.385ns})
  Path Group:             sys_clk_raw
  Path Type:              Hold (Min at Fast Process Corner)
  Requirement:            0.000ns  (sys_clk_raw rise@0.000ns - sys_clk_raw rise@0.000ns)
  Data Path Delay:        0.328ns  (logic 0.239ns (72.973%)  route 0.089ns (27.027%))
  Logic Levels:           1  (CARRY4=1)
  Clock Path Skew:        0.145ns (DCD - SCD - CPR)
    Destination Clock Delay (DCD):    1.394ns
    Source Clock Delay      (SCD):    0.892ns
    Clock Pessimism Removal (CPR):    0.357ns

    Location             Delay type                Incr(ns)  Path(ns)    Netlist Resource(s)
  -------------------------------------------------------------------    -------------------
                         (clock sys_clk_raw rise edge)
                                                      0.000     0.000 r  
    E3                                                0.000     0.000 r  sys_clk_in (IN)
                         net (fo=0)                   0.000     0.000    sys_clk_in
    E3                   IBUF (Prop_ibuf_I_O)         0.250     0.250 r  sys_clk_in_IBUF_inst/O
                         net (fo=1, unplaced)         0.114     0.364    sys_clk_in_IBUF
                         MMCME2_ADV (Prop_mmcme2_adv_CLKIN1_CLKOUT1)
                                                      0.050     0.414 r  u_mmcm/CLKOUT1
                         net (fo=1, unplaced)         0.338     0.752    sys_clk_raw
                         BUFG (Prop_bufg_I_O)         0.026     0.778 r  u_bufg_sys/O
                         net (fo=1807, unplaced)      0.114     0.892    u_soc/u_dma/sys_clk
                         FDCE                                         r  u_soc/u_dma/words_rem_reg[13]/C
  -------------------------------------------------------------------    -------------------
                         FDCE (Prop_fdce_C_Q)         0.147     1.039 r  u_soc/u_dma/words_rem_reg[13]/Q
                         net (fo=3, unplaced)         0.089     1.128    u_soc/u_dma/words_rem_reg_n_0_[13]
                         CARRY4 (Prop_carry4_DI[0]_O[1])
                                                      0.092     1.220 r  u_soc/u_dma/words_rem0_carry__2/O[1]
                         net (fo=1, unplaced)         0.000     1.220    u_soc/u_dma/in12[14]
                         FDCE                                         r  u_soc/u_dma/words_rem_reg[14]/D
  -------------------------------------------------------------------    -------------------

                         (clock sys_clk_raw rise edge)
                                                      0.000     0.000 r  
    E3                                                0.000     0.000 r  sys_clk_in (IN)
                         net (fo=0)                   0.000     0.000    sys_clk_in
    E3                   IBUF (Prop_ibuf_I_O)         0.438     0.438 r  sys_clk_in_IBUF_inst/O
                         net (fo=1, unplaced)         0.259     0.697    sys_clk_in_IBUF
                         MMCME2_ADV (Prop_mmcme2_adv_CLKIN1_CLKOUT1)
                                                      0.053     0.750 r  u_mmcm/CLKOUT1
                         net (fo=1, unplaced)         0.356     1.106    sys_clk_raw
                         BUFG (Prop_bufg_I_O)         0.029     1.135 r  u_bufg_sys/O
                         net (fo=1807, unplaced)      0.259     1.394    u_soc/u_dma/sys_clk
                         FDCE                                         r  u_soc/u_dma/words_rem_reg[14]/C
                         clock pessimism             -0.357     1.037    
                         FDCE (Hold_fdce_C_D)         0.113     1.150    u_soc/u_dma/words_rem_reg[14]
  -------------------------------------------------------------------
                         required time                         -1.150    
                         arrival time                           1.220    
  -------------------------------------------------------------------
                         slack                                  0.070    

Slack (MET) :             0.070ns  (arrival time - required time)
  Source:                 u_soc/u_dma/words_rem_reg[15]/C
                            (rising edge-triggered cell FDCE clocked by sys_clk_raw  {rise@0.000ns fall@7.692ns period=15.385ns})
  Destination:            u_soc/u_dma/words_rem_reg[16]/D
                            (rising edge-triggered cell FDCE clocked by sys_clk_raw  {rise@0.000ns fall@7.692ns period=15.385ns})
  Path Group:             sys_clk_raw
  Path Type:              Hold (Min at Fast Process Corner)
  Requirement:            0.000ns  (sys_clk_raw rise@0.000ns - sys_clk_raw rise@0.000ns)
  Data Path Delay:        0.328ns  (logic 0.239ns (72.973%)  route 0.089ns (27.027%))
  Logic Levels:           1  (CARRY4=1)
  Clock Path Skew:        0.145ns (DCD - SCD - CPR)
    Destination Clock Delay (DCD):    1.394ns
    Source Clock Delay      (SCD):    0.892ns
    Clock Pessimism Removal (CPR):    0.357ns

    Location             Delay type                Incr(ns)  Path(ns)    Netlist Resource(s)
  -------------------------------------------------------------------    -------------------
                         (clock sys_clk_raw rise edge)
                                                      0.000     0.000 r  
    E3                                                0.000     0.000 r  sys_clk_in (IN)
                         net (fo=0)                   0.000     0.000    sys_clk_in
    E3                   IBUF (Prop_ibuf_I_O)         0.250     0.250 r  sys_clk_in_IBUF_inst/O
                         net (fo=1, unplaced)         0.114     0.364    sys_clk_in_IBUF
                         MMCME2_ADV (Prop_mmcme2_adv_CLKIN1_CLKOUT1)
                                                      0.050     0.414 r  u_mmcm/CLKOUT1
                         net (fo=1, unplaced)         0.338     0.752    sys_clk_raw
                         BUFG (Prop_bufg_I_O)         0.026     0.778 r  u_bufg_sys/O
                         net (fo=1807, unplaced)      0.114     0.892    u_soc/u_dma/sys_clk
                         FDCE                                         r  u_soc/u_dma/words_rem_reg[15]/C
  -------------------------------------------------------------------    -------------------
                         FDCE (Prop_fdce_C_Q)         0.147     1.039 r  u_soc/u_dma/words_rem_reg[15]/Q
                         net (fo=3, unplaced)         0.089     1.128    u_soc/u_dma/words_rem_reg_n_0_[15]
                         CARRY4 (Prop_carry4_DI[2]_O[3])
                                                      0.092     1.220 r  u_soc/u_dma/words_rem0_carry__2/O[3]
                         net (fo=1, unplaced)         0.000     1.220    u_soc/u_dma/in12[16]
                         FDCE                                         r  u_soc/u_dma/words_rem_reg[16]/D
  -------------------------------------------------------------------    -------------------

                         (clock sys_clk_raw rise edge)
                                                      0.000     0.000 r  
    E3                                                0.000     0.000 r  sys_clk_in (IN)
                         net (fo=0)                   0.000     0.000    sys_clk_in
    E3                   IBUF (Prop_ibuf_I_O)         0.438     0.438 r  sys_clk_in_IBUF_inst/O
                         net (fo=1, unplaced)         0.259     0.697    sys_clk_in_IBUF
                         MMCME2_ADV (Prop_mmcme2_adv_CLKIN1_CLKOUT1)
                                                      0.053     0.750 r  u_mmcm/CLKOUT1
                         net (fo=1, unplaced)         0.356     1.106    sys_clk_raw
                         BUFG (Prop_bufg_I_O)         0.029     1.135 r  u_bufg_sys/O
                         net (fo=1807, unplaced)      0.259     1.394    u_soc/u_dma/sys_clk
                         FDCE                                         r  u_soc/u_dma/words_rem_reg[16]/C
                         clock pessimism             -0.357     1.037    
                         FDCE (Hold_fdce_C_D)         0.113     1.150    u_soc/u_dma/words_rem_reg[16]
  -------------------------------------------------------------------
                         required time                         -1.150    
                         arrival time                           1.220    
  -------------------------------------------------------------------
                         slack                                  0.070    

Slack (MET) :             0.070ns  (arrival time - required time)
  Source:                 u_soc/u_dma/words_rem_reg[17]/C
                            (rising edge-triggered cell FDCE clocked by sys_clk_raw  {rise@0.000ns fall@7.692ns period=15.385ns})
  Destination:            u_soc/u_dma/words_rem_reg[18]/D
                            (rising edge-triggered cell FDCE clocked by sys_clk_raw  {rise@0.000ns fall@7.692ns period=15.385ns})
  Path Group:             sys_clk_raw
  Path Type:              Hold (Min at Fast Process Corner)
  Requirement:            0.000ns  (sys_clk_raw rise@0.000ns - sys_clk_raw rise@0.000ns)
  Data Path Delay:        0.328ns  (logic 0.239ns (72.973%)  route 0.089ns (27.027%))
  Logic Levels:           1  (CARRY4=1)
  Clock Path Skew:        0.145ns (DCD - SCD - CPR)
    Destination Clock Delay (DCD):    1.394ns
    Source Clock Delay      (SCD):    0.892ns
    Clock Pessimism Removal (CPR):    0.357ns

    Location             Delay type                Incr(ns)  Path(ns)    Netlist Resource(s)
  -------------------------------------------------------------------    -------------------
                         (clock sys_clk_raw rise edge)
                                                      0.000     0.000 r  
    E3                                                0.000     0.000 r  sys_clk_in (IN)
                         net (fo=0)                   0.000     0.000    sys_clk_in
    E3                   IBUF (Prop_ibuf_I_O)         0.250     0.250 r  sys_clk_in_IBUF_inst/O
                         net (fo=1, unplaced)         0.114     0.364    sys_clk_in_IBUF
                         MMCME2_ADV (Prop_mmcme2_adv_CLKIN1_CLKOUT1)
                                                      0.050     0.414 r  u_mmcm/CLKOUT1
                         net (fo=1, unplaced)         0.338     0.752    sys_clk_raw
                         BUFG (Prop_bufg_I_O)         0.026     0.778 r  u_bufg_sys/O
                         net (fo=1807, unplaced)      0.114     0.892    u_soc/u_dma/sys_clk
                         FDCE                                         r  u_soc/u_dma/words_rem_reg[17]/C
  -------------------------------------------------------------------    -------------------
                         FDCE (Prop_fdce_C_Q)         0.147     1.039 r  u_soc/u_dma/words_rem_reg[17]/Q
                         net (fo=3, unplaced)         0.089     1.128    u_soc/u_dma/words_rem_reg_n_0_[17]
                         CARRY4 (Prop_carry4_DI[0]_O[1])
                                                      0.092     1.220 r  u_soc/u_dma/words_rem0_carry__3/O[1]
                         net (fo=1, unplaced)         0.000     1.220    u_soc/u_dma/in12[18]
                         FDCE                                         r  u_soc/u_dma/words_rem_reg[18]/D
  -------------------------------------------------------------------    -------------------

                         (clock sys_clk_raw rise edge)
                                                      0.000     0.000 r  
    E3                                                0.000     0.000 r  sys_clk_in (IN)
                         net (fo=0)                   0.000     0.000    sys_clk_in
    E3                   IBUF (Prop_ibuf_I_O)         0.438     0.438 r  sys_clk_in_IBUF_inst/O
                         net (fo=1, unplaced)         0.259     0.697    sys_clk_in_IBUF
                         MMCME2_ADV (Prop_mmcme2_adv_CLKIN1_CLKOUT1)
                                                      0.053     0.750 r  u_mmcm/CLKOUT1
                         net (fo=1, unplaced)         0.356     1.106    sys_clk_raw
                         BUFG (Prop_bufg_I_O)         0.029     1.135 r  u_bufg_sys/O
                         net (fo=1807, unplaced)      0.259     1.394    u_soc/u_dma/sys_clk
                         FDCE                                         r  u_soc/u_dma/words_rem_reg[18]/C
                         clock pessimism             -0.357     1.037    
                         FDCE (Hold_fdce_C_D)         0.113     1.150    u_soc/u_dma/words_rem_reg[18]
  -------------------------------------------------------------------
                         required time                         -1.150    
                         arrival time                           1.220    
  -------------------------------------------------------------------
                         slack                                  0.070    

Slack (MET) :             0.070ns  (arrival time - required time)
  Source:                 u_soc/u_dma/words_rem_reg[19]/C
                            (rising edge-triggered cell FDCE clocked by sys_clk_raw  {rise@0.000ns fall@7.692ns period=15.385ns})
  Destination:            u_soc/u_dma/words_rem_reg[20]/D
                            (rising edge-triggered cell FDCE clocked by sys_clk_raw  {rise@0.000ns fall@7.692ns period=15.385ns})
  Path Group:             sys_clk_raw
  Path Type:              Hold (Min at Fast Process Corner)
  Requirement:            0.000ns  (sys_clk_raw rise@0.000ns - sys_clk_raw rise@0.000ns)
  Data Path Delay:        0.328ns  (logic 0.239ns (72.973%)  route 0.089ns (27.027%))
  Logic Levels:           1  (CARRY4=1)
  Clock Path Skew:        0.145ns (DCD - SCD - CPR)
    Destination Clock Delay (DCD):    1.394ns
    Source Clock Delay      (SCD):    0.892ns
    Clock Pessimism Removal (CPR):    0.357ns

    Location             Delay type                Incr(ns)  Path(ns)    Netlist Resource(s)
  -------------------------------------------------------------------    -------------------
                         (clock sys_clk_raw rise edge)
                                                      0.000     0.000 r  
    E3                                                0.000     0.000 r  sys_clk_in (IN)
                         net (fo=0)                   0.000     0.000    sys_clk_in
    E3                   IBUF (Prop_ibuf_I_O)         0.250     0.250 r  sys_clk_in_IBUF_inst/O
                         net (fo=1, unplaced)         0.114     0.364    sys_clk_in_IBUF
                         MMCME2_ADV (Prop_mmcme2_adv_CLKIN1_CLKOUT1)
                                                      0.050     0.414 r  u_mmcm/CLKOUT1
                         net (fo=1, unplaced)         0.338     0.752    sys_clk_raw
                         BUFG (Prop_bufg_I_O)         0.026     0.778 r  u_bufg_sys/O
                         net (fo=1807, unplaced)      0.114     0.892    u_soc/u_dma/sys_clk
                         FDCE                                         r  u_soc/u_dma/words_rem_reg[19]/C
  -------------------------------------------------------------------    -------------------
                         FDCE (Prop_fdce_C_Q)         0.147     1.039 r  u_soc/u_dma/words_rem_reg[19]/Q
                         net (fo=3, unplaced)         0.089     1.128    u_soc/u_dma/words_rem_reg_n_0_[19]
                         CARRY4 (Prop_carry4_DI[2]_O[3])
                                                      0.092     1.220 r  u_soc/u_dma/words_rem0_carry__3/O[3]
                         net (fo=1, unplaced)         0.000     1.220    u_soc/u_dma/in12[20]
                         FDCE                                         r  u_soc/u_dma/words_rem_reg[20]/D
  -------------------------------------------------------------------    -------------------

                         (clock sys_clk_raw rise edge)
                                                      0.000     0.000 r  
    E3                                                0.000     0.000 r  sys_clk_in (IN)
                         net (fo=0)                   0.000     0.000    sys_clk_in
    E3                   IBUF (Prop_ibuf_I_O)         0.438     0.438 r  sys_clk_in_IBUF_inst/O
                         net (fo=1, unplaced)         0.259     0.697    sys_clk_in_IBUF
                         MMCME2_ADV (Prop_mmcme2_adv_CLKIN1_CLKOUT1)
                                                      0.053     0.750 r  u_mmcm/CLKOUT1
                         net (fo=1, unplaced)         0.356     1.106    sys_clk_raw
                         BUFG (Prop_bufg_I_O)         0.029     1.135 r  u_bufg_sys/O
                         net (fo=1807, unplaced)      0.259     1.394    u_soc/u_dma/sys_clk
                         FDCE                                         r  u_soc/u_dma/words_rem_reg[20]/C
                         clock pessimism             -0.357     1.037    
                         FDCE (Hold_fdce_C_D)         0.113     1.150    u_soc/u_dma/words_rem_reg[20]
  -------------------------------------------------------------------
                         required time                         -1.150    
                         arrival time                           1.220    
  -------------------------------------------------------------------
                         slack                                  0.070    

Slack (MET) :             0.070ns  (arrival time - required time)
  Source:                 u_soc/u_dma/words_rem_reg[21]/C
                            (rising edge-triggered cell FDCE clocked by sys_clk_raw  {rise@0.000ns fall@7.692ns period=15.385ns})
  Destination:            u_soc/u_dma/words_rem_reg[22]/D
                            (rising edge-triggered cell FDCE clocked by sys_clk_raw  {rise@0.000ns fall@7.692ns period=15.385ns})
  Path Group:             sys_clk_raw
  Path Type:              Hold (Min at Fast Process Corner)
  Requirement:            0.000ns  (sys_clk_raw rise@0.000ns - sys_clk_raw rise@0.000ns)
  Data Path Delay:        0.328ns  (logic 0.239ns (72.973%)  route 0.089ns (27.027%))
  Logic Levels:           1  (CARRY4=1)
  Clock Path Skew:        0.145ns (DCD - SCD - CPR)
    Destination Clock Delay (DCD):    1.394ns
    Source Clock Delay      (SCD):    0.892ns
    Clock Pessimism Removal (CPR):    0.357ns

    Location             Delay type                Incr(ns)  Path(ns)    Netlist Resource(s)
  -------------------------------------------------------------------    -------------------
                         (clock sys_clk_raw rise edge)
                                                      0.000     0.000 r  
    E3                                                0.000     0.000 r  sys_clk_in (IN)
                         net (fo=0)                   0.000     0.000    sys_clk_in
    E3                   IBUF (Prop_ibuf_I_O)         0.250     0.250 r  sys_clk_in_IBUF_inst/O
                         net (fo=1, unplaced)         0.114     0.364    sys_clk_in_IBUF
                         MMCME2_ADV (Prop_mmcme2_adv_CLKIN1_CLKOUT1)
                                                      0.050     0.414 r  u_mmcm/CLKOUT1
                         net (fo=1, unplaced)         0.338     0.752    sys_clk_raw
                         BUFG (Prop_bufg_I_O)         0.026     0.778 r  u_bufg_sys/O
                         net (fo=1807, unplaced)      0.114     0.892    u_soc/u_dma/sys_clk
                         FDCE                                         r  u_soc/u_dma/words_rem_reg[21]/C
  -------------------------------------------------------------------    -------------------
                         FDCE (Prop_fdce_C_Q)         0.147     1.039 r  u_soc/u_dma/words_rem_reg[21]/Q
                         net (fo=3, unplaced)         0.089     1.128    u_soc/u_dma/words_rem_reg_n_0_[21]
                         CARRY4 (Prop_carry4_DI[0]_O[1])
                                                      0.092     1.220 r  u_soc/u_dma/words_rem0_carry__4/O[1]
                         net (fo=1, unplaced)         0.000     1.220    u_soc/u_dma/in12[22]
                         FDCE                                         r  u_soc/u_dma/words_rem_reg[22]/D
  -------------------------------------------------------------------    -------------------

                         (clock sys_clk_raw rise edge)
                                                      0.000     0.000 r  
    E3                                                0.000     0.000 r  sys_clk_in (IN)
                         net (fo=0)                   0.000     0.000    sys_clk_in
    E3                   IBUF (Prop_ibuf_I_O)         0.438     0.438 r  sys_clk_in_IBUF_inst/O
                         net (fo=1, unplaced)         0.259     0.697    sys_clk_in_IBUF
                         MMCME2_ADV (Prop_mmcme2_adv_CLKIN1_CLKOUT1)
                                                      0.053     0.750 r  u_mmcm/CLKOUT1
                         net (fo=1, unplaced)         0.356     1.106    sys_clk_raw
                         BUFG (Prop_bufg_I_O)         0.029     1.135 r  u_bufg_sys/O
                         net (fo=1807, unplaced)      0.259     1.394    u_soc/u_dma/sys_clk
                         FDCE                                         r  u_soc/u_dma/words_rem_reg[22]/C
                         clock pessimism             -0.357     1.037    
                         FDCE (Hold_fdce_C_D)         0.113     1.150    u_soc/u_dma/words_rem_reg[22]
  -------------------------------------------------------------------
                         required time                         -1.150    
                         arrival time                           1.220    
  -------------------------------------------------------------------
                         slack                                  0.070    

Slack (MET) :             0.070ns  (arrival time - required time)
  Source:                 u_soc/u_dma/words_rem_reg[23]/C
                            (rising edge-triggered cell FDCE clocked by sys_clk_raw  {rise@0.000ns fall@7.692ns period=15.385ns})
  Destination:            u_soc/u_dma/words_rem_reg[24]/D
                            (rising edge-triggered cell FDCE clocked by sys_clk_raw  {rise@0.000ns fall@7.692ns period=15.385ns})
  Path Group:             sys_clk_raw
  Path Type:              Hold (Min at Fast Process Corner)
  Requirement:            0.000ns  (sys_clk_raw rise@0.000ns - sys_clk_raw rise@0.000ns)
  Data Path Delay:        0.328ns  (logic 0.239ns (72.973%)  route 0.089ns (27.027%))
  Logic Levels:           1  (CARRY4=1)
  Clock Path Skew:        0.145ns (DCD - SCD - CPR)
    Destination Clock Delay (DCD):    1.394ns
    Source Clock Delay      (SCD):    0.892ns
    Clock Pessimism Removal (CPR):    0.357ns

    Location             Delay type                Incr(ns)  Path(ns)    Netlist Resource(s)
  -------------------------------------------------------------------    -------------------
                         (clock sys_clk_raw rise edge)
                                                      0.000     0.000 r  
    E3                                                0.000     0.000 r  sys_clk_in (IN)
                         net (fo=0)                   0.000     0.000    sys_clk_in
    E3                   IBUF (Prop_ibuf_I_O)         0.250     0.250 r  sys_clk_in_IBUF_inst/O
                         net (fo=1, unplaced)         0.114     0.364    sys_clk_in_IBUF
                         MMCME2_ADV (Prop_mmcme2_adv_CLKIN1_CLKOUT1)
                                                      0.050     0.414 r  u_mmcm/CLKOUT1
                         net (fo=1, unplaced)         0.338     0.752    sys_clk_raw
                         BUFG (Prop_bufg_I_O)         0.026     0.778 r  u_bufg_sys/O
                         net (fo=1807, unplaced)      0.114     0.892    u_soc/u_dma/sys_clk
                         FDCE                                         r  u_soc/u_dma/words_rem_reg[23]/C
  -------------------------------------------------------------------    -------------------
                         FDCE (Prop_fdce_C_Q)         0.147     1.039 r  u_soc/u_dma/words_rem_reg[23]/Q
                         net (fo=3, unplaced)         0.089     1.128    u_soc/u_dma/words_rem_reg_n_0_[23]
                         CARRY4 (Prop_carry4_DI[2]_O[3])
                                                      0.092     1.220 r  u_soc/u_dma/words_rem0_carry__4/O[3]
                         net (fo=1, unplaced)         0.000     1.220    u_soc/u_dma/in12[24]
                         FDCE                                         r  u_soc/u_dma/words_rem_reg[24]/D
  -------------------------------------------------------------------    -------------------

                         (clock sys_clk_raw rise edge)
                                                      0.000     0.000 r  
    E3                                                0.000     0.000 r  sys_clk_in (IN)
                         net (fo=0)                   0.000     0.000    sys_clk_in
    E3                   IBUF (Prop_ibuf_I_O)         0.438     0.438 r  sys_clk_in_IBUF_inst/O
                         net (fo=1, unplaced)         0.259     0.697    sys_clk_in_IBUF
                         MMCME2_ADV (Prop_mmcme2_adv_CLKIN1_CLKOUT1)
                                                      0.053     0.750 r  u_mmcm/CLKOUT1
                         net (fo=1, unplaced)         0.356     1.106    sys_clk_raw
                         BUFG (Prop_bufg_I_O)         0.029     1.135 r  u_bufg_sys/O
                         net (fo=1807, unplaced)      0.259     1.394    u_soc/u_dma/sys_clk
                         FDCE                                         r  u_soc/u_dma/words_rem_reg[24]/C
                         clock pessimism             -0.357     1.037    
                         FDCE (Hold_fdce_C_D)         0.113     1.150    u_soc/u_dma/words_rem_reg[24]
  -------------------------------------------------------------------
                         required time                         -1.150    
                         arrival time                           1.220    
  -------------------------------------------------------------------
                         slack                                  0.070    

Slack (MET) :             0.070ns  (arrival time - required time)
  Source:                 u_soc/u_dma/words_rem_reg[25]/C
                            (rising edge-triggered cell FDCE clocked by sys_clk_raw  {rise@0.000ns fall@7.692ns period=15.385ns})
  Destination:            u_soc/u_dma/words_rem_reg[26]/D
                            (rising edge-triggered cell FDCE clocked by sys_clk_raw  {rise@0.000ns fall@7.692ns period=15.385ns})
  Path Group:             sys_clk_raw
  Path Type:              Hold (Min at Fast Process Corner)
  Requirement:            0.000ns  (sys_clk_raw rise@0.000ns - sys_clk_raw rise@0.000ns)
  Data Path Delay:        0.328ns  (logic 0.239ns (72.973%)  route 0.089ns (27.027%))
  Logic Levels:           1  (CARRY4=1)
  Clock Path Skew:        0.145ns (DCD - SCD - CPR)
    Destination Clock Delay (DCD):    1.394ns
    Source Clock Delay      (SCD):    0.892ns
    Clock Pessimism Removal (CPR):    0.357ns

    Location             Delay type                Incr(ns)  Path(ns)    Netlist Resource(s)
  -------------------------------------------------------------------    -------------------
                         (clock sys_clk_raw rise edge)
                                                      0.000     0.000 r  
    E3                                                0.000     0.000 r  sys_clk_in (IN)
                         net (fo=0)                   0.000     0.000    sys_clk_in
    E3                   IBUF (Prop_ibuf_I_O)         0.250     0.250 r  sys_clk_in_IBUF_inst/O
                         net (fo=1, unplaced)         0.114     0.364    sys_clk_in_IBUF
                         MMCME2_ADV (Prop_mmcme2_adv_CLKIN1_CLKOUT1)
                                                      0.050     0.414 r  u_mmcm/CLKOUT1
                         net (fo=1, unplaced)         0.338     0.752    sys_clk_raw
                         BUFG (Prop_bufg_I_O)         0.026     0.778 r  u_bufg_sys/O
                         net (fo=1807, unplaced)      0.114     0.892    u_soc/u_dma/sys_clk
                         FDCE                                         r  u_soc/u_dma/words_rem_reg[25]/C
  -------------------------------------------------------------------    -------------------
                         FDCE (Prop_fdce_C_Q)         0.147     1.039 r  u_soc/u_dma/words_rem_reg[25]/Q
                         net (fo=3, unplaced)         0.089     1.128    u_soc/u_dma/words_rem_reg_n_0_[25]
                         CARRY4 (Prop_carry4_DI[0]_O[1])
                                                      0.092     1.220 r  u_soc/u_dma/words_rem0_carry__5/O[1]
                         net (fo=1, unplaced)         0.000     1.220    u_soc/u_dma/in12[26]
                         FDCE                                         r  u_soc/u_dma/words_rem_reg[26]/D
  -------------------------------------------------------------------    -------------------

                         (clock sys_clk_raw rise edge)
                                                      0.000     0.000 r  
    E3                                                0.000     0.000 r  sys_clk_in (IN)
                         net (fo=0)                   0.000     0.000    sys_clk_in
    E3                   IBUF (Prop_ibuf_I_O)         0.438     0.438 r  sys_clk_in_IBUF_inst/O
                         net (fo=1, unplaced)         0.259     0.697    sys_clk_in_IBUF
                         MMCME2_ADV (Prop_mmcme2_adv_CLKIN1_CLKOUT1)
                                                      0.053     0.750 r  u_mmcm/CLKOUT1
                         net (fo=1, unplaced)         0.356     1.106    sys_clk_raw
                         BUFG (Prop_bufg_I_O)         0.029     1.135 r  u_bufg_sys/O
                         net (fo=1807, unplaced)      0.259     1.394    u_soc/u_dma/sys_clk
                         FDCE                                         r  u_soc/u_dma/words_rem_reg[26]/C
                         clock pessimism             -0.357     1.037    
                         FDCE (Hold_fdce_C_D)         0.113     1.150    u_soc/u_dma/words_rem_reg[26]
  -------------------------------------------------------------------
                         required time                         -1.150    
                         arrival time                           1.220    
  -------------------------------------------------------------------
                         slack                                  0.070    

Slack (MET) :             0.070ns  (arrival time - required time)
  Source:                 u_soc/u_dma/words_rem_reg[27]/C
                            (rising edge-triggered cell FDCE clocked by sys_clk_raw  {rise@0.000ns fall@7.692ns period=15.385ns})
  Destination:            u_soc/u_dma/words_rem_reg[28]/D
                            (rising edge-triggered cell FDCE clocked by sys_clk_raw  {rise@0.000ns fall@7.692ns period=15.385ns})
  Path Group:             sys_clk_raw
  Path Type:              Hold (Min at Fast Process Corner)
  Requirement:            0.000ns  (sys_clk_raw rise@0.000ns - sys_clk_raw rise@0.000ns)
  Data Path Delay:        0.328ns  (logic 0.239ns (72.973%)  route 0.089ns (27.027%))
  Logic Levels:           1  (CARRY4=1)
  Clock Path Skew:        0.145ns (DCD - SCD - CPR)
    Destination Clock Delay (DCD):    1.394ns
    Source Clock Delay      (SCD):    0.892ns
    Clock Pessimism Removal (CPR):    0.357ns

    Location             Delay type                Incr(ns)  Path(ns)    Netlist Resource(s)
  -------------------------------------------------------------------    -------------------
                         (clock sys_clk_raw rise edge)
                                                      0.000     0.000 r  
    E3                                                0.000     0.000 r  sys_clk_in (IN)
                         net (fo=0)                   0.000     0.000    sys_clk_in
    E3                   IBUF (Prop_ibuf_I_O)         0.250     0.250 r  sys_clk_in_IBUF_inst/O
                         net (fo=1, unplaced)         0.114     0.364    sys_clk_in_IBUF
                         MMCME2_ADV (Prop_mmcme2_adv_CLKIN1_CLKOUT1)
                                                      0.050     0.414 r  u_mmcm/CLKOUT1
                         net (fo=1, unplaced)         0.338     0.752    sys_clk_raw
                         BUFG (Prop_bufg_I_O)         0.026     0.778 r  u_bufg_sys/O
                         net (fo=1807, unplaced)      0.114     0.892    u_soc/u_dma/sys_clk
                         FDCE                                         r  u_soc/u_dma/words_rem_reg[27]/C
  -------------------------------------------------------------------    -------------------
                         FDCE (Prop_fdce_C_Q)         0.147     1.039 r  u_soc/u_dma/words_rem_reg[27]/Q
                         net (fo=3, unplaced)         0.089     1.128    u_soc/u_dma/words_rem_reg_n_0_[27]
                         CARRY4 (Prop_carry4_DI[2]_O[3])
                                                      0.092     1.220 r  u_soc/u_dma/words_rem0_carry__5/O[3]
                         net (fo=1, unplaced)         0.000     1.220    u_soc/u_dma/in12[28]
                         FDCE                                         r  u_soc/u_dma/words_rem_reg[28]/D
  -------------------------------------------------------------------    -------------------

                         (clock sys_clk_raw rise edge)
                                                      0.000     0.000 r  
    E3                                                0.000     0.000 r  sys_clk_in (IN)
                         net (fo=0)                   0.000     0.000    sys_clk_in
    E3                   IBUF (Prop_ibuf_I_O)         0.438     0.438 r  sys_clk_in_IBUF_inst/O
                         net (fo=1, unplaced)         0.259     0.697    sys_clk_in_IBUF
                         MMCME2_ADV (Prop_mmcme2_adv_CLKIN1_CLKOUT1)
                                                      0.053     0.750 r  u_mmcm/CLKOUT1
                         net (fo=1, unplaced)         0.356     1.106    sys_clk_raw
                         BUFG (Prop_bufg_I_O)         0.029     1.135 r  u_bufg_sys/O
                         net (fo=1807, unplaced)      0.259     1.394    u_soc/u_dma/sys_clk
                         FDCE                                         r  u_soc/u_dma/words_rem_reg[28]/C
                         clock pessimism             -0.357     1.037    
                         FDCE (Hold_fdce_C_D)         0.113     1.150    u_soc/u_dma/words_rem_reg[28]
  -------------------------------------------------------------------
                         required time                         -1.150    
                         arrival time                           1.220    
  -------------------------------------------------------------------
                         slack                                  0.070    





Pulse Width Checks
--------------------------------------------------------------------------------------
Clock Name:         sys_clk_raw
Waveform(ns):       { 0.000 7.692 }
Period(ns):         15.385
Sources:            { u_mmcm/CLKOUT1 }

Check Type        Corner  Lib Pin             Reference Pin  Required(ns)  Actual(ns)  Slack(ns)  Location  Pin
Min Period        n/a     RAMB36E1/CLKARDCLK  n/a            3.363         15.385      12.022               u_soc/bram_reg_0_0_0/CLKARDCLK
Min Period        n/a     RAMB36E1/CLKARDCLK  n/a            3.363         15.385      12.022               u_soc/bram_reg_0_0_1/CLKARDCLK
Min Period        n/a     RAMB36E1/CLKARDCLK  n/a            3.363         15.385      12.022               u_soc/bram_reg_0_0_2/CLKARDCLK
Min Period        n/a     RAMB36E1/CLKARDCLK  n/a            3.363         15.385      12.022               u_soc/bram_reg_0_0_3/CLKARDCLK
Min Period        n/a     RAMB36E1/CLKARDCLK  n/a            3.363         15.385      12.022               u_soc/bram_reg_0_0_4/CLKARDCLK
Min Period        n/a     RAMB36E1/CLKARDCLK  n/a            3.363         15.385      12.022               u_soc/bram_reg_0_0_5/CLKARDCLK
Min Period        n/a     RAMB36E1/CLKARDCLK  n/a            3.363         15.385      12.022               u_soc/bram_reg_0_0_6/CLKARDCLK
Min Period        n/a     RAMB36E1/CLKARDCLK  n/a            3.363         15.385      12.022               u_soc/bram_reg_0_0_7/CLKARDCLK
Min Period        n/a     RAMB36E1/CLKARDCLK  n/a            3.363         15.385      12.022               u_soc/bram_reg_0_1_0/CLKARDCLK
Min Period        n/a     RAMB36E1/CLKARDCLK  n/a            3.363         15.385      12.022               u_soc/bram_reg_0_1_1/CLKARDCLK
Max Period        n/a     MMCME2_ADV/CLKOUT1  n/a            213.360       15.385      197.975              u_mmcm/CLKOUT1
Low Pulse Width   Slow    FDPE/C              n/a            0.500         7.692       7.192                u_soc/bram_arready_reg/C
Low Pulse Width   Fast    FDPE/C              n/a            0.500         7.692       7.192                u_soc/bram_arready_reg/C
Low Pulse Width   Slow    FDCE/C              n/a            0.500         7.692       7.192                u_soc/bram_aw_pend_reg/C
Low Pulse Width   Fast    FDCE/C              n/a            0.500         7.692       7.192                u_soc/bram_aw_pend_reg/C
Low Pulse Width   Slow    FDCE/C              n/a            0.500         7.692       7.192                u_soc/bram_aw_r_reg[10]/C
Low Pulse Width   Fast    FDCE/C              n/a            0.500         7.692       7.192                u_soc/bram_aw_r_reg[10]/C
Low Pulse Width   Slow    FDCE/C              n/a            0.500         7.692       7.192                u_soc/bram_aw_r_reg[10]_rep/C
Low Pulse Width   Fast    FDCE/C              n/a            0.500         7.692       7.192                u_soc/bram_aw_r_reg[10]_rep/C
Low Pulse Width   Slow    FDCE/C              n/a            0.500         7.692       7.192                u_soc/bram_aw_r_reg[10]_rep__0/C
Low Pulse Width   Fast    FDCE/C              n/a            0.500         7.692       7.192                u_soc/bram_aw_r_reg[10]_rep__0/C
High Pulse Width  Slow    FDPE/C              n/a            0.500         7.692       7.192                u_soc/bram_arready_reg/C
High Pulse Width  Fast    FDPE/C              n/a            0.500         7.692       7.192                u_soc/bram_arready_reg/C
High Pulse Width  Slow    FDCE/C              n/a            0.500         7.692       7.192                u_soc/bram_aw_pend_reg/C
High Pulse Width  Fast    FDCE/C              n/a            0.500         7.692       7.192                u_soc/bram_aw_pend_reg/C
High Pulse Width  Slow    FDCE/C              n/a            0.500         7.692       7.192                u_soc/bram_aw_r_reg[10]/C
High Pulse Width  Fast    FDCE/C              n/a            0.500         7.692       7.192                u_soc/bram_aw_r_reg[10]/C
High Pulse Width  Slow    FDCE/C              n/a            0.500         7.692       7.192                u_soc/bram_aw_r_reg[10]_rep/C
High Pulse Width  Fast    FDCE/C              n/a            0.500         7.692       7.192                u_soc/bram_aw_r_reg[10]_rep/C
High Pulse Width  Slow    FDCE/C              n/a            0.500         7.692       7.192                u_soc/bram_aw_r_reg[10]_rep__0/C
High Pulse Width  Fast    FDCE/C              n/a            0.500         7.692       7.192                u_soc/bram_aw_r_reg[10]_rep__0/C



