#-----------------------------------------------------------
# Vivado v2025.2 (64-bit)
# SW Build 6299465 on Fri Nov 14 12:34:56 MST 2025
# IP Build 6300035 on Fri Nov 14 10:48:45 MST 2025
# SharedData Build 6298862 on Thu Nov 13 04:50:51 MST 2025
# Start of session at: Sat Jun 13 13:00:33 2026
# Process ID         : 287080
# Current directory  : /home/ian/SoC-from-scratch
# Command line       : vivado
# Log file           : /home/ian/SoC-from-scratch/vivado.log
# Journal file       : /home/ian/SoC-from-scratch/vivado.jou
# Running On         : ian
# Platform           : Ubuntu
# Operating System   : Ubuntu 24.04.3 LTS
# Processor Detail   : AMD Ryzen 7 7735U with Radeon Graphics
# CPU Frequency      : 2082.556 MHz
# CPU Physical cores : 8
# CPU Logical cores  : 16
# Host memory        : 32340 MB
# Swap memory        : 8589 MB
# Total Virtual      : 40930 MB
# Available Virtual  : 37183 MB
#-----------------------------------------------------------
start_gui
WARNING: [Board 49-26] cannot add Board Part xilinx.com:emb-plus-vpr-4616:part0:1.0 available at /tools/2025.2/data/xhub/boards/XilinxBoardStore/boards/Xilinx/emb-plus-vpr-4616/1.0/board.xml as part xcve2302-sfva784-2mp-e-s specified in board_part file is either invalid or not available
WARNING: [Board 49-26] cannot add Board Part xilinx.com:emb-plus-vpr-4616:part0:1.1 available at /tools/2025.2/data/xhub/boards/XilinxBoardStore/boards/Xilinx/emb-plus-vpr-4616/1.1/board.xml as part xcve2302-sfva784-2mp-e-s specified in board_part file is either invalid or not available
WARNING: [Board 49-26] cannot add Board Part xilinx.com:kc705:part0:1.6 available at /tools/2025.2/data/xhub/boards/XilinxBoardStore/boards/Xilinx/kc705/1.6/board.xml as part xc7k325tffg900-2 specified in board_part file is either invalid or not available
WARNING: [Board 49-26] cannot add Board Part xilinx.com:kc705:part0:1.7 available at /tools/2025.2/data/xhub/boards/XilinxBoardStore/boards/Xilinx/kc705/1.7/board.xml as part xc7k325tffg900-2 specified in board_part file is either invalid or not available
WARNING: [Board 49-26] cannot add Board Part xilinx.com:kcu105:part0:1.6 available at /tools/2025.2/data/xhub/boards/XilinxBoardStore/boards/Xilinx/kcu105/1.6/board.xml as part xcku040-ffva1156-2-e specified in board_part file is either invalid or not available
WARNING: [Board 49-26] cannot add Board Part xilinx.com:kcu105:part0:1.7 available at /tools/2025.2/data/xhub/boards/XilinxBoardStore/boards/Xilinx/kcu105/1.7/board.xml as part xcku040-ffva1156-2-e specified in board_part file is either invalid or not available
WARNING: [Board 49-26] cannot add Board Part xilinx.com:kcu116:part0:1.4 available at /tools/2025.2/data/xhub/boards/XilinxBoardStore/boards/Xilinx/kcu116/1.4/board.xml as part xcku5p-ffvb676-2-e specified in board_part file is either invalid or not available
WARNING: [Board 49-26] cannot add Board Part xilinx.com:kcu116:part0:1.5 available at /tools/2025.2/data/xhub/boards/XilinxBoardStore/boards/Xilinx/kcu116/1.5/board.xml as part xcku5p-ffvb676-2-e specified in board_part file is either invalid or not available
WARNING: [Board 49-26] cannot add Board Part xilinx.com:kcu1500:part0:1.2 available at /tools/2025.2/data/xhub/boards/XilinxBoardStore/boards/Xilinx/kcu1500/1.2/board.xml as part xcku115-flvb2104-2-e specified in board_part file is either invalid or not available
WARNING: [Board 49-26] cannot add Board Part xilinx.com:scu35:part0:1.0 available at /tools/2025.2/data/xhub/boards/XilinxBoardStore/boards/Xilinx/scu35/1.0/board.xml as part xcsu35p-sbvb625-2-e specified in board_part file is either invalid or not available
WARNING: [Board 49-26] cannot add Board Part xilinx.com:v80:part0:1.0 available at /tools/2025.2/data/xhub/boards/XilinxBoardStore/boards/Xilinx/v80/1.0/board.xml as part xcv80-lsva4737-2mhp-e-s specified in board_part file is either invalid or not available
WARNING: [Board 49-26] cannot add Board Part xilinx.com:vc707:part0:1.4 available at /tools/2025.2/data/xhub/boards/XilinxBoardStore/boards/Xilinx/vc707/1.4/board.xml as part xc7vx485tffg1761-2 specified in board_part file is either invalid or not available
WARNING: [Board 49-26] cannot add Board Part xilinx.com:vc707:part0:1.5 available at /tools/2025.2/data/xhub/boards/XilinxBoardStore/boards/Xilinx/vc707/1.5/board.xml as part xc7vx485tffg1761-2 specified in board_part file is either invalid or not available
WARNING: [Board 49-26] cannot add Board Part xilinx.com:vc709:part0:1.8 available at /tools/2025.2/data/xhub/boards/XilinxBoardStore/boards/Xilinx/vc709/1.8/board.xml as part xc7vx690tffg1761-2 specified in board_part file is either invalid or not available
WARNING: [Board 49-26] cannot add Board Part xilinx.com:vck190:part0:2.2 available at /tools/2025.2/data/xhub/boards/XilinxBoardStore/boards/Xilinx/vck190/production/2.2/board.xml as part xcvc1902-vsva2197-2mp-e-s specified in board_part file is either invalid or not available
WARNING: [Board 49-26] cannot add Board Part xilinx.com:vck190:part0:3.0 available at /tools/2025.2/data/xhub/boards/XilinxBoardStore/boards/Xilinx/vck190/production/3.0/board.xml as part xcvc1902-vsva2197-2mp-e-s specified in board_part file is either invalid or not available
WARNING: [Board 49-26] cannot add Board Part xilinx.com:vck190:part0:3.1 available at /tools/2025.2/data/xhub/boards/XilinxBoardStore/boards/Xilinx/vck190/production/3.1/board.xml as part xcvc1902-vsva2197-2mp-e-s specified in board_part file is either invalid or not available
WARNING: [Board 49-26] cannot add Board Part xilinx.com:vck190:part0:3.2 available at /tools/2025.2/data/xhub/boards/XilinxBoardStore/boards/Xilinx/vck190/production/3.2/board.xml as part xcvc1902-vsva2197-2mp-e-s specified in board_part file is either invalid or not available
WARNING: [Board 49-26] cannot add Board Part xilinx.com:vck190:part0:3.3 available at /tools/2025.2/data/xhub/boards/XilinxBoardStore/boards/Xilinx/vck190/production/3.3/board.xml as part xcvc1902-vsva2197-2mp-e-s specified in board_part file is either invalid or not available
WARNING: [Board 49-26] cannot add Board Part xilinx.com:vck190:part0:3.4 available at /tools/2025.2/data/xhub/boards/XilinxBoardStore/boards/Xilinx/vck190/production/3.4/board.xml as part xcvc1902-vsva2197-2mp-e-s specified in board_part file is either invalid or not available
WARNING: [Board 49-26] cannot add Board Part xilinx.com:vck190_newl:part0:1.0 available at /tools/2025.2/data/xhub/boards/XilinxBoardStore/boards/Xilinx/vck190_newl/production/1.0/board.xml as part xcvc1902-vsva2197-2mp-e-s specified in board_part file is either invalid or not available
WARNING: [Board 49-26] cannot add Board Part xilinx.com:vck190_newl:part0:1.1 available at /tools/2025.2/data/xhub/boards/XilinxBoardStore/boards/Xilinx/vck190_newl/production/1.1/board.xml as part xcvc1902-vsva2197-2mp-e-s specified in board_part file is either invalid or not available
WARNING: [Board 49-26] cannot add Board Part xilinx.com:vck190_newl:part0:1.2 available at /tools/2025.2/data/xhub/boards/XilinxBoardStore/boards/Xilinx/vck190_newl/production/1.2/board.xml as part xcvc1902-vsva2197-2mp-e-s specified in board_part file is either invalid or not available
WARNING: [Board 49-26] cannot add Board Part xilinx.com:vck190_newl:part0:1.3 available at /tools/2025.2/data/xhub/boards/XilinxBoardStore/boards/Xilinx/vck190_newl/production/1.3/board.xml as part xcvc1902-vsva2197-2mp-e-s specified in board_part file is either invalid or not available
WARNING: [Board 49-26] cannot add Board Part xilinx.com:vcu108:part0:1.6 available at /tools/2025.2/data/xhub/boards/XilinxBoardStore/boards/Xilinx/vcu108/1.6/board.xml as part xcvu095-ffva2104-2-e specified in board_part file is either invalid or not available
WARNING: [Board 49-26] cannot add Board Part xilinx.com:vcu108:part0:1.7 available at /tools/2025.2/data/xhub/boards/XilinxBoardStore/boards/Xilinx/vcu108/1.7/board.xml as part xcvu095-ffva2104-2-e specified in board_part file is either invalid or not available
WARNING: [Board 49-26] cannot add Board Part xilinx.com:vcu110:part0:1.4 available at /tools/2025.2/data/xhub/boards/XilinxBoardStore/boards/Xilinx/vcu110/1.4/board.xml as part xcvu190-flgc2104-2-e specified in board_part file is either invalid or not available
WARNING: [Board 49-26] cannot add Board Part xilinx.com:vcu118:part0:2.0 available at /tools/2025.2/data/xhub/boards/XilinxBoardStore/boards/Xilinx/vcu118/2.0/board.xml as part xcvu9p-flga2104-2l-e specified in board_part file is either invalid or not available
WARNING: [Board 49-26] cannot add Board Part xilinx.com:vcu118:part0:2.3 available at /tools/2025.2/data/xhub/boards/XilinxBoardStore/boards/Xilinx/vcu118/2.3/board.xml as part xcvu9p-flga2104-2l-e specified in board_part file is either invalid or not available
WARNING: [Board 49-26] cannot add Board Part xilinx.com:vcu118:part0:2.4 available at /tools/2025.2/data/xhub/boards/XilinxBoardStore/boards/Xilinx/vcu118/2.4/board.xml as part xcvu9p-flga2104-2l-e specified in board_part file is either invalid or not available
WARNING: [Board 49-26] cannot add Board Part xilinx.com:vcu128:part0:1.0 available at /tools/2025.2/data/xhub/boards/XilinxBoardStore/boards/Xilinx/vcu128/production/1.0/board.xml as part xcvu37p-fsvh2892-2l-e specified in board_part file is either invalid or not available
WARNING: [Board 49-26] cannot add Board Part xilinx.com:vcu129:part0:1.0 available at /tools/2025.2/data/xhub/boards/XilinxBoardStore/boards/Xilinx/vcu129/production/1.0/board.xml as part xcvu29p-fsga2577-2l-e specified in board_part file is either invalid or not available
WARNING: [Board 49-26] cannot add Board Part xilinx.com:vcu1525:part0:1.3 available at /tools/2025.2/data/xhub/boards/XilinxBoardStore/boards/Xilinx/vcu1525/1.3/board.xml as part xcvu9p-fsgd2104-2l-e specified in board_part file is either invalid or not available
WARNING: [Board 49-26] cannot add Board Part xilinx.com:vek280:part0:1.0 available at /tools/2025.2/data/xhub/boards/XilinxBoardStore/boards/Xilinx/vek280/production/1.0/board.xml as part xcve2802-vsvh1760-2mp-e-s specified in board_part file is either invalid or not available
WARNING: [Board 49-26] cannot add Board Part xilinx.com:vek280:part0:1.1 available at /tools/2025.2/data/xhub/boards/XilinxBoardStore/boards/Xilinx/vek280/production/1.1/board.xml as part xcve2802-vsvh1760-2mp-e-s specified in board_part file is either invalid or not available
WARNING: [Board 49-26] cannot add Board Part xilinx.com:vek280:part0:1.2 available at /tools/2025.2/data/xhub/boards/XilinxBoardStore/boards/Xilinx/vek280/production/1.2/board.xml as part xcve2802-vsvh1760-2mp-e-s specified in board_part file is either invalid or not available
WARNING: [Board 49-26] cannot add Board Part xilinx.com:vek385:part0:1.0 available at /tools/2025.2/data/xhub/boards/XilinxBoardStore/boards/Xilinx/vek385/1.0/board.xml as part xc2ve3858-ssva2112-2mp-e-s specified in board_part file is either invalid or not available
WARNING: [Board 49-26] cannot add Board Part xilinx.com:vek385:part0:1.1 available at /tools/2025.2/data/xhub/boards/XilinxBoardStore/boards/Xilinx/vek385/1.1/board.xml as part xc2ve3858-ssva2112-2mp-e-s specified in board_part file is either invalid or not available
WARNING: [Board 49-26] cannot add Board Part xilinx.com:vek385_1:part0:1.0 available at /tools/2025.2/data/xhub/boards/XilinxBoardStore/boards/Xilinx/vek385_2/1.0/board.xml as part xc2ve3858-ssva2112-2mp-e-s specified in board_part file is either invalid or not available
WARNING: [Board 49-26] cannot add Board Part xilinx.com:vermeo_t1_mpsoc:part0:1.0 available at /tools/2025.2/data/xhub/boards/XilinxBoardStore/boards/Xilinx/vermeo_t1_mpsoc/1.0/board.xml as part xczu19eg-ffvd1760-2l-e specified in board_part file is either invalid or not available
WARNING: [Board 49-26] cannot add Board Part xilinx.com:vermeo_t1_rfsoc:part0:1.0 available at /tools/2025.2/data/xhub/boards/XilinxBoardStore/boards/Xilinx/vermeo_t1_rfsoc/1.0/board.xml as part xczu21dr-ffvd1156-2l-e specified in board_part file is either invalid or not available
WARNING: [Board 49-26] cannot add Board Part xilinx.com:vhk158:part0:1.0 available at /tools/2025.2/data/xhub/boards/XilinxBoardStore/boards/Xilinx/vhk158/production/1.0/board.xml as part xcvh1582-vsva3697-2mp-e-s specified in board_part file is either invalid or not available
WARNING: [Board 49-26] cannot add Board Part xilinx.com:vhk158:part0:1.1 available at /tools/2025.2/data/xhub/boards/XilinxBoardStore/boards/Xilinx/vhk158/production/1.1/board.xml as part xcvh1582-vsva3697-2mp-e-s specified in board_part file is either invalid or not available
WARNING: [Board 49-26] cannot add Board Part xilinx.com:vhk158:part0:1.2 available at /tools/2025.2/data/xhub/boards/XilinxBoardStore/boards/Xilinx/vhk158/production/1.2/board.xml as part xcvh1582-vsva3697-2mp-e-s specified in board_part file is either invalid or not available
WARNING: [Board 49-26] cannot add Board Part xilinx.com:vmk180:part0:2.2 available at /tools/2025.2/data/xhub/boards/XilinxBoardStore/boards/Xilinx/vmk180/production/2.2/board.xml as part xcvm1802-vsva2197-2mp-e-s specified in board_part file is either invalid or not available
WARNING: [Board 49-26] cannot add Board Part xilinx.com:vmk180:part0:3.0 available at /tools/2025.2/data/xhub/boards/XilinxBoardStore/boards/Xilinx/vmk180/production/3.0/board.xml as part xcvm1802-vsva2197-2mp-e-s specified in board_part file is either invalid or not available
WARNING: [Board 49-26] cannot add Board Part xilinx.com:vmk180:part0:3.1 available at /tools/2025.2/data/xhub/boards/XilinxBoardStore/boards/Xilinx/vmk180/production/3.1/board.xml as part xcvm1802-vsva2197-2mp-e-s specified in board_part file is either invalid or not available
WARNING: [Board 49-26] cannot add Board Part xilinx.com:vmk180:part0:3.2 available at /tools/2025.2/data/xhub/boards/XilinxBoardStore/boards/Xilinx/vmk180/production/3.2/board.xml as part xcvm1802-vsva2197-2mp-e-s specified in board_part file is either invalid or not available
WARNING: [Board 49-26] cannot add Board Part xilinx.com:vmk180:part0:3.3 available at /tools/2025.2/data/xhub/boards/XilinxBoardStore/boards/Xilinx/vmk180/production/3.3/board.xml as part xcvm1802-vsva2197-2mp-e-s specified in board_part file is either invalid or not available
WARNING: [Board 49-26] cannot add Board Part xilinx.com:vmk180_newl:part0:1.0 available at /tools/2025.2/data/xhub/boards/XilinxBoardStore/boards/Xilinx/vmk180_newl/production/1.0/board.xml as part xcvm1802-vsva2197-2mp-e-s specified in board_part file is either invalid or not available
WARNING: [Board 49-26] cannot add Board Part xilinx.com:vmk180_newl:part0:1.1 available at /tools/2025.2/data/xhub/boards/XilinxBoardStore/boards/Xilinx/vmk180_newl/production/1.1/board.xml as part xcvm1802-vsva2197-2mp-e-s specified in board_part file is either invalid or not available
WARNING: [Board 49-26] cannot add Board Part xilinx.com:vpk120:part0:1.0 available at /tools/2025.2/data/xhub/boards/XilinxBoardStore/boards/Xilinx/vpk120/production/1.0/board.xml as part xcvp1202-vsva2785-2mp-e-s specified in board_part file is either invalid or not available
WARNING: [Board 49-26] cannot add Board Part xilinx.com:vpk120:part0:1.1 available at /tools/2025.2/data/xhub/boards/XilinxBoardStore/boards/Xilinx/vpk120/production/1.1/board.xml as part xcvp1202-vsva2785-2mp-e-s specified in board_part file is either invalid or not available
WARNING: [Board 49-26] cannot add Board Part xilinx.com:vpk120:part0:1.2 available at /tools/2025.2/data/xhub/boards/XilinxBoardStore/boards/Xilinx/vpk120/production/1.2/board.xml as part xcvp1202-vsva2785-2mp-e-s specified in board_part file is either invalid or not available
WARNING: [Board 49-26] cannot add Board Part xilinx.com:vpk180:part0:1.0 available at /tools/2025.2/data/xhub/boards/XilinxBoardStore/boards/Xilinx/vpk180/production/1.0/board.xml as part xcvp1802-lsvc4072-2mp-e-s specified in board_part file is either invalid or not available
WARNING: [Board 49-26] cannot add Board Part xilinx.com:vpk180:part0:1.1 available at /tools/2025.2/data/xhub/boards/XilinxBoardStore/boards/Xilinx/vpk180/production/1.1/board.xml as part xcvp1802-lsvc4072-2mp-e-s specified in board_part file is either invalid or not available
WARNING: [Board 49-26] cannot add Board Part xilinx.com:vpk180:part0:1.2 available at /tools/2025.2/data/xhub/boards/XilinxBoardStore/boards/Xilinx/vpk180/production/1.2/board.xml as part xcvp1802-lsvc4072-2mp-e-s specified in board_part file is either invalid or not available
WARNING: [Board 49-26] cannot add Board Part xilinx.com:vrk160:part0:1.0 available at /tools/2025.2/data/xhub/boards/XilinxBoardStore/boards/Xilinx/vrk160/1.0/board.xml as part xcvr1602-vsva2488-2mp-e-s-es1 specified in board_part file is either invalid or not available
WARNING: [Board 49-26] cannot add Board Part xilinx.com:vrk160:part0:1.1 available at /tools/2025.2/data/xhub/boards/XilinxBoardStore/boards/Xilinx/vrk160/1.1/board.xml as part xcvr1602-vsva2488-2mp-e-s-es1 specified in board_part file is either invalid or not available
WARNING: [Board 49-26] cannot add Board Part xilinx.com:zc706:part0:1.4 available at /tools/2025.2/data/xhub/boards/XilinxBoardStore/boards/Xilinx/zc706/1.4/board.xml as part xc7z045ffg900-2 specified in board_part file is either invalid or not available
WARNING: [Board 49-26] cannot add Board Part xilinx.com:zc706:part0:1.5 available at /tools/2025.2/data/xhub/boards/XilinxBoardStore/boards/Xilinx/zc706/1.5/board.xml as part xc7z045ffg900-2 specified in board_part file is either invalid or not available
WARNING: [Board 49-26] cannot add Board Part xilinx.com:zcu102:part0:3.3 available at /tools/2025.2/data/xhub/boards/XilinxBoardStore/boards/Xilinx/zcu102/3.3/board.xml as part xczu9eg-ffvb1156-2-e specified in board_part file is either invalid or not available
WARNING: [Board 49-26] cannot add Board Part xilinx.com:zcu102:part0:3.4 available at /tools/2025.2/data/xhub/boards/XilinxBoardStore/boards/Xilinx/zcu102/3.4/board.xml as part xczu9eg-ffvb1156-2-e specified in board_part file is either invalid or not available
WARNING: [Board 49-26] cannot add Board Part xilinx.com:zcu111:part0:1.2 available at /tools/2025.2/data/xhub/boards/XilinxBoardStore/boards/Xilinx/zcu111/1.2/board.xml as part xczu28dr-ffvg1517-2-e specified in board_part file is either invalid or not available
WARNING: [Board 49-26] cannot add Board Part xilinx.com:zcu111:part0:1.3 available at /tools/2025.2/data/xhub/boards/XilinxBoardStore/boards/Xilinx/zcu111/1.3/board.xml as part xczu28dr-ffvg1517-2-e specified in board_part file is either invalid or not available
WARNING: [Board 49-26] cannot add Board Part xilinx.com:zcu111:part0:1.4 available at /tools/2025.2/data/xhub/boards/XilinxBoardStore/boards/Xilinx/zcu111/1.4/board.xml as part xczu28dr-ffvg1517-2-e specified in board_part file is either invalid or not available
WARNING: [Board 49-26] cannot add Board Part xilinx.com:zcu1275:part0:1.0 available at /tools/2025.2/data/xhub/boards/XilinxBoardStore/boards/Xilinx/zcu1275/1.0/board.xml as part xczu29dr-ffvf1760-2-e specified in board_part file is either invalid or not available
WARNING: [Board 49-26] cannot add Board Part xilinx.com:zcu1285:part0:1.0 available at /tools/2025.2/data/xhub/boards/XilinxBoardStore/boards/Xilinx/zcu1285/1.0/board.xml as part xczu39dr-ffvf1760-2-i specified in board_part file is either invalid or not available
WARNING: [Board 49-26] cannot add Board Part xilinx.com:zcu208:part0:2.0 available at /tools/2025.2/data/xhub/boards/XilinxBoardStore/boards/Xilinx/zcu208/production/2.0/board.xml as part xczu48dr-fsvg1517-2-e specified in board_part file is either invalid or not available
WARNING: [Board 49-26] cannot add Board Part xilinx.com:zcu208ld:part0:2.0 available at /tools/2025.2/data/xhub/boards/XilinxBoardStore/boards/Xilinx/zcu208ld/production/2.0/board.xml as part xczu58dr-fsvg1517-2-i specified in board_part file is either invalid or not available
WARNING: [Board 49-26] cannot add Board Part xilinx.com:zcu216:part0:2.0 available at /tools/2025.2/data/xhub/boards/XilinxBoardStore/boards/Xilinx/zcu216/production/2.0/board.xml as part xczu49dr-ffvf1760-2-e specified in board_part file is either invalid or not available
WARNING: [Board 49-26] cannot add Board Part xilinx.com:zcu216ld:part0:2.0 available at /tools/2025.2/data/xhub/boards/XilinxBoardStore/boards/Xilinx/zcu216ld/production/2.0/board.xml as part xczu59dr-ffvf1760-2-i specified in board_part file is either invalid or not available
WARNING: [Board 49-26] cannot add Board Part xilinx.com:zcu670:part0:2.0 available at /tools/2025.2/data/xhub/boards/XilinxBoardStore/boards/Xilinx/zcu670/2.0/board.xml as part xczu67dr-fsve1156-2-i specified in board_part file is either invalid or not available
WARNING: [Board 49-26] cannot add Board Part xilinx.com:zcu670ld:part0:1.0 available at /tools/2025.2/data/xhub/boards/XilinxBoardStore/boards/Xilinx/zcu670ld/1.0/board.xml as part xczu57dr-fsve1156-2-i specified in board_part file is either invalid or not available
cd /home/ian/SoC-from-scratch/ascii_doom_soc
source synth/synth_nexys_a7.tcl
# set part xc7a100tcsg324-1
# set top  fpga_top
# set outdir synth/out
# file mkdir $outdir
# read_verilog -sv [glob rtl/lib/*.sv]
INFO: [IP_Flow 19-234] Refreshing IP repositories
INFO: [IP_Flow 19-1704] No user IP repositories specified
INFO: [IP_Flow 19-2313] Loaded Vivado IP repository '/tools/2025.2/data/ip'.
# read_verilog -sv [glob rtl/bus/*.sv]
# read_verilog -sv [glob rtl/vga/*.sv]
# read_verilog -sv [glob rtl/gpu/*.sv]
# read_verilog -sv [glob rtl/dma/*.sv]
# read_verilog -sv [glob rtl/core/*.sv]
# read_verilog -sv rtl/soc_top.sv
# read_verilog -sv rtl/fpga_top.sv
# read_xdc constraints/nexys_a7.xdc
# synth_design -top $top -part $part -flatten_hierarchy rebuilt
Command: synth_design -top fpga_top -part xc7a100tcsg324-1 -flatten_hierarchy rebuilt
Starting synth_design
Attempting to get a license for feature 'Synthesis' and/or device 'xc7a100t'
INFO: [Common 17-349] Got license for feature 'Synthesis' and/or device 'xc7a100t'
INFO: [Device 21-403] Loading part xc7a100tcsg324-1
INFO: [Synth 8-7079] Multithreading enabled for synth_design using a maximum of 7 processes.
INFO: [Synth 8-7078] Launching helper process for spawning children vivado processes
INFO: [Synth 8-7075] Helper process launched with PID 287576
---------------------------------------------------------------------------------
Starting RTL Elaboration : Time (s): cpu = 00:00:03 ; elapsed = 00:00:03 . Memory (MB): peak = 10585.086 ; gain = 453.188 ; free physical = 17151 ; free virtual = 33743
---------------------------------------------------------------------------------
INFO: [Synth 8-6157] synthesizing module 'fpga_top' [/home/ian/SoC-from-scratch/ascii_doom_soc/rtl/fpga_top.sv:4]
INFO: [Synth 8-6157] synthesizing module 'MMCME2_BASE' [/tools/2025.2/Vivado/scripts/rt/data/unisim_comp.v:95964]
	Parameter BANDWIDTH bound to: OPTIMIZED - type: string 
	Parameter CLKFBOUT_MULT_F bound to: 6.500000e+00 - type: double 
	Parameter CLKFBOUT_PHASE bound to: 0.000000e+00 - type: double 
	Parameter CLKIN1_PERIOD bound to: 1.000000e+01 - type: double 
	Parameter CLKOUT0_DIVIDE_F bound to: 2.600000e+01 - type: double 
	Parameter CLKOUT0_PHASE bound to: 0.000000e+00 - type: double 
	Parameter CLKOUT1_DIVIDE bound to: 10 - type: integer 
	Parameter CLKOUT1_PHASE bound to: 0.000000e+00 - type: double 
	Parameter DIVCLK_DIVIDE bound to: 1 - type: integer 
	Parameter REF_JITTER1 bound to: 1.000000e-02 - type: double 
	Parameter STARTUP_WAIT bound to: FALSE - type: string 
INFO: [Synth 8-6155] done synthesizing module 'MMCME2_BASE' (0#1) [/tools/2025.2/Vivado/scripts/rt/data/unisim_comp.v:95964]
WARNING: [Synth 8-7071] port 'CLKFBOUTB' of module 'MMCME2_BASE' is unconnected for instance 'u_mmcm' [/home/ian/SoC-from-scratch/ascii_doom_soc/rtl/fpga_top.sv:40]
WARNING: [Synth 8-7071] port 'CLKOUT0B' of module 'MMCME2_BASE' is unconnected for instance 'u_mmcm' [/home/ian/SoC-from-scratch/ascii_doom_soc/rtl/fpga_top.sv:40]
WARNING: [Synth 8-7071] port 'CLKOUT1B' of module 'MMCME2_BASE' is unconnected for instance 'u_mmcm' [/home/ian/SoC-from-scratch/ascii_doom_soc/rtl/fpga_top.sv:40]
WARNING: [Synth 8-7071] port 'CLKOUT2' of module 'MMCME2_BASE' is unconnected for instance 'u_mmcm' [/home/ian/SoC-from-scratch/ascii_doom_soc/rtl/fpga_top.sv:40]
WARNING: [Synth 8-7071] port 'CLKOUT2B' of module 'MMCME2_BASE' is unconnected for instance 'u_mmcm' [/home/ian/SoC-from-scratch/ascii_doom_soc/rtl/fpga_top.sv:40]
WARNING: [Synth 8-7071] port 'CLKOUT3' of module 'MMCME2_BASE' is unconnected for instance 'u_mmcm' [/home/ian/SoC-from-scratch/ascii_doom_soc/rtl/fpga_top.sv:40]
WARNING: [Synth 8-7071] port 'CLKOUT3B' of module 'MMCME2_BASE' is unconnected for instance 'u_mmcm' [/home/ian/SoC-from-scratch/ascii_doom_soc/rtl/fpga_top.sv:40]
WARNING: [Synth 8-7071] port 'CLKOUT4' of module 'MMCME2_BASE' is unconnected for instance 'u_mmcm' [/home/ian/SoC-from-scratch/ascii_doom_soc/rtl/fpga_top.sv:40]
WARNING: [Synth 8-7071] port 'CLKOUT5' of module 'MMCME2_BASE' is unconnected for instance 'u_mmcm' [/home/ian/SoC-from-scratch/ascii_doom_soc/rtl/fpga_top.sv:40]
WARNING: [Synth 8-7071] port 'CLKOUT6' of module 'MMCME2_BASE' is unconnected for instance 'u_mmcm' [/home/ian/SoC-from-scratch/ascii_doom_soc/rtl/fpga_top.sv:40]
WARNING: [Synth 8-7023] instance 'u_mmcm' of module 'MMCME2_BASE' has 18 connections declared, but only 8 given [/home/ian/SoC-from-scratch/ascii_doom_soc/rtl/fpga_top.sv:40]
INFO: [Synth 8-6157] synthesizing module 'BUFG' [/tools/2025.2/Vivado/scripts/rt/data/unisim_comp.v:2678]
INFO: [Synth 8-6155] done synthesizing module 'BUFG' (0#1) [/tools/2025.2/Vivado/scripts/rt/data/unisim_comp.v:2678]
INFO: [Synth 8-6157] synthesizing module 'soc_top' [/home/ian/SoC-from-scratch/ascii_doom_soc/rtl/soc_top.sv:25]
	Parameter SIMULATION bound to: 1'b0 
INFO: [Synth 8-3876] $readmem data file 'software/firmware/map.hex' is read successfully [/home/ian/SoC-from-scratch/ascii_doom_soc/rtl/soc_top.sv:181]
INFO: [Synth 8-3876] $readmem data file 'software/firmware/map.hex' is read successfully [/home/ian/SoC-from-scratch/ascii_doom_soc/rtl/soc_top.sv:181]
INFO: [Synth 8-3876] $readmem data file 'software/firmware/map.hex' is read successfully [/home/ian/SoC-from-scratch/ascii_doom_soc/rtl/soc_top.sv:181]
INFO: [Synth 8-3876] $readmem data file 'software/firmware/map.hex' is read successfully [/home/ian/SoC-from-scratch/ascii_doom_soc/rtl/soc_top.sv:181]
INFO: [Synth 8-6157] synthesizing module 'picorv32_axi' [/home/ian/SoC-from-scratch/ascii_doom_soc/rtl/core/picorv32_axi.sv:7]
	Parameter ENABLE_MUL bound to: 1'b1 
	Parameter ENABLE_FAST_MUL bound to: 1'b1 
	Parameter ENABLE_DIV bound to: 1'b1 
	Parameter PROGADDR_RESET bound to: 0 - type: integer 
	Parameter STACKADDR bound to: 262128 - type: integer 
INFO: [Synth 8-6155] done synthesizing module 'picorv32_axi' (0#1) [/home/ian/SoC-from-scratch/ascii_doom_soc/rtl/core/picorv32_axi.sv:7]
INFO: [Synth 8-3876] $readmem data file 'software/firmware/firmware.hex' is read successfully [/home/ian/SoC-from-scratch/ascii_doom_soc/rtl/soc_top.sv:404]
INFO: [Synth 8-6157] synthesizing module 'axi_dma' [/home/ian/SoC-from-scratch/ascii_doom_soc/rtl/dma/axi_dma.sv:8]
INFO: [Synth 8-6155] done synthesizing module 'axi_dma' (0#1) [/home/ian/SoC-from-scratch/ascii_doom_soc/rtl/dma/axi_dma.sv:8]
INFO: [Synth 8-6157] synthesizing module 'axi4lite_fabric' [/home/ian/SoC-from-scratch/ascii_doom_soc/rtl/bus/axi4lite_fabric.sv:8]
INFO: [Synth 8-6155] done synthesizing module 'axi4lite_fabric' (0#1) [/home/ian/SoC-from-scratch/ascii_doom_soc/rtl/bus/axi4lite_fabric.sv:8]
INFO: [Synth 8-6157] synthesizing module 'uart_lite' [/home/ian/SoC-from-scratch/ascii_doom_soc/rtl/core/uart_lite.sv:3]
INFO: [Synth 8-6155] done synthesizing module 'uart_lite' (0#1) [/home/ian/SoC-from-scratch/ascii_doom_soc/rtl/core/uart_lite.sv:3]
INFO: [Synth 8-6157] synthesizing module 'gpu_top' [/home/ian/SoC-from-scratch/ascii_doom_soc/rtl/gpu/gpu_top.sv:3]
	Parameter NUM_CORES bound to: 32'sb00000000000000000000000000000100 
	Parameter TOTAL_COLS bound to: 32'sb00000000000000000000000001010000 
	Parameter MAP_SIZE bound to: 32'sb00000000000000000000000001000000 
INFO: [Synth 8-6157] synthesizing module 'dda_core' [/home/ian/SoC-from-scratch/ascii_doom_soc/rtl/gpu/dda_core.sv:18]
	Parameter TOTAL_COLS bound to: 32'sb00000000000000000000000001010000 
	Parameter MAP_SIZE bound to: 32'sb00000000000000000000000001000000 
INFO: [Synth 8-6155] done synthesizing module 'dda_core' (0#1) [/home/ian/SoC-from-scratch/ascii_doom_soc/rtl/gpu/dda_core.sv:18]
INFO: [Synth 8-6157] synthesizing module 'gpu_mmio' [/home/ian/SoC-from-scratch/ascii_doom_soc/rtl/gpu/gpu_mmio.sv:3]
INFO: [Synth 8-6155] done synthesizing module 'gpu_mmio' (0#1) [/home/ian/SoC-from-scratch/ascii_doom_soc/rtl/gpu/gpu_mmio.sv:3]
INFO: [Synth 8-6157] synthesizing module 'gpu_dispatcher' [/home/ian/SoC-from-scratch/ascii_doom_soc/rtl/gpu/gpu_dispatcher.sv:5]
	Parameter NUM_CORES bound to: 32'sb00000000000000000000000000000100 
	Parameter TOTAL_COLS bound to: 32'sb00000000000000000000000001010000 
INFO: [Synth 8-6155] done synthesizing module 'gpu_dispatcher' (0#1) [/home/ian/SoC-from-scratch/ascii_doom_soc/rtl/gpu/gpu_dispatcher.sv:5]
INFO: [Synth 8-6157] synthesizing module 'gpu_collector' [/home/ian/SoC-from-scratch/ascii_doom_soc/rtl/gpu/gpu_collector.sv:4]
	Parameter NUM_CORES bound to: 32'sb00000000000000000000000000000100 
	Parameter TOTAL_COLS bound to: 32'sb00000000000000000000000001010000 
INFO: [Synth 8-226] default block is never used [/home/ian/SoC-from-scratch/ascii_doom_soc/rtl/gpu/gpu_collector.sv:81]
INFO: [Synth 8-6155] done synthesizing module 'gpu_collector' (0#1) [/home/ian/SoC-from-scratch/ascii_doom_soc/rtl/gpu/gpu_collector.sv:4]
INFO: [Synth 8-6155] done synthesizing module 'gpu_top' (0#1) [/home/ian/SoC-from-scratch/ascii_doom_soc/rtl/gpu/gpu_top.sv:3]
INFO: [Synth 8-6157] synthesizing module 'char_framebuffer' [/home/ian/SoC-from-scratch/ascii_doom_soc/rtl/vga/char_framebuffer.sv:6]
INFO: [Synth 8-6155] done synthesizing module 'char_framebuffer' (0#1) [/home/ian/SoC-from-scratch/ascii_doom_soc/rtl/vga/char_framebuffer.sv:6]
INFO: [Synth 8-6157] synthesizing module 'font_rom' [/home/ian/SoC-from-scratch/ascii_doom_soc/rtl/lib/font_rom.sv:4]
INFO: [Synth 8-3876] $readmem data file 'fonts/font8x8.hex' is read successfully [/home/ian/SoC-from-scratch/ascii_doom_soc/rtl/lib/font_rom.sv:13]
INFO: [Synth 8-6155] done synthesizing module 'font_rom' (0#1) [/home/ian/SoC-from-scratch/ascii_doom_soc/rtl/lib/font_rom.sv:4]
INFO: [Synth 8-6157] synthesizing module 'vga_top' [/home/ian/SoC-from-scratch/ascii_doom_soc/rtl/vga/vga_top.sv:8]
INFO: [Synth 8-6157] synthesizing module 'vga_sync' [/home/ian/SoC-from-scratch/ascii_doom_soc/rtl/vga/vga_sync.sv:3]
INFO: [Synth 8-6155] done synthesizing module 'vga_sync' (0#1) [/home/ian/SoC-from-scratch/ascii_doom_soc/rtl/vga/vga_sync.sv:3]
INFO: [Synth 8-6155] done synthesizing module 'vga_top' (0#1) [/home/ian/SoC-from-scratch/ascii_doom_soc/rtl/vga/vga_top.sv:8]
INFO: [Synth 8-6155] done synthesizing module 'soc_top' (0#1) [/home/ian/SoC-from-scratch/ascii_doom_soc/rtl/soc_top.sv:25]
INFO: [Synth 8-6155] done synthesizing module 'fpga_top' (0#1) [/home/ian/SoC-from-scratch/ascii_doom_soc/rtl/fpga_top.sv:4]
WARNING: [Synth 8-6014] Unused sequential element ray_angle_reg was removed.  [/home/ian/SoC-from-scratch/ascii_doom_soc/rtl/gpu/dda_core.sv:222]
WARNING: [Synth 8-6014] Unused sequential element rdx_reg was removed.  [/home/ian/SoC-from-scratch/ascii_doom_soc/rtl/gpu/dda_core.sv:223]
WARNING: [Synth 8-6014] Unused sequential element rdy_reg was removed.  [/home/ian/SoC-from-scratch/ascii_doom_soc/rtl/gpu/dda_core.sv:223]
WARNING: [Synth 8-6014] Unused sequential element perp_reg was removed.  [/home/ian/SoC-from-scratch/ascii_doom_soc/rtl/gpu/dda_core.sv:309]
WARNING: [Synth 8-6014] Unused sequential element fish_mul_reg was removed.  [/home/ian/SoC-from-scratch/ascii_doom_soc/rtl/gpu/dda_core.sv:312]
WARNING: [Synth 8-6014] Unused sequential element perp_corrected_reg was removed.  [/home/ian/SoC-from-scratch/ascii_doom_soc/rtl/gpu/dda_core.sv:313]
WARNING: [Synth 8-6014] Unused sequential element col_0_reg was removed.  [/home/ian/SoC-from-scratch/ascii_doom_soc/rtl/vga/vga_top.sv:54]
WARNING: [Synth 8-6014] Unused sequential element row_0_reg was removed.  [/home/ian/SoC-from-scratch/ascii_doom_soc/rtl/vga/vga_top.sv:55]
WARNING: [Synth 8-7129] Port axi_wdata[31] in module char_framebuffer is either unconnected or has no load
WARNING: [Synth 8-7129] Port axi_wdata[30] in module char_framebuffer is either unconnected or has no load
WARNING: [Synth 8-7129] Port axi_wdata[29] in module char_framebuffer is either unconnected or has no load
WARNING: [Synth 8-7129] Port axi_wdata[28] in module char_framebuffer is either unconnected or has no load
WARNING: [Synth 8-7129] Port axi_wdata[27] in module char_framebuffer is either unconnected or has no load
WARNING: [Synth 8-7129] Port axi_wdata[26] in module char_framebuffer is either unconnected or has no load
WARNING: [Synth 8-7129] Port axi_wdata[25] in module char_framebuffer is either unconnected or has no load
WARNING: [Synth 8-7129] Port axi_wdata[24] in module char_framebuffer is either unconnected or has no load
WARNING: [Synth 8-7129] Port axi_wdata[23] in module char_framebuffer is either unconnected or has no load
WARNING: [Synth 8-7129] Port axi_wdata[22] in module char_framebuffer is either unconnected or has no load
WARNING: [Synth 8-7129] Port axi_wdata[21] in module char_framebuffer is either unconnected or has no load
WARNING: [Synth 8-7129] Port axi_wdata[20] in module char_framebuffer is either unconnected or has no load
WARNING: [Synth 8-7129] Port axi_wdata[19] in module char_framebuffer is either unconnected or has no load
WARNING: [Synth 8-7129] Port axi_wdata[18] in module char_framebuffer is either unconnected or has no load
WARNING: [Synth 8-7129] Port axi_wdata[17] in module char_framebuffer is either unconnected or has no load
WARNING: [Synth 8-7129] Port axi_wdata[16] in module char_framebuffer is either unconnected or has no load
WARNING: [Synth 8-7129] Port axi_wdata[15] in module char_framebuffer is either unconnected or has no load
WARNING: [Synth 8-7129] Port axi_wdata[14] in module char_framebuffer is either unconnected or has no load
WARNING: [Synth 8-7129] Port axi_wdata[13] in module char_framebuffer is either unconnected or has no load
WARNING: [Synth 8-7129] Port axi_wdata[12] in module char_framebuffer is either unconnected or has no load
WARNING: [Synth 8-7129] Port axi_wdata[11] in module char_framebuffer is either unconnected or has no load
WARNING: [Synth 8-7129] Port axi_wdata[10] in module char_framebuffer is either unconnected or has no load
WARNING: [Synth 8-7129] Port axi_wdata[9] in module char_framebuffer is either unconnected or has no load
WARNING: [Synth 8-7129] Port axi_wdata[8] in module char_framebuffer is either unconnected or has no load
WARNING: [Synth 8-7129] Port axi_wstrb[3] in module char_framebuffer is either unconnected or has no load
WARNING: [Synth 8-7129] Port axi_wstrb[2] in module char_framebuffer is either unconnected or has no load
WARNING: [Synth 8-7129] Port axi_wstrb[1] in module char_framebuffer is either unconnected or has no load
WARNING: [Synth 8-7129] Port axi_wstrb[0] in module char_framebuffer is either unconnected or has no load
WARNING: [Synth 8-7129] Port m_bresp[1] in module gpu_collector is either unconnected or has no load
WARNING: [Synth 8-7129] Port m_bresp[0] in module gpu_collector is either unconnected or has no load
WARNING: [Synth 8-7129] Port s_awaddr[31] in module gpu_mmio is either unconnected or has no load
WARNING: [Synth 8-7129] Port s_awaddr[30] in module gpu_mmio is either unconnected or has no load
WARNING: [Synth 8-7129] Port s_awaddr[29] in module gpu_mmio is either unconnected or has no load
WARNING: [Synth 8-7129] Port s_awaddr[28] in module gpu_mmio is either unconnected or has no load
WARNING: [Synth 8-7129] Port s_awaddr[27] in module gpu_mmio is either unconnected or has no load
WARNING: [Synth 8-7129] Port s_awaddr[26] in module gpu_mmio is either unconnected or has no load
WARNING: [Synth 8-7129] Port s_awaddr[25] in module gpu_mmio is either unconnected or has no load
WARNING: [Synth 8-7129] Port s_awaddr[24] in module gpu_mmio is either unconnected or has no load
WARNING: [Synth 8-7129] Port s_awaddr[23] in module gpu_mmio is either unconnected or has no load
WARNING: [Synth 8-7129] Port s_awaddr[22] in module gpu_mmio is either unconnected or has no load
WARNING: [Synth 8-7129] Port s_awaddr[21] in module gpu_mmio is either unconnected or has no load
WARNING: [Synth 8-7129] Port s_awaddr[20] in module gpu_mmio is either unconnected or has no load
WARNING: [Synth 8-7129] Port s_awaddr[19] in module gpu_mmio is either unconnected or has no load
WARNING: [Synth 8-7129] Port s_awaddr[18] in module gpu_mmio is either unconnected or has no load
WARNING: [Synth 8-7129] Port s_awaddr[17] in module gpu_mmio is either unconnected or has no load
WARNING: [Synth 8-7129] Port s_awaddr[16] in module gpu_mmio is either unconnected or has no load
WARNING: [Synth 8-7129] Port s_awaddr[15] in module gpu_mmio is either unconnected or has no load
WARNING: [Synth 8-7129] Port s_awaddr[14] in module gpu_mmio is either unconnected or has no load
WARNING: [Synth 8-7129] Port s_awaddr[13] in module gpu_mmio is either unconnected or has no load
WARNING: [Synth 8-7129] Port s_awaddr[12] in module gpu_mmio is either unconnected or has no load
WARNING: [Synth 8-7129] Port s_awaddr[11] in module gpu_mmio is either unconnected or has no load
WARNING: [Synth 8-7129] Port s_awaddr[10] in module gpu_mmio is either unconnected or has no load
WARNING: [Synth 8-7129] Port s_awaddr[9] in module gpu_mmio is either unconnected or has no load
WARNING: [Synth 8-7129] Port s_awaddr[8] in module gpu_mmio is either unconnected or has no load
WARNING: [Synth 8-7129] Port s_awaddr[7] in module gpu_mmio is either unconnected or has no load
WARNING: [Synth 8-7129] Port s_awaddr[6] in module gpu_mmio is either unconnected or has no load
WARNING: [Synth 8-7129] Port s_awaddr[5] in module gpu_mmio is either unconnected or has no load
WARNING: [Synth 8-7129] Port s_wstrb[3] in module gpu_mmio is either unconnected or has no load
WARNING: [Synth 8-7129] Port s_wstrb[2] in module gpu_mmio is either unconnected or has no load
WARNING: [Synth 8-7129] Port s_wstrb[1] in module gpu_mmio is either unconnected or has no load
WARNING: [Synth 8-7129] Port s_wstrb[0] in module gpu_mmio is either unconnected or has no load
WARNING: [Synth 8-7129] Port s_araddr[31] in module gpu_mmio is either unconnected or has no load
WARNING: [Synth 8-7129] Port s_araddr[30] in module gpu_mmio is either unconnected or has no load
WARNING: [Synth 8-7129] Port s_araddr[29] in module gpu_mmio is either unconnected or has no load
WARNING: [Synth 8-7129] Port s_araddr[28] in module gpu_mmio is either unconnected or has no load
WARNING: [Synth 8-7129] Port s_araddr[27] in module gpu_mmio is either unconnected or has no load
WARNING: [Synth 8-7129] Port s_araddr[26] in module gpu_mmio is either unconnected or has no load
WARNING: [Synth 8-7129] Port s_araddr[25] in module gpu_mmio is either unconnected or has no load
WARNING: [Synth 8-7129] Port s_araddr[24] in module gpu_mmio is either unconnected or has no load
WARNING: [Synth 8-7129] Port s_araddr[23] in module gpu_mmio is either unconnected or has no load
WARNING: [Synth 8-7129] Port s_araddr[22] in module gpu_mmio is either unconnected or has no load
WARNING: [Synth 8-7129] Port s_araddr[21] in module gpu_mmio is either unconnected or has no load
WARNING: [Synth 8-7129] Port s_araddr[20] in module gpu_mmio is either unconnected or has no load
WARNING: [Synth 8-7129] Port s_araddr[19] in module gpu_mmio is either unconnected or has no load
WARNING: [Synth 8-7129] Port s_araddr[18] in module gpu_mmio is either unconnected or has no load
WARNING: [Synth 8-7129] Port s_araddr[17] in module gpu_mmio is either unconnected or has no load
WARNING: [Synth 8-7129] Port s_araddr[16] in module gpu_mmio is either unconnected or has no load
WARNING: [Synth 8-7129] Port s_araddr[15] in module gpu_mmio is either unconnected or has no load
WARNING: [Synth 8-7129] Port s_araddr[14] in module gpu_mmio is either unconnected or has no load
WARNING: [Synth 8-7129] Port s_araddr[13] in module gpu_mmio is either unconnected or has no load
WARNING: [Synth 8-7129] Port s_araddr[12] in module gpu_mmio is either unconnected or has no load
WARNING: [Synth 8-7129] Port s_araddr[11] in module gpu_mmio is either unconnected or has no load
WARNING: [Synth 8-7129] Port s_araddr[10] in module gpu_mmio is either unconnected or has no load
WARNING: [Synth 8-7129] Port s_araddr[9] in module gpu_mmio is either unconnected or has no load
WARNING: [Synth 8-7129] Port s_araddr[8] in module gpu_mmio is either unconnected or has no load
WARNING: [Synth 8-7129] Port s_araddr[7] in module gpu_mmio is either unconnected or has no load
WARNING: [Synth 8-7129] Port s_araddr[6] in module gpu_mmio is either unconnected or has no load
WARNING: [Synth 8-7129] Port s_araddr[5] in module gpu_mmio is either unconnected or has no load
WARNING: [Synth 8-7129] Port s_awaddr[31] in module uart_lite is either unconnected or has no load
WARNING: [Synth 8-7129] Port s_awaddr[30] in module uart_lite is either unconnected or has no load
WARNING: [Synth 8-7129] Port s_awaddr[29] in module uart_lite is either unconnected or has no load
WARNING: [Synth 8-7129] Port s_awaddr[28] in module uart_lite is either unconnected or has no load
WARNING: [Synth 8-7129] Port s_awaddr[27] in module uart_lite is either unconnected or has no load
WARNING: [Synth 8-7129] Port s_awaddr[26] in module uart_lite is either unconnected or has no load
WARNING: [Synth 8-7129] Port s_awaddr[25] in module uart_lite is either unconnected or has no load
WARNING: [Synth 8-7129] Port s_awaddr[24] in module uart_lite is either unconnected or has no load
WARNING: [Synth 8-7129] Port s_awaddr[23] in module uart_lite is either unconnected or has no load
WARNING: [Synth 8-7129] Port s_awaddr[22] in module uart_lite is either unconnected or has no load
WARNING: [Synth 8-7129] Port s_awaddr[21] in module uart_lite is either unconnected or has no load
WARNING: [Synth 8-7129] Port s_awaddr[20] in module uart_lite is either unconnected or has no load
INFO: [Common 17-14] Message 'Synth 8-7129' appears 100 times and further instances of the messages will be disabled. Use the Tcl command set_msg_config to change the current settings.
---------------------------------------------------------------------------------
Finished RTL Elaboration : Time (s): cpu = 00:00:05 ; elapsed = 00:00:05 . Memory (MB): peak = 10738.023 ; gain = 606.125 ; free physical = 17038 ; free virtual = 33631
---------------------------------------------------------------------------------
---------------------------------------------------------------------------------
Start Handling Custom Attributes
---------------------------------------------------------------------------------
---------------------------------------------------------------------------------
Finished Handling Custom Attributes : Time (s): cpu = 00:00:05 ; elapsed = 00:00:05 . Memory (MB): peak = 10738.023 ; gain = 606.125 ; free physical = 17038 ; free virtual = 33631
---------------------------------------------------------------------------------
---------------------------------------------------------------------------------
Finished RTL Optimization Phase 1 : Time (s): cpu = 00:00:05 ; elapsed = 00:00:05 . Memory (MB): peak = 10738.023 ; gain = 606.125 ; free physical = 17038 ; free virtual = 33631
---------------------------------------------------------------------------------
Netlist sorting complete. Time (s): cpu = 00:00:00.03 ; elapsed = 00:00:00.02 . Memory (MB): peak = 10740.992 ; gain = 0.000 ; free physical = 17038 ; free virtual = 33631
INFO: [Netlist 29-17] Analyzing 1 Unisim elements for replacement
INFO: [Netlist 29-28] Unisim Transformation completed in 0 CPU seconds
INFO: [Project 1-570] Preparing netlist for logic optimization

Processing XDC Constraints
Initializing timing engine
Parsing XDC File [/home/ian/SoC-from-scratch/ascii_doom_soc/constraints/nexys_a7.xdc]
Finished Parsing XDC File [/home/ian/SoC-from-scratch/ascii_doom_soc/constraints/nexys_a7.xdc]
INFO: [Project 1-236] Implementation specific constraints were found while reading constraint file [/home/ian/SoC-from-scratch/ascii_doom_soc/constraints/nexys_a7.xdc]. These constraints will be ignored for synthesis but will be used in implementation. Impacted constraints are listed in the file [.Xil/fpga_top_propImpl.xdc].
Resolution: To avoid this warning, move constraints listed in [.Xil/fpga_top_propImpl.xdc] to another XDC file and exclude this new file from synthesis with the used_in_synthesis property (File Properties dialog in GUI) and re-run elaboration/synthesis.
INFO: [Timing 38-2] Deriving generated clocks
Completed Processing XDC Constraints

Netlist sorting complete. Time (s): cpu = 00:00:00 ; elapsed = 00:00:00 . Memory (MB): peak = 10862.797 ; gain = 0.000 ; free physical = 17018 ; free virtual = 33611
INFO: [Project 1-111] Unisim Transformation Summary:
  A total of 1 instances were transformed.
  MMCME2_BASE => MMCME2_ADV: 1 instance 

Constraint Validation Runtime : Time (s): cpu = 00:00:00.01 ; elapsed = 00:00:00.01 . Memory (MB): peak = 10862.832 ; gain = 0.000 ; free physical = 17018 ; free virtual = 33611
---------------------------------------------------------------------------------
Finished Constraint Validation : Time (s): cpu = 00:00:10 ; elapsed = 00:00:10 . Memory (MB): peak = 10872.797 ; gain = 740.898 ; free physical = 17032 ; free virtual = 33625
---------------------------------------------------------------------------------
---------------------------------------------------------------------------------
Start Loading Part and Timing Information
---------------------------------------------------------------------------------
Loading part: xc7a100tcsg324-1
---------------------------------------------------------------------------------
Finished Loading Part and Timing Information : Time (s): cpu = 00:00:10 ; elapsed = 00:00:10 . Memory (MB): peak = 10872.797 ; gain = 740.898 ; free physical = 17032 ; free virtual = 33625
---------------------------------------------------------------------------------
---------------------------------------------------------------------------------
Start Applying 'set_property' XDC Constraints
---------------------------------------------------------------------------------
---------------------------------------------------------------------------------
Finished applying 'set_property' XDC Constraints : Time (s): cpu = 00:00:10 ; elapsed = 00:00:10 . Memory (MB): peak = 10872.797 ; gain = 740.898 ; free physical = 17032 ; free virtual = 33625
---------------------------------------------------------------------------------
INFO: [Synth 8-802] inferred FSM for state register 'state_reg' in module 'axi_dma'
INFO: [Synth 8-802] inferred FSM for state register 'w_state_reg' in module 'axi4lite_fabric'
INFO: [Synth 8-802] inferred FSM for state register 'r_state_reg' in module 'axi4lite_fabric'
INFO: [Synth 8-802] inferred FSM for state register 'state_reg' in module 'dda_core'
INFO: [Synth 8-802] inferred FSM for state register 'state_reg' in module 'gpu_dispatcher'
INFO: [Synth 8-802] inferred FSM for state register 'w_state_reg' in module 'gpu_collector'
---------------------------------------------------------------------------------------------------
                   State |                     New Encoding |                Previous Encoding 
---------------------------------------------------------------------------------------------------
                    IDLE |                              000 |                              000
                 RD_ADDR |                              001 |                              001
                 DONE_ST |                              010 |                              110
                 RD_DATA |                              011 |                              010
                 WR_ADDR |                              100 |                              011
                 WR_DATA |                              101 |                              100
                 WR_RESP |                              110 |                              101
---------------------------------------------------------------------------------------------------
INFO: [Synth 8-3354] encoded FSM with state register 'state_reg' using encoding 'sequential' in module 'axi_dma'
---------------------------------------------------------------------------------------------------
                   State |                     New Encoding |                Previous Encoding 
---------------------------------------------------------------------------------------------------
                  W_IDLE |                              001 |                               00
                    W_M1 |                              010 |                               10
                    W_M0 |                              100 |                               01
---------------------------------------------------------------------------------------------------
INFO: [Synth 8-3354] encoded FSM with state register 'w_state_reg' using encoding 'one-hot' in module 'axi4lite_fabric'
---------------------------------------------------------------------------------------------------
                   State |                     New Encoding |                Previous Encoding 
---------------------------------------------------------------------------------------------------
                  R_IDLE |                              001 |                               00
                    R_M1 |                              010 |                               10
                    R_M0 |                              100 |                               01
---------------------------------------------------------------------------------------------------
INFO: [Synth 8-3354] encoded FSM with state register 'r_state_reg' using encoding 'one-hot' in module 'axi4lite_fabric'
---------------------------------------------------------------------------------------------------
                   State |                     New Encoding |                Previous Encoding 
---------------------------------------------------------------------------------------------------
                    IDLE |                              000 |                              000
                    INIT |                              001 |                              001
                    PREP |                              010 |                              010
                MAP_WAIT |                              011 |                              011
                   MARCH |                              100 |                              100
                 DONE_ST |                              101 |                              101
---------------------------------------------------------------------------------------------------
INFO: [Synth 8-3354] encoded FSM with state register 'state_reg' using encoding 'sequential' in module 'dda_core'
---------------------------------------------------------------------------------------------------
                   State |                     New Encoding |                Previous Encoding 
---------------------------------------------------------------------------------------------------
                    IDLE |                              001 |                               00
                DISPATCH |                              010 |                               01
                    WAIT |                              100 |                               10
---------------------------------------------------------------------------------------------------
INFO: [Synth 8-3354] encoded FSM with state register 'state_reg' using encoding 'one-hot' in module 'gpu_dispatcher'
---------------------------------------------------------------------------------------------------
                   State |                     New Encoding |                Previous Encoding 
---------------------------------------------------------------------------------------------------
                  W_IDLE |                               00 |                               00
                  W_ADDR |                               01 |                               01
                  W_DATA |                               10 |                               10
                  W_RESP |                               11 |                               11
---------------------------------------------------------------------------------------------------
INFO: [Synth 8-3354] encoded FSM with state register 'w_state_reg' using encoding 'sequential' in module 'gpu_collector'
INFO: [Synth 8-3971] The signal "char_framebuffer:/mem_reg" was recognized as a true dual port RAM template.
WARNING: [Synth 8-6841] Block RAM (bram_reg) originally specified as a Byte Wide Write Enable RAM cannot take advantage of ByteWide feature and is implemented with single write enable per RAM due to following reason.
(address width (16) is more than optimal threshold of 12. Implementing using BWWE will require more logic and timing would be suboptimal. Please use attribute ram_decomp = power if BWWE is desired.)
---------------------------------------------------------------------------------
Finished RTL Optimization Phase 2 : Time (s): cpu = 00:00:12 ; elapsed = 00:00:11 . Memory (MB): peak = 10872.797 ; gain = 740.898 ; free physical = 17032 ; free virtual = 33627
---------------------------------------------------------------------------------
---------------------------------------------------------------------------------
Start RTL Component Statistics 
---------------------------------------------------------------------------------
Detailed RTL Component Info : 
+---Adders : 
	   2 Input   32 Bit       Adders := 31    
	   3 Input   32 Bit       Adders := 20    
	   2 Input   10 Bit       Adders := 2     
	   2 Input    7 Bit       Adders := 8     
	   2 Input    5 Bit       Adders := 1     
+---Registers : 
	               32 Bit    Registers := 56    
	               12 Bit    Registers := 1     
	               10 Bit    Registers := 2     
	                8 Bit    Registers := 16    
	                7 Bit    Registers := 24    
	                5 Bit    Registers := 1     
	                4 Bit    Registers := 5     
	                3 Bit    Registers := 5     
	                2 Bit    Registers := 13    
	                1 Bit    Registers := 61    
+---Multipliers : 
	              18x32  Multipliers := 8     
	              32x32  Multipliers := 12    
	              15x32  Multipliers := 4     
+---RAMs : 
	            2048K Bit	(65536 X 32 bit)          RAMs := 1     
	              32K Bit	(4096 X 8 bit)          RAMs := 5     
+---ROMs : 
	                    ROMs := 1     
+---Muxes : 
	   7 Input   32 Bit        Muxes := 3     
	   2 Input   32 Bit        Muxes := 45    
	   4 Input   32 Bit        Muxes := 1     
	  81 Input   32 Bit        Muxes := 8     
	   6 Input   32 Bit        Muxes := 8     
	   4 Input    8 Bit        Muxes := 1     
	   2 Input    8 Bit        Muxes := 1     
	   6 Input    7 Bit        Muxes := 8     
	   4 Input    7 Bit        Muxes := 1     
	   3 Input    5 Bit        Muxes := 1     
	   2 Input    4 Bit        Muxes := 4     
	   3 Input    4 Bit        Muxes := 1     
	   4 Input    4 Bit        Muxes := 2     
	   7 Input    3 Bit        Muxes := 1     
	   2 Input    3 Bit        Muxes := 13    
	   3 Input    3 Bit        Muxes := 3     
	   6 Input    3 Bit        Muxes := 4     
	   4 Input    2 Bit        Muxes := 3     
	   3 Input    2 Bit        Muxes := 1     
	   2 Input    2 Bit        Muxes := 1     
	   2 Input    1 Bit        Muxes := 51    
	   7 Input    1 Bit        Muxes := 14    
	   4 Input    1 Bit        Muxes := 12    
	   3 Input    1 Bit        Muxes := 10    
	   6 Input    1 Bit        Muxes := 56    
	   5 Input    1 Bit        Muxes := 5     
---------------------------------------------------------------------------------
Finished RTL Component Statistics 
---------------------------------------------------------------------------------
---------------------------------------------------------------------------------
Start Part Resource Summary
---------------------------------------------------------------------------------
Part Resources:
DSPs: 240 (col length:80)
BRAMs: 270 (col length: RAMB18 80 RAMB36 40)
---------------------------------------------------------------------------------
Finished Part Resource Summary
---------------------------------------------------------------------------------
---------------------------------------------------------------------------------
Start Cross Boundary and Area Optimization
---------------------------------------------------------------------------------
DSP Report: Generating DSP rdy_mul_b, operation Mode is: A*B.
DSP Report: operator rdy_mul_b is absorbed into DSP rdy_mul_b.
DSP Report: Generating DSP rdy_mul_a, operation Mode is: A*B.
DSP Report: operator rdy_mul_a is absorbed into DSP rdy_mul_a.
DSP Report: Generating DSP sdy_mul, operation Mode is: A*B.
DSP Report: operator sdy_mul is absorbed into DSP sdy_mul.
DSP Report: operator sdy_mul is absorbed into DSP sdy_mul.
DSP Report: Generating DSP sdy_mul, operation Mode is: (PCIN>>17)+A*B.
DSP Report: operator sdy_mul is absorbed into DSP sdy_mul.
DSP Report: operator sdy_mul is absorbed into DSP sdy_mul.
DSP Report: Generating DSP sdy_mul, operation Mode is: A*B.
DSP Report: operator sdy_mul is absorbed into DSP sdy_mul.
DSP Report: operator sdy_mul is absorbed into DSP sdy_mul.
DSP Report: Generating DSP sdy_mul, operation Mode is: (PCIN>>17)+A*B.
DSP Report: operator sdy_mul is absorbed into DSP sdy_mul.
DSP Report: operator sdy_mul is absorbed into DSP sdy_mul.
DSP Report: Generating DSP rdx_mul_b, operation Mode is: A*B.
DSP Report: operator rdx_mul_b is absorbed into DSP rdx_mul_b.
DSP Report: Generating DSP rdx_mul_a, operation Mode is: A*B.
DSP Report: operator rdx_mul_a is absorbed into DSP rdx_mul_a.
DSP Report: Generating DSP sdx_mul, operation Mode is: A*B.
DSP Report: operator sdx_mul is absorbed into DSP sdx_mul.
DSP Report: operator sdx_mul is absorbed into DSP sdx_mul.
DSP Report: Generating DSP sdx_mul, operation Mode is: (PCIN>>17)+A*B.
DSP Report: operator sdx_mul is absorbed into DSP sdx_mul.
DSP Report: operator sdx_mul is absorbed into DSP sdx_mul.
DSP Report: Generating DSP sdx_mul, operation Mode is: A*B.
DSP Report: operator sdx_mul is absorbed into DSP sdx_mul.
DSP Report: operator sdx_mul is absorbed into DSP sdx_mul.
DSP Report: Generating DSP sdx_mul, operation Mode is: (PCIN>>17)+A*B.
DSP Report: operator sdx_mul is absorbed into DSP sdx_mul.
DSP Report: operator sdx_mul is absorbed into DSP sdx_mul.
DSP Report: Generating DSP d0, operation Mode is: A*B.
DSP Report: operator d0 is absorbed into DSP d0.
DSP Report: operator d0 is absorbed into DSP d0.
DSP Report: Generating DSP d0, operation Mode is: (PCIN>>17)+A*B.
DSP Report: operator d0 is absorbed into DSP d0.
DSP Report: operator d0 is absorbed into DSP d0.
DSP Report: Generating DSP rdy_mul_b, operation Mode is: A*B.
DSP Report: operator rdy_mul_b is absorbed into DSP rdy_mul_b.
DSP Report: Generating DSP rdy_mul_a, operation Mode is: A*B.
DSP Report: operator rdy_mul_a is absorbed into DSP rdy_mul_a.
DSP Report: Generating DSP sdy_mul, operation Mode is: A*B.
DSP Report: operator sdy_mul is absorbed into DSP sdy_mul.
DSP Report: operator sdy_mul is absorbed into DSP sdy_mul.
DSP Report: Generating DSP sdy_mul, operation Mode is: (PCIN>>17)+A*B.
DSP Report: operator sdy_mul is absorbed into DSP sdy_mul.
DSP Report: operator sdy_mul is absorbed into DSP sdy_mul.
DSP Report: Generating DSP sdy_mul, operation Mode is: A*B.
DSP Report: operator sdy_mul is absorbed into DSP sdy_mul.
DSP Report: operator sdy_mul is absorbed into DSP sdy_mul.
DSP Report: Generating DSP sdy_mul, operation Mode is: (PCIN>>17)+A*B.
DSP Report: operator sdy_mul is absorbed into DSP sdy_mul.
DSP Report: operator sdy_mul is absorbed into DSP sdy_mul.
DSP Report: Generating DSP rdx_mul_b, operation Mode is: A*B.
DSP Report: operator rdx_mul_b is absorbed into DSP rdx_mul_b.
DSP Report: Generating DSP rdx_mul_a, operation Mode is: A*B.
DSP Report: operator rdx_mul_a is absorbed into DSP rdx_mul_a.
DSP Report: Generating DSP sdx_mul, operation Mode is: A*B.
DSP Report: operator sdx_mul is absorbed into DSP sdx_mul.
DSP Report: operator sdx_mul is absorbed into DSP sdx_mul.
DSP Report: Generating DSP sdx_mul, operation Mode is: (PCIN>>17)+A*B.
DSP Report: operator sdx_mul is absorbed into DSP sdx_mul.
DSP Report: operator sdx_mul is absorbed into DSP sdx_mul.
DSP Report: Generating DSP sdx_mul, operation Mode is: A*B.
DSP Report: operator sdx_mul is absorbed into DSP sdx_mul.
DSP Report: operator sdx_mul is absorbed into DSP sdx_mul.
DSP Report: Generating DSP sdx_mul, operation Mode is: (PCIN>>17)+A*B.
DSP Report: operator sdx_mul is absorbed into DSP sdx_mul.
DSP Report: operator sdx_mul is absorbed into DSP sdx_mul.
DSP Report: Generating DSP d0, operation Mode is: A*B.
DSP Report: operator d0 is absorbed into DSP d0.
DSP Report: operator d0 is absorbed into DSP d0.
DSP Report: Generating DSP d0, operation Mode is: (PCIN>>17)+A*B.
DSP Report: operator d0 is absorbed into DSP d0.
DSP Report: operator d0 is absorbed into DSP d0.
DSP Report: Generating DSP rdy_mul_b, operation Mode is: A*B.
DSP Report: operator rdy_mul_b is absorbed into DSP rdy_mul_b.
DSP Report: Generating DSP rdy_mul_a, operation Mode is: A*B.
DSP Report: operator rdy_mul_a is absorbed into DSP rdy_mul_a.
DSP Report: Generating DSP sdy_mul, operation Mode is: A*B.
DSP Report: operator sdy_mul is absorbed into DSP sdy_mul.
DSP Report: operator sdy_mul is absorbed into DSP sdy_mul.
DSP Report: Generating DSP sdy_mul, operation Mode is: (PCIN>>17)+A*B.
DSP Report: operator sdy_mul is absorbed into DSP sdy_mul.
DSP Report: operator sdy_mul is absorbed into DSP sdy_mul.
DSP Report: Generating DSP sdy_mul, operation Mode is: A*B.
DSP Report: operator sdy_mul is absorbed into DSP sdy_mul.
DSP Report: operator sdy_mul is absorbed into DSP sdy_mul.
DSP Report: Generating DSP sdy_mul, operation Mode is: (PCIN>>17)+A*B.
DSP Report: operator sdy_mul is absorbed into DSP sdy_mul.
DSP Report: operator sdy_mul is absorbed into DSP sdy_mul.
DSP Report: Generating DSP rdx_mul_b, operation Mode is: A*B.
DSP Report: operator rdx_mul_b is absorbed into DSP rdx_mul_b.
DSP Report: Generating DSP rdx_mul_a, operation Mode is: A*B.
DSP Report: operator rdx_mul_a is absorbed into DSP rdx_mul_a.
DSP Report: Generating DSP sdx_mul, operation Mode is: A*B.
DSP Report: operator sdx_mul is absorbed into DSP sdx_mul.
DSP Report: operator sdx_mul is absorbed into DSP sdx_mul.
DSP Report: Generating DSP sdx_mul, operation Mode is: (PCIN>>17)+A*B.
DSP Report: operator sdx_mul is absorbed into DSP sdx_mul.
DSP Report: operator sdx_mul is absorbed into DSP sdx_mul.
DSP Report: Generating DSP sdx_mul, operation Mode is: A*B.
DSP Report: operator sdx_mul is absorbed into DSP sdx_mul.
DSP Report: operator sdx_mul is absorbed into DSP sdx_mul.
DSP Report: Generating DSP sdx_mul, operation Mode is: (PCIN>>17)+A*B.
DSP Report: operator sdx_mul is absorbed into DSP sdx_mul.
DSP Report: operator sdx_mul is absorbed into DSP sdx_mul.
DSP Report: Generating DSP d0, operation Mode is: A*B.
DSP Report: operator d0 is absorbed into DSP d0.
DSP Report: operator d0 is absorbed into DSP d0.
DSP Report: Generating DSP d0, operation Mode is: (PCIN>>17)+A*B.
DSP Report: operator d0 is absorbed into DSP d0.
DSP Report: operator d0 is absorbed into DSP d0.
DSP Report: Generating DSP rdy_mul_b, operation Mode is: A*B.
DSP Report: operator rdy_mul_b is absorbed into DSP rdy_mul_b.
DSP Report: Generating DSP rdy_mul_a, operation Mode is: A*B.
DSP Report: operator rdy_mul_a is absorbed into DSP rdy_mul_a.
DSP Report: Generating DSP sdy_mul, operation Mode is: A*B.
DSP Report: operator sdy_mul is absorbed into DSP sdy_mul.
DSP Report: operator sdy_mul is absorbed into DSP sdy_mul.
DSP Report: Generating DSP sdy_mul, operation Mode is: (PCIN>>17)+A*B.
DSP Report: operator sdy_mul is absorbed into DSP sdy_mul.
DSP Report: operator sdy_mul is absorbed into DSP sdy_mul.
DSP Report: Generating DSP sdy_mul, operation Mode is: A*B.
DSP Report: operator sdy_mul is absorbed into DSP sdy_mul.
DSP Report: operator sdy_mul is absorbed into DSP sdy_mul.
DSP Report: Generating DSP sdy_mul, operation Mode is: (PCIN>>17)+A*B.
DSP Report: operator sdy_mul is absorbed into DSP sdy_mul.
DSP Report: operator sdy_mul is absorbed into DSP sdy_mul.
DSP Report: Generating DSP rdx_mul_b, operation Mode is: A*B.
DSP Report: operator rdx_mul_b is absorbed into DSP rdx_mul_b.
DSP Report: Generating DSP rdx_mul_a, operation Mode is: A*B.
DSP Report: operator rdx_mul_a is absorbed into DSP rdx_mul_a.
DSP Report: Generating DSP sdx_mul, operation Mode is: A*B.
DSP Report: operator sdx_mul is absorbed into DSP sdx_mul.
DSP Report: operator sdx_mul is absorbed into DSP sdx_mul.
DSP Report: Generating DSP sdx_mul, operation Mode is: (PCIN>>17)+A*B.
DSP Report: operator sdx_mul is absorbed into DSP sdx_mul.
DSP Report: operator sdx_mul is absorbed into DSP sdx_mul.
DSP Report: Generating DSP sdx_mul, operation Mode is: A*B.
DSP Report: operator sdx_mul is absorbed into DSP sdx_mul.
DSP Report: operator sdx_mul is absorbed into DSP sdx_mul.
DSP Report: Generating DSP sdx_mul, operation Mode is: (PCIN>>17)+A*B.
DSP Report: operator sdx_mul is absorbed into DSP sdx_mul.
DSP Report: operator sdx_mul is absorbed into DSP sdx_mul.
DSP Report: Generating DSP d0, operation Mode is: A*B.
DSP Report: operator d0 is absorbed into DSP d0.
DSP Report: operator d0 is absorbed into DSP d0.
DSP Report: Generating DSP d0, operation Mode is: (PCIN>>17)+A*B.
DSP Report: operator d0 is absorbed into DSP d0.
DSP Report: operator d0 is absorbed into DSP d0.
WARNING: [Synth 8-6841] Block RAM (u_soc/bram_reg) originally specified as a Byte Wide Write Enable RAM cannot take advantage of ByteWide feature and is implemented with single write enable per RAM due to following reason.
(address width (16) is more than optimal threshold of 12. Implementing using BWWE will require more logic and timing would be suboptimal. Please use attribute ram_decomp = power if BWWE is desired.)
WARNING: [Synth 8-3332] Sequential element (player_idx_reg__7) is unused and will be removed from module dda_core.
WARNING: [Synth 8-3332] Sequential element (player_idx_reg__8) is unused and will be removed from module dda_core.
WARNING: [Synth 8-3332] Sequential element (player_idx_reg__9) is unused and will be removed from module dda_core.
WARNING: [Synth 8-3332] Sequential element (player_idx_reg__10) is unused and will be removed from module dda_core.
WARNING: [Synth 8-3332] Sequential element (player_idx_reg__11) is unused and will be removed from module dda_core.
WARNING: [Synth 8-3332] Sequential element (player_idx_reg__12) is unused and will be removed from module dda_core.
WARNING: [Synth 8-3332] Sequential element (player_idx_reg__13) is unused and will be removed from module dda_core.
WARNING: [Synth 8-3332] Sequential element (player_idx_reg__14) is unused and will be removed from module dda_core.
WARNING: [Synth 8-3332] Sequential element (player_idx_reg__15) is unused and will be removed from module dda_core.
WARNING: [Synth 8-3332] Sequential element (player_idx_reg__16) is unused and will be removed from module dda_core.
WARNING: [Synth 8-3332] Sequential element (player_idx_reg__17) is unused and will be removed from module dda_core.
WARNING: [Synth 8-3332] Sequential element (player_idx_reg__18) is unused and will be removed from module dda_core.
WARNING: [Synth 8-3332] Sequential element (player_idx_reg__19) is unused and will be removed from module dda_core.
WARNING: [Synth 8-3332] Sequential element (player_idx_reg__20) is unused and will be removed from module dda_core.
WARNING: [Synth 8-3332] Sequential element (player_idx_reg__21) is unused and will be removed from module dda_core.
WARNING: [Synth 8-3332] Sequential element (player_idx_reg__22) is unused and will be removed from module dda_core.
WARNING: [Synth 8-3332] Sequential element (player_idx_reg__23) is unused and will be removed from module dda_core.
WARNING: [Synth 8-3332] Sequential element (player_idx_reg__24) is unused and will be removed from module dda_core.
WARNING: [Synth 8-3332] Sequential element (player_idx_reg__25) is unused and will be removed from module dda_core.
WARNING: [Synth 8-3332] Sequential element (player_idx_reg__26) is unused and will be removed from module dda_core.
WARNING: [Synth 8-3332] Sequential element (player_idx_reg__27) is unused and will be removed from module dda_core.
WARNING: [Synth 8-3332] Sequential element (player_idx_reg__28) is unused and will be removed from module dda_core.
WARNING: [Synth 8-3332] Sequential element (player_idx_reg__29) is unused and will be removed from module dda_core.
WARNING: [Synth 8-3332] Sequential element (player_idx_reg__30) is unused and will be removed from module dda_core.
---------------------------------------------------------------------------------
Finished Cross Boundary and Area Optimization : Time (s): cpu = 00:00:30 ; elapsed = 00:00:30 . Memory (MB): peak = 10890.805 ; gain = 758.906 ; free physical = 16947 ; free virtual = 33554
---------------------------------------------------------------------------------
 Sort Area is  sdx_mul_6 : 0 0 : 2759 5418 : Used 1 time 0
 Sort Area is  sdx_mul_6 : 0 1 : 2659 5418 : Used 1 time 0
 Sort Area is  sdy_mul_c : 0 0 : 2759 5418 : Used 1 time 0
 Sort Area is  sdy_mul_c : 0 1 : 2659 5418 : Used 1 time 0
 Sort Area is  d0_d : 0 0 : 2478 5256 : Used 1 time 0
 Sort Area is  d0_d : 0 1 : 2778 5256 : Used 1 time 0
 Sort Area is  sdx_mul_4 : 0 0 : 2478 5256 : Used 1 time 0
 Sort Area is  sdx_mul_4 : 0 1 : 2778 5256 : Used 1 time 0
 Sort Area is  sdy_mul_b : 0 0 : 2478 5256 : Used 1 time 0
 Sort Area is  sdy_mul_b : 0 1 : 2778 5256 : Used 1 time 0
 Sort Area is  d0_18 : 0 0 : 2478 4696 : Used 1 time 0
 Sort Area is  d0_18 : 0 1 : 2218 4696 : Used 1 time 0
 Sort Area is  d0_21 : 0 0 : 2478 4696 : Used 1 time 0
 Sort Area is  d0_21 : 0 1 : 2218 4696 : Used 1 time 0
 Sort Area is  d0_2a : 0 0 : 2478 4696 : Used 1 time 0
 Sort Area is  d0_2a : 0 1 : 2218 4696 : Used 1 time 0
 Sort Area is  sdx_mul_10 : 0 0 : 2478 4696 : Used 1 time 0
 Sort Area is  sdx_mul_10 : 0 1 : 2218 4696 : Used 1 time 0
 Sort Area is  sdx_mul_1b : 0 0 : 2478 4696 : Used 1 time 0
 Sort Area is  sdx_mul_1b : 0 1 : 2218 4696 : Used 1 time 0
 Sort Area is  sdx_mul_24 : 0 0 : 2478 4696 : Used 1 time 0
 Sort Area is  sdx_mul_24 : 0 1 : 2218 4696 : Used 1 time 0
 Sort Area is  sdy_mul_16 : 0 0 : 2478 4696 : Used 1 time 0
 Sort Area is  sdy_mul_16 : 0 1 : 2218 4696 : Used 1 time 0
 Sort Area is  sdy_mul_1f : 0 0 : 2478 4696 : Used 1 time 0
 Sort Area is  sdy_mul_1f : 0 1 : 2218 4696 : Used 1 time 0
 Sort Area is  sdy_mul_28 : 0 0 : 2478 4696 : Used 1 time 0
 Sort Area is  sdy_mul_28 : 0 1 : 2218 4696 : Used 1 time 0
 Sort Area is  sdx_mul_12 : 0 0 : 2759 4294 : Used 1 time 0
 Sort Area is  sdx_mul_12 : 0 1 : 1535 4294 : Used 1 time 0
 Sort Area is  sdx_mul_1c : 0 0 : 2759 4294 : Used 1 time 0
 Sort Area is  sdx_mul_1c : 0 1 : 1535 4294 : Used 1 time 0
 Sort Area is  sdx_mul_25 : 0 0 : 2759 4294 : Used 1 time 0
 Sort Area is  sdx_mul_25 : 0 1 : 1535 4294 : Used 1 time 0
 Sort Area is  sdy_mul_17 : 0 0 : 2759 4294 : Used 1 time 0
 Sort Area is  sdy_mul_17 : 0 1 : 1535 4294 : Used 1 time 0
 Sort Area is  sdy_mul_20 : 0 0 : 2759 4294 : Used 1 time 0
 Sort Area is  sdy_mul_20 : 0 1 : 1535 4294 : Used 1 time 0
 Sort Area is  sdy_mul_29 : 0 0 : 2759 4294 : Used 1 time 0
 Sort Area is  sdy_mul_29 : 0 1 : 1535 4294 : Used 1 time 0
 Sort Area is  rdx_mul_a_0 : 0 0 : 2478 2478 : Used 1 time 0
 Sort Area is  rdx_mul_a_19 : 0 0 : 2478 2478 : Used 1 time 0
 Sort Area is  rdx_mul_a_22 : 0 0 : 2478 2478 : Used 1 time 0
 Sort Area is  rdx_mul_a_e : 0 0 : 2478 2478 : Used 1 time 0
 Sort Area is  rdy_mul_a_14 : 0 0 : 2478 2478 : Used 1 time 0
 Sort Area is  rdy_mul_a_1d : 0 0 : 2478 2478 : Used 1 time 0
 Sort Area is  rdy_mul_a_26 : 0 0 : 2478 2478 : Used 1 time 0
 Sort Area is  rdy_mul_a_9 : 0 0 : 2478 2478 : Used 1 time 0
 Sort Area is  rdx_mul_b_1a : 0 0 : 2367 2367 : Used 1 time 0
 Sort Area is  rdx_mul_b_2 : 0 0 : 2367 2367 : Used 1 time 0
 Sort Area is  rdx_mul_b_23 : 0 0 : 2367 2367 : Used 1 time 0
 Sort Area is  rdx_mul_b_f : 0 0 : 2367 2367 : Used 1 time 0
 Sort Area is  rdy_mul_b_15 : 0 0 : 2367 2367 : Used 1 time 0
 Sort Area is  rdy_mul_b_1e : 0 0 : 2367 2367 : Used 1 time 0
 Sort Area is  rdy_mul_b_27 : 0 0 : 2367 2367 : Used 1 time 0
 Sort Area is  rdy_mul_b_a : 0 0 : 2367 2367 : Used 1 time 0
---------------------------------------------------------------------------------
Start ROM, RAM, DSP, Shift Register and Retiming Reporting
---------------------------------------------------------------------------------

ROM: Preliminary Mapping Report
+------------+---------------------+---------------+----------------+
|Module Name | RTL Object          | Depth x Width | Implemented As | 
+------------+---------------------+---------------+----------------+
|dda_core    | sin_table           | 256x18        | LUT            | 
|dda_core    | fov_sin_table       | 128x17        | LUT            | 
|dda_core    | sin_table           | 256x18        | LUT            | 
|dda_core    | ddy_table           | 128x24        | LUT            | 
|dda_core    | p_0_out             | 256x18        | LUT            | 
|dda_core    | p_0_out             | 128x17        | LUT            | 
|dda_core    | p_0_out             | 256x18        | LUT            | 
|dda_core    | p_0_out             | 128x24        | LUT            | 
|dda_core    | p_0_out             | 256x18        | LUT            | 
|dda_core    | p_0_out             | 128x17        | LUT            | 
|dda_core    | p_0_out             | 256x18        | LUT            | 
|dda_core    | p_0_out             | 128x24        | LUT            | 
|dda_core    | p_0_out             | 256x18        | LUT            | 
|dda_core    | p_0_out             | 128x17        | LUT            | 
|dda_core    | p_0_out             | 256x18        | LUT            | 
|dda_core    | p_0_out             | 128x24        | LUT            | 
|dda_core    | p_0_out             | 256x18        | LUT            | 
|dda_core    | p_0_out             | 128x17        | LUT            | 
|dda_core    | p_0_out             | 256x18        | LUT            | 
|dda_core    | p_0_out             | 128x24        | LUT            | 
|soc_top     | u_font/data_out_reg | 1024x2        | Block RAM      | 
+------------+---------------------+---------------+----------------+


Block RAM: Preliminary Mapping Report (see note below)
+--------------+-------------------------------+------------------------+---+---+------------------------+---+---+------------------+--------+--------+
|Module Name   | RTL Object                    | PORT A (Depth x Width) | W | R | PORT B (Depth x Width) | W | R | Ports driving FF | RAMB18 | RAMB36 | 
+--------------+-------------------------------+------------------------+---+---+------------------------+---+---+------------------+--------+--------+
|\u_soc/u_cfb  | mem_reg                       | 4 K x 8(NO_CHANGE)     | W |   | 4 K x 8(WRITE_FIRST)   |   | R | Port A and B     | 0      | 1      | 
|fpga_top      | u_soc/bram_reg                | 64 K x 32(READ_FIRST)  | W |   | 64 K x 32(WRITE_FIRST) |   | R | Port A and B     | 0      | 64     | 
|fpga_top      | u_soc/gen_map[0].map_bram_reg | 4 K x 8(READ_FIRST)    | W |   | 4 K x 8(WRITE_FIRST)   |   | R | Port A and B     | 0      | 1      | 
|fpga_top      | u_soc/gen_map[1].map_bram_reg | 4 K x 8(READ_FIRST)    | W |   | 4 K x 8(WRITE_FIRST)   |   | R | Port A and B     | 0      | 1      | 
|fpga_top      | u_soc/gen_map[2].map_bram_reg | 4 K x 8(READ_FIRST)    | W |   | 4 K x 8(WRITE_FIRST)   |   | R | Port A and B     | 0      | 1      | 
|fpga_top      | u_soc/gen_map[3].map_bram_reg | 4 K x 8(READ_FIRST)    | W |   | 4 K x 8(WRITE_FIRST)   |   | R | Port A and B     | 0      | 1      | 
+--------------+-------------------------------+------------------------+---+---+------------------------+---+---+------------------+--------+--------+

Note: The table above is a preliminary report that shows the Block RAMs at the current stage of the synthesis flow. Some Block RAMs may be reimplemented as non Block RAM primitives later in the synthesis flow. Multiple instantiated Block RAMs are reported only once. 

DSP: Preliminary Mapping Report (see note below. The ' indicates corresponding REG is set)
+------------+----------------+--------+--------+--------+--------+--------+------+------+------+------+-------+------+------+
|Module Name | DSP Mapping    | A Size | B Size | C Size | D Size | P Size | AREG | BREG | CREG | DREG | ADREG | MREG | PREG | 
+------------+----------------+--------+--------+--------+--------+--------+------+------+------+------+-------+------+------+
|dda_core    | A*B            | 18     | 17     | -      | -      | 35     | 0    | 0    | -    | -    | -     | 0    | 0    | 
|dda_core    | A*B            | 18     | 18     | -      | -      | 36     | 0    | 0    | -    | -    | -     | 0    | 0    | 
|dda_core    | A*B            | 18     | 16     | -      | -      | 48     | 0    | 0    | -    | -    | -     | 0    | 0    | 
|dda_core    | (PCIN>>17)+A*B | 16     | 16     | -      | -      | 48     | 0    | 0    | -    | -    | -     | 0    | 0    | 
|dda_core    | A*B            | 18     | 18     | -      | -      | 48     | 0    | 0    | -    | -    | -     | 0    | 0    | 
|dda_core    | (PCIN>>17)+A*B | 18     | 16     | -      | -      | 48     | 0    | 0    | -    | -    | -     | 0    | 0    | 
|dda_core    | A*B            | 18     | 17     | -      | -      | 35     | 0    | 0    | -    | -    | -     | 0    | 0    | 
|dda_core    | A*B            | 18     | 18     | -      | -      | 36     | 0    | 0    | -    | -    | -     | 0    | 0    | 
|dda_core    | A*B            | 18     | 16     | -      | -      | 48     | 0    | 0    | -    | -    | -     | 0    | 0    | 
|dda_core    | (PCIN>>17)+A*B | 16     | 16     | -      | -      | 48     | 0    | 0    | -    | -    | -     | 0    | 0    | 
|dda_core    | A*B            | 18     | 18     | -      | -      | 48     | 0    | 0    | -    | -    | -     | 0    | 0    | 
|dda_core    | (PCIN>>17)+A*B | 18     | 16     | -      | -      | 48     | 0    | 0    | -    | -    | -     | 0    | 0    | 
|dda_core    | A*B            | 18     | 18     | -      | -      | 48     | 0    | 0    | -    | -    | -     | 0    | 0    | 
|dda_core    | (PCIN>>17)+A*B | 18     | 16     | -      | -      | 48     | 0    | 0    | -    | -    | -     | 0    | 0    | 
|dda_core    | A*B            | 18     | 17     | -      | -      | 35     | 0    | 0    | -    | -    | -     | 0    | 0    | 
|dda_core    | A*B            | 18     | 18     | -      | -      | 36     | 0    | 0    | -    | -    | -     | 0    | 0    | 
|dda_core    | A*B            | 18     | 16     | -      | -      | 48     | 0    | 0    | -    | -    | -     | 0    | 0    | 
|dda_core    | (PCIN>>17)+A*B | 14     | 14     | -      | -      | 14     | 0    | 0    | -    | -    | -     | 0    | 0    | 
|dda_core    | A*B            | 18     | 18     | -      | -      | 48     | 0    | 0    | -    | -    | -     | 0    | 0    | 
|dda_core    | (PCIN>>17)+A*B | 18     | 16     | -      | -      | 31     | 0    | 0    | -    | -    | -     | 0    | 0    | 
|dda_core    | A*B            | 18     | 17     | -      | -      | 35     | 0    | 0    | -    | -    | -     | 0    | 0    | 
|dda_core    | A*B            | 18     | 18     | -      | -      | 36     | 0    | 0    | -    | -    | -     | 0    | 0    | 
|dda_core    | A*B            | 18     | 16     | -      | -      | 48     | 0    | 0    | -    | -    | -     | 0    | 0    | 
|dda_core    | (PCIN>>17)+A*B | 14     | 14     | -      | -      | 14     | 0    | 0    | -    | -    | -     | 0    | 0    | 
|dda_core    | A*B            | 18     | 18     | -      | -      | 48     | 0    | 0    | -    | -    | -     | 0    | 0    | 
|dda_core    | (PCIN>>17)+A*B | 18     | 16     | -      | -      | 31     | 0    | 0    | -    | -    | -     | 0    | 0    | 
|dda_core    | A*B            | 18     | 18     | -      | -      | 48     | 0    | 0    | -    | -    | -     | 0    | 0    | 
|dda_core    | (PCIN>>17)+A*B | 18     | 16     | -      | -      | 31     | 0    | 0    | -    | -    | -     | 0    | 0    | 
|dda_core    | A*B            | 18     | 17     | -      | -      | 35     | 0    | 0    | -    | -    | -     | 0    | 0    | 
|dda_core    | A*B            | 18     | 18     | -      | -      | 36     | 0    | 0    | -    | -    | -     | 0    | 0    | 
|dda_core    | A*B            | 18     | 16     | -      | -      | 48     | 0    | 0    | -    | -    | -     | 0    | 0    | 
|dda_core    | (PCIN>>17)+A*B | 14     | 14     | -      | -      | 14     | 0    | 0    | -    | -    | -     | 0    | 0    | 
|dda_core    | A*B            | 18     | 18     | -      | -      | 48     | 0    | 0    | -    | -    | -     | 0    | 0    | 
|dda_core    | (PCIN>>17)+A*B | 18     | 16     | -      | -      | 31     | 0    | 0    | -    | -    | -     | 0    | 0    | 
|dda_core    | A*B            | 18     | 17     | -      | -      | 35     | 0    | 0    | -    | -    | -     | 0    | 0    | 
|dda_core    | A*B            | 18     | 18     | -      | -      | 36     | 0    | 0    | -    | -    | -     | 0    | 0    | 
|dda_core    | A*B            | 18     | 16     | -      | -      | 48     | 0    | 0    | -    | -    | -     | 0    | 0    | 
|dda_core    | (PCIN>>17)+A*B | 14     | 14     | -      | -      | 14     | 0    | 0    | -    | -    | -     | 0    | 0    | 
|dda_core    | A*B            | 18     | 18     | -      | -      | 48     | 0    | 0    | -    | -    | -     | 0    | 0    | 
|dda_core    | (PCIN>>17)+A*B | 18     | 16     | -      | -      | 31     | 0    | 0    | -    | -    | -     | 0    | 0    | 
|dda_core    | A*B            | 18     | 18     | -      | -      | 48     | 0    | 0    | -    | -    | -     | 0    | 0    | 
|dda_core    | (PCIN>>17)+A*B | 18     | 16     | -      | -      | 31     | 0    | 0    | -    | -    | -     | 0    | 0    | 
|dda_core    | A*B            | 18     | 17     | -      | -      | 35     | 0    | 0    | -    | -    | -     | 0    | 0    | 
|dda_core    | A*B            | 18     | 18     | -      | -      | 36     | 0    | 0    | -    | -    | -     | 0    | 0    | 
|dda_core    | A*B            | 18     | 16     | -      | -      | 48     | 0    | 0    | -    | -    | -     | 0    | 0    | 
|dda_core    | (PCIN>>17)+A*B | 14     | 14     | -      | -      | 14     | 0    | 0    | -    | -    | -     | 0    | 0    | 
|dda_core    | A*B            | 18     | 18     | -      | -      | 48     | 0    | 0    | -    | -    | -     | 0    | 0    | 
|dda_core    | (PCIN>>17)+A*B | 18     | 16     | -      | -      | 31     | 0    | 0    | -    | -    | -     | 0    | 0    | 
|dda_core    | A*B            | 18     | 17     | -      | -      | 35     | 0    | 0    | -    | -    | -     | 0    | 0    | 
|dda_core    | A*B            | 18     | 18     | -      | -      | 36     | 0    | 0    | -    | -    | -     | 0    | 0    | 
|dda_core    | A*B            | 18     | 16     | -      | -      | 48     | 0    | 0    | -    | -    | -     | 0    | 0    | 
|dda_core    | (PCIN>>17)+A*B | 14     | 14     | -      | -      | 14     | 0    | 0    | -    | -    | -     | 0    | 0    | 
|dda_core    | A*B            | 18     | 18     | -      | -      | 48     | 0    | 0    | -    | -    | -     | 0    | 0    | 
|dda_core    | (PCIN>>17)+A*B | 18     | 16     | -      | -      | 31     | 0    | 0    | -    | -    | -     | 0    | 0    | 
|dda_core    | A*B            | 18     | 18     | -      | -      | 48     | 0    | 0    | -    | -    | -     | 0    | 0    | 
|dda_core    | (PCIN>>17)+A*B | 18     | 16     | -      | -      | 31     | 0    | 0    | -    | -    | -     | 0    | 0    | 
+------------+----------------+--------+--------+--------+--------+--------+------+------+------+------+-------+------+------+

Note: The table above is a preliminary report that shows the DSPs inferred at the current stage of the synthesis flow. Some DSP may be reimplemented as non DSP primitives later in the synthesis flow. Multiple instantiated DSPs are reported only once.
---------------------------------------------------------------------------------
Finished ROM, RAM, DSP, Shift Register and Retiming Reporting
---------------------------------------------------------------------------------
---------------------------------------------------------------------------------
Start Applying XDC Timing Constraints
---------------------------------------------------------------------------------
---------------------------------------------------------------------------------
Finished Applying XDC Timing Constraints : Time (s): cpu = 00:00:35 ; elapsed = 00:00:34 . Memory (MB): peak = 11021.805 ; gain = 889.906 ; free physical = 16807 ; free virtual = 33414
---------------------------------------------------------------------------------
---------------------------------------------------------------------------------
Start Timing Optimization
---------------------------------------------------------------------------------
---------------------------------------------------------------------------------
Finished Timing Optimization : Time (s): cpu = 00:00:37 ; elapsed = 00:00:37 . Memory (MB): peak = 11093.852 ; gain = 961.953 ; free physical = 16736 ; free virtual = 33343
---------------------------------------------------------------------------------
---------------------------------------------------------------------------------
Start ROM, RAM, DSP, Shift Register and Retiming Reporting
---------------------------------------------------------------------------------

Block RAM: Final Mapping Report
+--------------+-------------------------------+------------------------+---+---+------------------------+---+---+------------------+--------+--------+
|Module Name   | RTL Object                    | PORT A (Depth x Width) | W | R | PORT B (Depth x Width) | W | R | Ports driving FF | RAMB18 | RAMB36 | 
+--------------+-------------------------------+------------------------+---+---+------------------------+---+---+------------------+--------+--------+
|\u_soc/u_cfb  | mem_reg                       | 4 K x 8(NO_CHANGE)     | W |   | 4 K x 8(WRITE_FIRST)   |   | R | Port A and B     | 0      | 1      | 
|fpga_top      | u_soc/bram_reg                | 64 K x 32(READ_FIRST)  | W |   | 64 K x 32(WRITE_FIRST) |   | R | Port A and B     | 0      | 64     | 
|fpga_top      | u_soc/gen_map[0].map_bram_reg | 4 K x 8(READ_FIRST)    | W |   | 4 K x 8(WRITE_FIRST)   |   | R | Port A and B     | 0      | 1      | 
|fpga_top      | u_soc/gen_map[1].map_bram_reg | 4 K x 8(READ_FIRST)    | W |   | 4 K x 8(WRITE_FIRST)   |   | R | Port A and B     | 0      | 1      | 
|fpga_top      | u_soc/gen_map[2].map_bram_reg | 4 K x 8(READ_FIRST)    | W |   | 4 K x 8(WRITE_FIRST)   |   | R | Port A and B     | 0      | 1      | 
|fpga_top      | u_soc/gen_map[3].map_bram_reg | 4 K x 8(READ_FIRST)    | W |   | 4 K x 8(WRITE_FIRST)   |   | R | Port A and B     | 0      | 1      | 
+--------------+-------------------------------+------------------------+---+---+------------------------+---+---+------------------+--------+--------+

---------------------------------------------------------------------------------
Finished ROM, RAM, DSP, Shift Register and Retiming Reporting
---------------------------------------------------------------------------------
---------------------------------------------------------------------------------
Start Technology Mapping
---------------------------------------------------------------------------------
INFO: [Synth 8-7052] The timing for the instance u_soc/u_cfb/mem_reg (implemented as a Block RAM) might be sub-optimal as no optional output register could be merged into the ram block. Providing additional output register may help in improving timing.
INFO: [Synth 8-7052] The timing for the instance u_soc/bram_reg_0_1_0 (implemented as a Block RAM) might be sub-optimal as no optional output register could be merged into the ram block. Providing additional output register may help in improving timing.
INFO: [Synth 8-7052] The timing for the instance u_soc/bram_reg_0_1_1 (implemented as a Block RAM) might be sub-optimal as no optional output register could be merged into the ram block. Providing additional output register may help in improving timing.
INFO: [Synth 8-7052] The timing for the instance u_soc/bram_reg_0_1_2 (implemented as a Block RAM) might be sub-optimal as no optional output register could be merged into the ram block. Providing additional output register may help in improving timing.
INFO: [Synth 8-7052] The timing for the instance u_soc/bram_reg_0_1_3 (implemented as a Block RAM) might be sub-optimal as no optional output register could be merged into the ram block. Providing additional output register may help in improving timing.
INFO: [Synth 8-7052] The timing for the instance u_soc/bram_reg_0_1_4 (implemented as a Block RAM) might be sub-optimal as no optional output register could be merged into the ram block. Providing additional output register may help in improving timing.
INFO: [Synth 8-7052] The timing for the instance u_soc/bram_reg_0_1_5 (implemented as a Block RAM) might be sub-optimal as no optional output register could be merged into the ram block. Providing additional output register may help in improving timing.
INFO: [Synth 8-7052] The timing for the instance u_soc/bram_reg_0_1_6 (implemented as a Block RAM) might be sub-optimal as no optional output register could be merged into the ram block. Providing additional output register may help in improving timing.
INFO: [Synth 8-7052] The timing for the instance u_soc/bram_reg_0_1_7 (implemented as a Block RAM) might be sub-optimal as no optional output register could be merged into the ram block. Providing additional output register may help in improving timing.
INFO: [Synth 8-7052] The timing for the instance u_soc/bram_reg_1_1_0 (implemented as a Block RAM) might be sub-optimal as no optional output register could be merged into the ram block. Providing additional output register may help in improving timing.
INFO: [Synth 8-7052] The timing for the instance u_soc/bram_reg_1_1_1 (implemented as a Block RAM) might be sub-optimal as no optional output register could be merged into the ram block. Providing additional output register may help in improving timing.
INFO: [Synth 8-7052] The timing for the instance u_soc/bram_reg_1_1_2 (implemented as a Block RAM) might be sub-optimal as no optional output register could be merged into the ram block. Providing additional output register may help in improving timing.
INFO: [Synth 8-7052] The timing for the instance u_soc/bram_reg_1_1_3 (implemented as a Block RAM) might be sub-optimal as no optional output register could be merged into the ram block. Providing additional output register may help in improving timing.
INFO: [Synth 8-7052] The timing for the instance u_soc/bram_reg_1_1_4 (implemented as a Block RAM) might be sub-optimal as no optional output register could be merged into the ram block. Providing additional output register may help in improving timing.
INFO: [Synth 8-7052] The timing for the instance u_soc/bram_reg_1_1_5 (implemented as a Block RAM) might be sub-optimal as no optional output register could be merged into the ram block. Providing additional output register may help in improving timing.
INFO: [Synth 8-7052] The timing for the instance u_soc/bram_reg_1_1_6 (implemented as a Block RAM) might be sub-optimal as no optional output register could be merged into the ram block. Providing additional output register may help in improving timing.
INFO: [Synth 8-7052] The timing for the instance u_soc/bram_reg_1_1_7 (implemented as a Block RAM) might be sub-optimal as no optional output register could be merged into the ram block. Providing additional output register may help in improving timing.
INFO: [Synth 8-7052] The timing for the instance u_soc/bram_reg_2_1_0 (implemented as a Block RAM) might be sub-optimal as no optional output register could be merged into the ram block. Providing additional output register may help in improving timing.
INFO: [Synth 8-7052] The timing for the instance u_soc/bram_reg_2_1_1 (implemented as a Block RAM) might be sub-optimal as no optional output register could be merged into the ram block. Providing additional output register may help in improving timing.
INFO: [Synth 8-7052] The timing for the instance u_soc/bram_reg_2_1_2 (implemented as a Block RAM) might be sub-optimal as no optional output register could be merged into the ram block. Providing additional output register may help in improving timing.
INFO: [Synth 8-7052] The timing for the instance u_soc/bram_reg_2_1_3 (implemented as a Block RAM) might be sub-optimal as no optional output register could be merged into the ram block. Providing additional output register may help in improving timing.
INFO: [Synth 8-7052] The timing for the instance u_soc/bram_reg_2_1_4 (implemented as a Block RAM) might be sub-optimal as no optional output register could be merged into the ram block. Providing additional output register may help in improving timing.
INFO: [Synth 8-7052] The timing for the instance u_soc/bram_reg_2_1_5 (implemented as a Block RAM) might be sub-optimal as no optional output register could be merged into the ram block. Providing additional output register may help in improving timing.
INFO: [Synth 8-7052] The timing for the instance u_soc/bram_reg_2_1_6 (implemented as a Block RAM) might be sub-optimal as no optional output register could be merged into the ram block. Providing additional output register may help in improving timing.
INFO: [Synth 8-7052] The timing for the instance u_soc/bram_reg_2_1_7 (implemented as a Block RAM) might be sub-optimal as no optional output register could be merged into the ram block. Providing additional output register may help in improving timing.
INFO: [Synth 8-7052] The timing for the instance u_soc/bram_reg_3_1_0 (implemented as a Block RAM) might be sub-optimal as no optional output register could be merged into the ram block. Providing additional output register may help in improving timing.
INFO: [Synth 8-7052] The timing for the instance u_soc/bram_reg_3_1_1 (implemented as a Block RAM) might be sub-optimal as no optional output register could be merged into the ram block. Providing additional output register may help in improving timing.
INFO: [Synth 8-7052] The timing for the instance u_soc/bram_reg_3_1_2 (implemented as a Block RAM) might be sub-optimal as no optional output register could be merged into the ram block. Providing additional output register may help in improving timing.
INFO: [Synth 8-7052] The timing for the instance u_soc/bram_reg_3_1_3 (implemented as a Block RAM) might be sub-optimal as no optional output register could be merged into the ram block. Providing additional output register may help in improving timing.
INFO: [Synth 8-7052] The timing for the instance u_soc/bram_reg_3_1_4 (implemented as a Block RAM) might be sub-optimal as no optional output register could be merged into the ram block. Providing additional output register may help in improving timing.
INFO: [Synth 8-7052] The timing for the instance u_soc/bram_reg_3_1_5 (implemented as a Block RAM) might be sub-optimal as no optional output register could be merged into the ram block. Providing additional output register may help in improving timing.
INFO: [Synth 8-7052] The timing for the instance u_soc/bram_reg_3_1_6 (implemented as a Block RAM) might be sub-optimal as no optional output register could be merged into the ram block. Providing additional output register may help in improving timing.
INFO: [Synth 8-7052] The timing for the instance u_soc/bram_reg_3_1_7 (implemented as a Block RAM) might be sub-optimal as no optional output register could be merged into the ram block. Providing additional output register may help in improving timing.
INFO: [Synth 8-7052] The timing for the instance u_soc/gen_map[0].map_bram_reg (implemented as a Block RAM) might be sub-optimal as no optional output register could be merged into the ram block. Providing additional output register may help in improving timing.
INFO: [Synth 8-7052] The timing for the instance u_soc/gen_map[1].map_bram_reg (implemented as a Block RAM) might be sub-optimal as no optional output register could be merged into the ram block. Providing additional output register may help in improving timing.
INFO: [Synth 8-7052] The timing for the instance u_soc/gen_map[2].map_bram_reg (implemented as a Block RAM) might be sub-optimal as no optional output register could be merged into the ram block. Providing additional output register may help in improving timing.
INFO: [Synth 8-7052] The timing for the instance u_soc/gen_map[3].map_bram_reg (implemented as a Block RAM) might be sub-optimal as no optional output register could be merged into the ram block. Providing additional output register may help in improving timing.
INFO: [Synth 8-7052] The timing for the instance u_soc/u_font/data_out_reg (implemented as a Block RAM) might be sub-optimal as no optional output register could be merged into the ram block. Providing additional output register may help in improving timing.
---------------------------------------------------------------------------------
Finished Technology Mapping : Time (s): cpu = 00:00:40 ; elapsed = 00:00:40 . Memory (MB): peak = 11093.852 ; gain = 961.953 ; free physical = 16736 ; free virtual = 33343
---------------------------------------------------------------------------------
---------------------------------------------------------------------------------
Start IO Insertion
---------------------------------------------------------------------------------
---------------------------------------------------------------------------------
Start Flattening Before IO Insertion
---------------------------------------------------------------------------------
---------------------------------------------------------------------------------
Finished Flattening Before IO Insertion
---------------------------------------------------------------------------------
---------------------------------------------------------------------------------
Start Final Netlist Cleanup
---------------------------------------------------------------------------------
---------------------------------------------------------------------------------
Finished Final Netlist Cleanup
---------------------------------------------------------------------------------
---------------------------------------------------------------------------------
Finished IO Insertion : Time (s): cpu = 00:00:43 ; elapsed = 00:00:43 . Memory (MB): peak = 11229.633 ; gain = 1097.734 ; free physical = 16629 ; free virtual = 33236
---------------------------------------------------------------------------------
---------------------------------------------------------------------------------
Start Renaming Generated Instances
---------------------------------------------------------------------------------
---------------------------------------------------------------------------------
Finished Renaming Generated Instances : Time (s): cpu = 00:00:43 ; elapsed = 00:00:43 . Memory (MB): peak = 11229.633 ; gain = 1097.734 ; free physical = 16629 ; free virtual = 33236
---------------------------------------------------------------------------------
---------------------------------------------------------------------------------
Start Rebuilding User Hierarchy
---------------------------------------------------------------------------------
---------------------------------------------------------------------------------
Finished Rebuilding User Hierarchy : Time (s): cpu = 00:00:44 ; elapsed = 00:00:44 . Memory (MB): peak = 11229.633 ; gain = 1097.734 ; free physical = 16622 ; free virtual = 33229
---------------------------------------------------------------------------------
---------------------------------------------------------------------------------
Start Renaming Generated Ports
---------------------------------------------------------------------------------
---------------------------------------------------------------------------------
Finished Renaming Generated Ports : Time (s): cpu = 00:00:44 ; elapsed = 00:00:44 . Memory (MB): peak = 11229.633 ; gain = 1097.734 ; free physical = 16622 ; free virtual = 33229
---------------------------------------------------------------------------------
---------------------------------------------------------------------------------
Start Handling Custom Attributes
---------------------------------------------------------------------------------
---------------------------------------------------------------------------------
Finished Handling Custom Attributes : Time (s): cpu = 00:00:44 ; elapsed = 00:00:44 . Memory (MB): peak = 11235.570 ; gain = 1103.672 ; free physical = 16618 ; free virtual = 33225
---------------------------------------------------------------------------------
---------------------------------------------------------------------------------
Start Renaming Generated Nets
---------------------------------------------------------------------------------
---------------------------------------------------------------------------------
Finished Renaming Generated Nets : Time (s): cpu = 00:00:44 ; elapsed = 00:00:44 . Memory (MB): peak = 11235.570 ; gain = 1103.672 ; free physical = 16618 ; free virtual = 33225
---------------------------------------------------------------------------------
---------------------------------------------------------------------------------
Start Writing Synthesis Report
---------------------------------------------------------------------------------

DSP Final Report (the ' indicates corresponding REG is set)
+------------+--------------+--------+--------+--------+--------+--------+------+------+------+------+-------+------+------+
|Module Name | DSP Mapping  | A Size | B Size | C Size | D Size | P Size | AREG | BREG | CREG | DREG | ADREG | MREG | PREG | 
+------------+--------------+--------+--------+--------+--------+--------+------+------+------+------+-------+------+------+
|dda_core    | A*B          | 30     | 18     | -      | -      | 35     | 0    | 0    | -    | -    | -     | 0    | 0    | 
|dda_core    | A*B          | 30     | 17     | -      | -      | 36     | 0    | 0    | -    | -    | -     | 0    | 0    | 
|dda_core    | A*B          | 17     | 15     | -      | -      | 48     | 0    | 0    | -    | -    | -     | 0    | 0    | 
|dda_core    | PCIN>>17+A*B | 14     | 14     | -      | -      | 14     | 0    | 0    | -    | -    | -     | 0    | 0    | 
|dda_core    | A*B          | 17     | 17     | -      | -      | 48     | 0    | 0    | -    | -    | -     | 0    | 0    | 
|dda_core    | PCIN>>17+A*B | 17     | 14     | -      | -      | 31     | 0    | 0    | -    | -    | -     | 0    | 0    | 
|dda_core    | A*B          | 30     | 18     | -      | -      | 35     | 0    | 0    | -    | -    | -     | 0    | 0    | 
|dda_core    | A*B          | 30     | 17     | -      | -      | 36     | 0    | 0    | -    | -    | -     | 0    | 0    | 
|dda_core    | A*B          | 17     | 15     | -      | -      | 48     | 0    | 0    | -    | -    | -     | 0    | 0    | 
|dda_core    | PCIN>>17+A*B | 14     | 14     | -      | -      | 14     | 0    | 0    | -    | -    | -     | 0    | 0    | 
|dda_core    | A*B          | 17     | 17     | -      | -      | 48     | 0    | 0    | -    | -    | -     | 0    | 0    | 
|dda_core    | PCIN>>17+A*B | 17     | 14     | -      | -      | 31     | 0    | 0    | -    | -    | -     | 0    | 0    | 
|dda_core    | A*B          | 17     | 17     | -      | -      | 48     | 0    | 0    | -    | -    | -     | 0    | 0    | 
|dda_core    | PCIN>>17+A*B | 17     | 15     | -      | -      | 31     | 0    | 0    | -    | -    | -     | 0    | 0    | 
|dda_core    | A*B          | 30     | 18     | -      | -      | 35     | 0    | 0    | -    | -    | -     | 0    | 0    | 
|dda_core    | A*B          | 30     | 17     | -      | -      | 36     | 0    | 0    | -    | -    | -     | 0    | 0    | 
|dda_core    | A*B          | 17     | 15     | -      | -      | 48     | 0    | 0    | -    | -    | -     | 0    | 0    | 
|dda_core    | PCIN>>17+A*B | 14     | 14     | -      | -      | 14     | 0    | 0    | -    | -    | -     | 0    | 0    | 
|dda_core    | A*B          | 17     | 17     | -      | -      | 48     | 0    | 0    | -    | -    | -     | 0    | 0    | 
|dda_core    | PCIN>>17+A*B | 17     | 14     | -      | -      | 31     | 0    | 0    | -    | -    | -     | 0    | 0    | 
|dda_core    | A*B          | 30     | 18     | -      | -      | 35     | 0    | 0    | -    | -    | -     | 0    | 0    | 
|dda_core    | A*B          | 30     | 17     | -      | -      | 36     | 0    | 0    | -    | -    | -     | 0    | 0    | 
|dda_core    | A*B          | 17     | 15     | -      | -      | 48     | 0    | 0    | -    | -    | -     | 0    | 0    | 
|dda_core    | PCIN>>17+A*B | 14     | 14     | -      | -      | 14     | 0    | 0    | -    | -    | -     | 0    | 0    | 
|dda_core    | A*B          | 17     | 17     | -      | -      | 48     | 0    | 0    | -    | -    | -     | 0    | 0    | 
|dda_core    | PCIN>>17+A*B | 17     | 14     | -      | -      | 31     | 0    | 0    | -    | -    | -     | 0    | 0    | 
|dda_core    | A*B          | 17     | 17     | -      | -      | 48     | 0    | 0    | -    | -    | -     | 0    | 0    | 
|dda_core    | PCIN>>17+A*B | 17     | 15     | -      | -      | 31     | 0    | 0    | -    | -    | -     | 0    | 0    | 
|dda_core    | A*B          | 30     | 18     | -      | -      | 35     | 0    | 0    | -    | -    | -     | 0    | 0    | 
|dda_core    | A*B          | 30     | 17     | -      | -      | 36     | 0    | 0    | -    | -    | -     | 0    | 0    | 
|dda_core    | A*B          | 17     | 15     | -      | -      | 48     | 0    | 0    | -    | -    | -     | 0    | 0    | 
|dda_core    | PCIN>>17+A*B | 14     | 14     | -      | -      | 14     | 0    | 0    | -    | -    | -     | 0    | 0    | 
|dda_core    | A*B          | 17     | 17     | -      | -      | 48     | 0    | 0    | -    | -    | -     | 0    | 0    | 
|dda_core    | PCIN>>17+A*B | 17     | 14     | -      | -      | 31     | 0    | 0    | -    | -    | -     | 0    | 0    | 
|dda_core    | A*B          | 30     | 18     | -      | -      | 35     | 0    | 0    | -    | -    | -     | 0    | 0    | 
|dda_core    | A*B          | 30     | 17     | -      | -      | 36     | 0    | 0    | -    | -    | -     | 0    | 0    | 
|dda_core    | A*B          | 17     | 15     | -      | -      | 48     | 0    | 0    | -    | -    | -     | 0    | 0    | 
|dda_core    | PCIN>>17+A*B | 14     | 14     | -      | -      | 14     | 0    | 0    | -    | -    | -     | 0    | 0    | 
|dda_core    | A*B          | 17     | 17     | -      | -      | 48     | 0    | 0    | -    | -    | -     | 0    | 0    | 
|dda_core    | PCIN>>17+A*B | 17     | 14     | -      | -      | 31     | 0    | 0    | -    | -    | -     | 0    | 0    | 
|dda_core    | A*B          | 17     | 17     | -      | -      | 48     | 0    | 0    | -    | -    | -     | 0    | 0    | 
|dda_core    | PCIN>>17+A*B | 17     | 15     | -      | -      | 31     | 0    | 0    | -    | -    | -     | 0    | 0    | 
|dda_core    | A*B          | 30     | 18     | -      | -      | 35     | 0    | 0    | -    | -    | -     | 0    | 0    | 
|dda_core    | A*B          | 30     | 17     | -      | -      | 36     | 0    | 0    | -    | -    | -     | 0    | 0    | 
|dda_core    | A*B          | 17     | 15     | -      | -      | 48     | 0    | 0    | -    | -    | -     | 0    | 0    | 
|dda_core    | PCIN>>17+A*B | 14     | 14     | -      | -      | 14     | 0    | 0    | -    | -    | -     | 0    | 0    | 
|dda_core    | A*B          | 17     | 17     | -      | -      | 48     | 0    | 0    | -    | -    | -     | 0    | 0    | 
|dda_core    | PCIN>>17+A*B | 17     | 14     | -      | -      | 31     | 0    | 0    | -    | -    | -     | 0    | 0    | 
|dda_core    | A*B          | 30     | 18     | -      | -      | 35     | 0    | 0    | -    | -    | -     | 0    | 0    | 
|dda_core    | A*B          | 30     | 17     | -      | -      | 36     | 0    | 0    | -    | -    | -     | 0    | 0    | 
|dda_core    | A*B          | 17     | 15     | -      | -      | 48     | 0    | 0    | -    | -    | -     | 0    | 0    | 
|dda_core    | PCIN>>17+A*B | 14     | 14     | -      | -      | 14     | 0    | 0    | -    | -    | -     | 0    | 0    | 
|dda_core    | A*B          | 17     | 17     | -      | -      | 48     | 0    | 0    | -    | -    | -     | 0    | 0    | 
|dda_core    | PCIN>>17+A*B | 17     | 14     | -      | -      | 31     | 0    | 0    | -    | -    | -     | 0    | 0    | 
|dda_core    | A*B          | 17     | 17     | -      | -      | 48     | 0    | 0    | -    | -    | -     | 0    | 0    | 
|dda_core    | PCIN>>17+A*B | 17     | 15     | -      | -      | 31     | 0    | 0    | -    | -    | -     | 0    | 0    | 
+------------+--------------+--------+--------+--------+--------+--------+------+------+------+------+-------+------+------+


Report BlackBoxes: 
+-+--------------+----------+
| |BlackBox name |Instances |
+-+--------------+----------+
+-+--------------+----------+

Report Cell Usage: 
+------+------------+------+
|      |Cell        |Count |
+------+------------+------+
|1     |BUFG        |     2|
|2     |CARRY4      |   640|
|3     |DSP48E1     |    56|
|4     |LUT1        |   596|
|5     |LUT2        |  1617|
|6     |LUT3        |   543|
|7     |LUT4        |   827|
|8     |LUT5        |   607|
|9     |LUT6        |   939|
|10    |MMCME2_BASE |     1|
|11    |MUXF7       |   117|
|12    |RAMB18E1    |     1|
|13    |RAMB36E1    |    69|
|48    |FDCE        |  1547|
|49    |FDPE        |   176|
|50    |IBUF        |     2|
|51    |OBUF        |    15|
+------+------------+------+
---------------------------------------------------------------------------------
Finished Writing Synthesis Report : Time (s): cpu = 00:00:44 ; elapsed = 00:00:44 . Memory (MB): peak = 11235.570 ; gain = 1103.672 ; free physical = 16618 ; free virtual = 33225
---------------------------------------------------------------------------------
Synthesis finished with 0 errors, 0 critical warnings and 226 warnings.
Synthesis Optimization Runtime : Time (s): cpu = 00:00:42 ; elapsed = 00:00:42 . Memory (MB): peak = 11235.570 ; gain = 968.898 ; free physical = 16618 ; free virtual = 33225
Synthesis Optimization Complete : Time (s): cpu = 00:00:44 ; elapsed = 00:00:44 . Memory (MB): peak = 11235.578 ; gain = 1103.672 ; free physical = 16618 ; free virtual = 33225
INFO: [Project 1-571] Translating synthesized netlist
Netlist sorting complete. Time (s): cpu = 00:00:00.04 ; elapsed = 00:00:00.04 . Memory (MB): peak = 11235.578 ; gain = 0.000 ; free physical = 16789 ; free virtual = 33396
INFO: [Netlist 29-17] Analyzing 884 Unisim elements for replacement
INFO: [Netlist 29-28] Unisim Transformation completed in 0 CPU seconds
INFO: [Project 1-570] Preparing netlist for logic optimization
Parsing XDC File [/home/ian/SoC-from-scratch/ascii_doom_soc/constraints/nexys_a7.xdc]
Finished Parsing XDC File [/home/ian/SoC-from-scratch/ascii_doom_soc/constraints/nexys_a7.xdc]
INFO: [Opt 31-138] Pushed 0 inverter(s) to 0 load pin(s).
Netlist sorting complete. Time (s): cpu = 00:00:00 ; elapsed = 00:00:00 . Memory (MB): peak = 11285.590 ; gain = 0.000 ; free physical = 16791 ; free virtual = 33398
INFO: [Project 1-111] Unisim Transformation Summary:
  A total of 1 instances were transformed.
  MMCME2_BASE => MMCME2_ADV: 1 instance 

Synth Design complete | Checksum: f1b2fb4f
INFO: [Common 17-83] Releasing license: Synthesis
111 Infos, 145 Warnings, 0 Critical Warnings and 0 Errors encountered.
synth_design completed successfully
synth_design: Time (s): cpu = 00:01:04 ; elapsed = 00:00:51 . Memory (MB): peak = 11627.516 ; gain = 1665.812 ; free physical = 16483 ; free virtual = 33096
INFO: [Common 17-2834] synth_design peak Physical Memory [PSS] (MB): overall = 2988.928; main = 2988.928; forked = 339.639
INFO: [Common 17-2834] synth_design peak Virtual Memory [VSS] (MB): overall = 12089.016; main = 11574.496; forked = 995.160
# report_utilization -file $outdir/utilization.rpt
# report_timing_summary -file $outdir/timing_summary.rpt -max_paths 10
INFO: [Timing 38-35] Done setting XDC timing constraints.
INFO: [Timing 38-2] Deriving generated clocks
INFO: [Timing 38-91] UpdateTimingParams: Speed grade: -1, Delay Type: min_max.
INFO: [Timing 38-191] Multithreading enabled for timing update using a maximum of 8 CPUs
# report_clock_interaction -file $outdir/clock_interaction.rpt
INFO: [Timing 38-91] UpdateTimingParams: Speed grade: -1, Delay Type: max.
INFO: [Timing 38-191] Multithreading enabled for timing update using a maximum of 8 CPUs
# puts "\n=== Synthesis complete. Reports in $outdir/ ==="

=== Synthesis complete. Reports in synth/out/ ===
cd /home/ian/SoC-from-scratch/ascii_doom_soc
source synth/synth_nexys_a7.tcl
# set part xc7a100tcsg324-1
# set top  fpga_top
# set outdir synth/out
# file mkdir $outdir
# read_verilog -sv [glob rtl/lib/*.sv]
WARNING: [filemgmt 56-12] File '/home/ian/SoC-from-scratch/ascii_doom_soc/rtl/lib/font_rom.sv' cannot be added to the project because it already exists in the project, skipping this file
WARNING: [filemgmt 56-12] File '/home/ian/SoC-from-scratch/ascii_doom_soc/rtl/lib/fpdiv.sv' cannot be added to the project because it already exists in the project, skipping this file
WARNING: [filemgmt 56-12] File '/home/ian/SoC-from-scratch/ascii_doom_soc/rtl/lib/fpmul.sv' cannot be added to the project because it already exists in the project, skipping this file
# read_verilog -sv [glob rtl/bus/*.sv]
WARNING: [filemgmt 56-12] File '/home/ian/SoC-from-scratch/ascii_doom_soc/rtl/bus/axi4lite_fabric.sv' cannot be added to the project because it already exists in the project, skipping this file
# read_verilog -sv [glob rtl/vga/*.sv]
WARNING: [filemgmt 56-12] File '/home/ian/SoC-from-scratch/ascii_doom_soc/rtl/vga/char_framebuffer.sv' cannot be added to the project because it already exists in the project, skipping this file
WARNING: [filemgmt 56-12] File '/home/ian/SoC-from-scratch/ascii_doom_soc/rtl/vga/vga_sync.sv' cannot be added to the project because it already exists in the project, skipping this file
WARNING: [filemgmt 56-12] File '/home/ian/SoC-from-scratch/ascii_doom_soc/rtl/vga/vga_top.sv' cannot be added to the project because it already exists in the project, skipping this file
# read_verilog -sv [glob rtl/gpu/*.sv]
WARNING: [filemgmt 56-12] File '/home/ian/SoC-from-scratch/ascii_doom_soc/rtl/gpu/gpu_dispatcher.sv' cannot be added to the project because it already exists in the project, skipping this file
WARNING: [filemgmt 56-12] File '/home/ian/SoC-from-scratch/ascii_doom_soc/rtl/gpu/dda_core.sv' cannot be added to the project because it already exists in the project, skipping this file
WARNING: [filemgmt 56-12] File '/home/ian/SoC-from-scratch/ascii_doom_soc/rtl/gpu/gpu_collector.sv' cannot be added to the project because it already exists in the project, skipping this file
WARNING: [filemgmt 56-12] File '/home/ian/SoC-from-scratch/ascii_doom_soc/rtl/gpu/gpu_top.sv' cannot be added to the project because it already exists in the project, skipping this file
WARNING: [filemgmt 56-12] File '/home/ian/SoC-from-scratch/ascii_doom_soc/rtl/gpu/gpu_mmio.sv' cannot be added to the project because it already exists in the project, skipping this file
# read_verilog -sv [glob rtl/dma/*.sv]
WARNING: [filemgmt 56-12] File '/home/ian/SoC-from-scratch/ascii_doom_soc/rtl/dma/axi_dma.sv' cannot be added to the project because it already exists in the project, skipping this file
# read_verilog -sv [glob rtl/core/*.sv]
WARNING: [filemgmt 56-12] File '/home/ian/SoC-from-scratch/ascii_doom_soc/rtl/core/uart_lite.sv' cannot be added to the project because it already exists in the project, skipping this file
WARNING: [filemgmt 56-12] File '/home/ian/SoC-from-scratch/ascii_doom_soc/rtl/core/picorv32_axi.sv' cannot be added to the project because it already exists in the project, skipping this file
# read_verilog -sv rtl/soc_top.sv
WARNING: [filemgmt 56-12] File '/home/ian/SoC-from-scratch/ascii_doom_soc/rtl/soc_top.sv' cannot be added to the project because it already exists in the project, skipping this file
# read_verilog -sv rtl/fpga_top.sv
WARNING: [filemgmt 56-12] File '/home/ian/SoC-from-scratch/ascii_doom_soc/rtl/fpga_top.sv' cannot be added to the project because it already exists in the project, skipping this file
# read_xdc constraints/nexys_a7.xdc
WARNING: [filemgmt 56-128] File '/home/ian/SoC-from-scratch/ascii_doom_soc/constraints/nexys_a7.xdc' is already in the project and will not be added again
Parsing XDC File [/home/ian/SoC-from-scratch/ascii_doom_soc/constraints/nexys_a7.xdc]
WARNING: [Constraints 18-619] A clock with name 'sys_clk_pin' already exists, overwriting the previous clock with the same name. [/home/ian/SoC-from-scratch/ascii_doom_soc/constraints/nexys_a7.xdc:8]
Finished Parsing XDC File [/home/ian/SoC-from-scratch/ascii_doom_soc/constraints/nexys_a7.xdc]
# synth_design -top $top -part $part -flatten_hierarchy rebuilt
Command: synth_design -top fpga_top -part xc7a100tcsg324-1 -flatten_hierarchy rebuilt
Starting synth_design
Attempting to get a license for feature 'Synthesis' and/or device 'xc7a100t'
INFO: [Common 17-349] Got license for feature 'Synthesis' and/or device 'xc7a100t'
INFO: [Synth 8-7079] Multithreading enabled for synth_design using a maximum of 7 processes.
---------------------------------------------------------------------------------
Starting RTL Elaboration : Time (s): cpu = 00:00:03 ; elapsed = 00:00:03 . Memory (MB): peak = 11717.949 ; gain = 90.434 ; free physical = 16022 ; free virtual = 32634
---------------------------------------------------------------------------------
INFO: [Synth 8-6157] synthesizing module 'fpga_top' [/home/ian/SoC-from-scratch/ascii_doom_soc/rtl/fpga_top.sv:4]
INFO: [Synth 8-6157] synthesizing module 'MMCME2_BASE' [/tools/2025.2/Vivado/scripts/rt/data/unisim_comp.v:95964]
	Parameter BANDWIDTH bound to: OPTIMIZED - type: string 
	Parameter CLKFBOUT_MULT_F bound to: 6.500000e+00 - type: double 
	Parameter CLKFBOUT_PHASE bound to: 0.000000e+00 - type: double 
	Parameter CLKIN1_PERIOD bound to: 1.000000e+01 - type: double 
	Parameter CLKOUT0_DIVIDE_F bound to: 2.600000e+01 - type: double 
	Parameter CLKOUT0_PHASE bound to: 0.000000e+00 - type: double 
	Parameter CLKOUT1_DIVIDE bound to: 10 - type: integer 
	Parameter CLKOUT1_PHASE bound to: 0.000000e+00 - type: double 
	Parameter DIVCLK_DIVIDE bound to: 1 - type: integer 
	Parameter REF_JITTER1 bound to: 1.000000e-02 - type: double 
	Parameter STARTUP_WAIT bound to: FALSE - type: string 
INFO: [Synth 8-6155] done synthesizing module 'MMCME2_BASE' (0#1) [/tools/2025.2/Vivado/scripts/rt/data/unisim_comp.v:95964]
WARNING: [Synth 8-7071] port 'CLKFBOUTB' of module 'MMCME2_BASE' is unconnected for instance 'u_mmcm' [/home/ian/SoC-from-scratch/ascii_doom_soc/rtl/fpga_top.sv:40]
WARNING: [Synth 8-7071] port 'CLKOUT0B' of module 'MMCME2_BASE' is unconnected for instance 'u_mmcm' [/home/ian/SoC-from-scratch/ascii_doom_soc/rtl/fpga_top.sv:40]
WARNING: [Synth 8-7071] port 'CLKOUT1B' of module 'MMCME2_BASE' is unconnected for instance 'u_mmcm' [/home/ian/SoC-from-scratch/ascii_doom_soc/rtl/fpga_top.sv:40]
WARNING: [Synth 8-7071] port 'CLKOUT2' of module 'MMCME2_BASE' is unconnected for instance 'u_mmcm' [/home/ian/SoC-from-scratch/ascii_doom_soc/rtl/fpga_top.sv:40]
WARNING: [Synth 8-7071] port 'CLKOUT2B' of module 'MMCME2_BASE' is unconnected for instance 'u_mmcm' [/home/ian/SoC-from-scratch/ascii_doom_soc/rtl/fpga_top.sv:40]
WARNING: [Synth 8-7071] port 'CLKOUT3' of module 'MMCME2_BASE' is unconnected for instance 'u_mmcm' [/home/ian/SoC-from-scratch/ascii_doom_soc/rtl/fpga_top.sv:40]
WARNING: [Synth 8-7071] port 'CLKOUT3B' of module 'MMCME2_BASE' is unconnected for instance 'u_mmcm' [/home/ian/SoC-from-scratch/ascii_doom_soc/rtl/fpga_top.sv:40]
WARNING: [Synth 8-7071] port 'CLKOUT4' of module 'MMCME2_BASE' is unconnected for instance 'u_mmcm' [/home/ian/SoC-from-scratch/ascii_doom_soc/rtl/fpga_top.sv:40]
WARNING: [Synth 8-7071] port 'CLKOUT5' of module 'MMCME2_BASE' is unconnected for instance 'u_mmcm' [/home/ian/SoC-from-scratch/ascii_doom_soc/rtl/fpga_top.sv:40]
WARNING: [Synth 8-7071] port 'CLKOUT6' of module 'MMCME2_BASE' is unconnected for instance 'u_mmcm' [/home/ian/SoC-from-scratch/ascii_doom_soc/rtl/fpga_top.sv:40]
WARNING: [Synth 8-7023] instance 'u_mmcm' of module 'MMCME2_BASE' has 18 connections declared, but only 8 given [/home/ian/SoC-from-scratch/ascii_doom_soc/rtl/fpga_top.sv:40]
INFO: [Synth 8-6157] synthesizing module 'BUFG' [/tools/2025.2/Vivado/scripts/rt/data/unisim_comp.v:2678]
INFO: [Synth 8-6155] done synthesizing module 'BUFG' (0#1) [/tools/2025.2/Vivado/scripts/rt/data/unisim_comp.v:2678]
INFO: [Synth 8-6157] synthesizing module 'soc_top' [/home/ian/SoC-from-scratch/ascii_doom_soc/rtl/soc_top.sv:25]
	Parameter SIMULATION bound to: 1'b0 
INFO: [Synth 8-3876] $readmem data file 'software/firmware/map.hex' is read successfully [/home/ian/SoC-from-scratch/ascii_doom_soc/rtl/soc_top.sv:181]
INFO: [Synth 8-3876] $readmem data file 'software/firmware/map.hex' is read successfully [/home/ian/SoC-from-scratch/ascii_doom_soc/rtl/soc_top.sv:181]
INFO: [Synth 8-3876] $readmem data file 'software/firmware/map.hex' is read successfully [/home/ian/SoC-from-scratch/ascii_doom_soc/rtl/soc_top.sv:181]
INFO: [Synth 8-3876] $readmem data file 'software/firmware/map.hex' is read successfully [/home/ian/SoC-from-scratch/ascii_doom_soc/rtl/soc_top.sv:181]
INFO: [Synth 8-6157] synthesizing module 'picorv32_axi' [/home/ian/SoC-from-scratch/ascii_doom_soc/rtl/core/picorv32_axi.sv:7]
	Parameter ENABLE_MUL bound to: 1'b1 
	Parameter ENABLE_FAST_MUL bound to: 1'b1 
	Parameter ENABLE_DIV bound to: 1'b1 
	Parameter PROGADDR_RESET bound to: 0 - type: integer 
	Parameter STACKADDR bound to: 262128 - type: integer 
INFO: [Synth 8-6155] done synthesizing module 'picorv32_axi' (0#1) [/home/ian/SoC-from-scratch/ascii_doom_soc/rtl/core/picorv32_axi.sv:7]
INFO: [Synth 8-3876] $readmem data file 'software/firmware/firmware.hex' is read successfully [/home/ian/SoC-from-scratch/ascii_doom_soc/rtl/soc_top.sv:404]
INFO: [Synth 8-6157] synthesizing module 'axi_dma' [/home/ian/SoC-from-scratch/ascii_doom_soc/rtl/dma/axi_dma.sv:8]
INFO: [Synth 8-6155] done synthesizing module 'axi_dma' (0#1) [/home/ian/SoC-from-scratch/ascii_doom_soc/rtl/dma/axi_dma.sv:8]
INFO: [Synth 8-6157] synthesizing module 'axi4lite_fabric' [/home/ian/SoC-from-scratch/ascii_doom_soc/rtl/bus/axi4lite_fabric.sv:8]
INFO: [Synth 8-6155] done synthesizing module 'axi4lite_fabric' (0#1) [/home/ian/SoC-from-scratch/ascii_doom_soc/rtl/bus/axi4lite_fabric.sv:8]
INFO: [Synth 8-6157] synthesizing module 'uart_lite' [/home/ian/SoC-from-scratch/ascii_doom_soc/rtl/core/uart_lite.sv:3]
INFO: [Synth 8-6155] done synthesizing module 'uart_lite' (0#1) [/home/ian/SoC-from-scratch/ascii_doom_soc/rtl/core/uart_lite.sv:3]
INFO: [Synth 8-6157] synthesizing module 'gpu_top' [/home/ian/SoC-from-scratch/ascii_doom_soc/rtl/gpu/gpu_top.sv:3]
	Parameter NUM_CORES bound to: 32'sb00000000000000000000000000000100 
	Parameter TOTAL_COLS bound to: 32'sb00000000000000000000000001010000 
	Parameter MAP_SIZE bound to: 32'sb00000000000000000000000001000000 
INFO: [Synth 8-6157] synthesizing module 'dda_core' [/home/ian/SoC-from-scratch/ascii_doom_soc/rtl/gpu/dda_core.sv:18]
	Parameter TOTAL_COLS bound to: 32'sb00000000000000000000000001010000 
	Parameter MAP_SIZE bound to: 32'sb00000000000000000000000001000000 
INFO: [Synth 8-6155] done synthesizing module 'dda_core' (0#1) [/home/ian/SoC-from-scratch/ascii_doom_soc/rtl/gpu/dda_core.sv:18]
INFO: [Synth 8-6157] synthesizing module 'gpu_mmio' [/home/ian/SoC-from-scratch/ascii_doom_soc/rtl/gpu/gpu_mmio.sv:3]
INFO: [Synth 8-6155] done synthesizing module 'gpu_mmio' (0#1) [/home/ian/SoC-from-scratch/ascii_doom_soc/rtl/gpu/gpu_mmio.sv:3]
INFO: [Synth 8-6157] synthesizing module 'gpu_dispatcher' [/home/ian/SoC-from-scratch/ascii_doom_soc/rtl/gpu/gpu_dispatcher.sv:5]
	Parameter NUM_CORES bound to: 32'sb00000000000000000000000000000100 
	Parameter TOTAL_COLS bound to: 32'sb00000000000000000000000001010000 
INFO: [Synth 8-6155] done synthesizing module 'gpu_dispatcher' (0#1) [/home/ian/SoC-from-scratch/ascii_doom_soc/rtl/gpu/gpu_dispatcher.sv:5]
INFO: [Synth 8-6157] synthesizing module 'gpu_collector' [/home/ian/SoC-from-scratch/ascii_doom_soc/rtl/gpu/gpu_collector.sv:4]
	Parameter NUM_CORES bound to: 32'sb00000000000000000000000000000100 
	Parameter TOTAL_COLS bound to: 32'sb00000000000000000000000001010000 
INFO: [Synth 8-226] default block is never used [/home/ian/SoC-from-scratch/ascii_doom_soc/rtl/gpu/gpu_collector.sv:81]
INFO: [Synth 8-6155] done synthesizing module 'gpu_collector' (0#1) [/home/ian/SoC-from-scratch/ascii_doom_soc/rtl/gpu/gpu_collector.sv:4]
INFO: [Synth 8-6155] done synthesizing module 'gpu_top' (0#1) [/home/ian/SoC-from-scratch/ascii_doom_soc/rtl/gpu/gpu_top.sv:3]
INFO: [Synth 8-6157] synthesizing module 'char_framebuffer' [/home/ian/SoC-from-scratch/ascii_doom_soc/rtl/vga/char_framebuffer.sv:6]
INFO: [Synth 8-6155] done synthesizing module 'char_framebuffer' (0#1) [/home/ian/SoC-from-scratch/ascii_doom_soc/rtl/vga/char_framebuffer.sv:6]
INFO: [Synth 8-6157] synthesizing module 'font_rom' [/home/ian/SoC-from-scratch/ascii_doom_soc/rtl/lib/font_rom.sv:4]
INFO: [Synth 8-3876] $readmem data file 'fonts/font8x8.hex' is read successfully [/home/ian/SoC-from-scratch/ascii_doom_soc/rtl/lib/font_rom.sv:13]
INFO: [Synth 8-6155] done synthesizing module 'font_rom' (0#1) [/home/ian/SoC-from-scratch/ascii_doom_soc/rtl/lib/font_rom.sv:4]
INFO: [Synth 8-6157] synthesizing module 'vga_top' [/home/ian/SoC-from-scratch/ascii_doom_soc/rtl/vga/vga_top.sv:8]
INFO: [Synth 8-6157] synthesizing module 'vga_sync' [/home/ian/SoC-from-scratch/ascii_doom_soc/rtl/vga/vga_sync.sv:3]
INFO: [Synth 8-6155] done synthesizing module 'vga_sync' (0#1) [/home/ian/SoC-from-scratch/ascii_doom_soc/rtl/vga/vga_sync.sv:3]
INFO: [Synth 8-6155] done synthesizing module 'vga_top' (0#1) [/home/ian/SoC-from-scratch/ascii_doom_soc/rtl/vga/vga_top.sv:8]
INFO: [Synth 8-6155] done synthesizing module 'soc_top' (0#1) [/home/ian/SoC-from-scratch/ascii_doom_soc/rtl/soc_top.sv:25]
INFO: [Synth 8-6155] done synthesizing module 'fpga_top' (0#1) [/home/ian/SoC-from-scratch/ascii_doom_soc/rtl/fpga_top.sv:4]
WARNING: [Synth 8-6014] Unused sequential element ray_angle_reg was removed.  [/home/ian/SoC-from-scratch/ascii_doom_soc/rtl/gpu/dda_core.sv:222]
WARNING: [Synth 8-6014] Unused sequential element rdx_reg was removed.  [/home/ian/SoC-from-scratch/ascii_doom_soc/rtl/gpu/dda_core.sv:223]
WARNING: [Synth 8-6014] Unused sequential element rdy_reg was removed.  [/home/ian/SoC-from-scratch/ascii_doom_soc/rtl/gpu/dda_core.sv:223]
WARNING: [Synth 8-6014] Unused sequential element perp_reg was removed.  [/home/ian/SoC-from-scratch/ascii_doom_soc/rtl/gpu/dda_core.sv:309]
WARNING: [Synth 8-6014] Unused sequential element fish_mul_reg was removed.  [/home/ian/SoC-from-scratch/ascii_doom_soc/rtl/gpu/dda_core.sv:312]
WARNING: [Synth 8-6014] Unused sequential element perp_corrected_reg was removed.  [/home/ian/SoC-from-scratch/ascii_doom_soc/rtl/gpu/dda_core.sv:313]
WARNING: [Synth 8-6014] Unused sequential element col_0_reg was removed.  [/home/ian/SoC-from-scratch/ascii_doom_soc/rtl/vga/vga_top.sv:54]
WARNING: [Synth 8-6014] Unused sequential element row_0_reg was removed.  [/home/ian/SoC-from-scratch/ascii_doom_soc/rtl/vga/vga_top.sv:55]
WARNING: [Synth 8-7129] Port axi_wdata[31] in module char_framebuffer is either unconnected or has no load
WARNING: [Synth 8-7129] Port axi_wdata[30] in module char_framebuffer is either unconnected or has no load
WARNING: [Synth 8-7129] Port axi_wdata[29] in module char_framebuffer is either unconnected or has no load
WARNING: [Synth 8-7129] Port axi_wdata[28] in module char_framebuffer is either unconnected or has no load
WARNING: [Synth 8-7129] Port axi_wdata[27] in module char_framebuffer is either unconnected or has no load
WARNING: [Synth 8-7129] Port axi_wdata[26] in module char_framebuffer is either unconnected or has no load
WARNING: [Synth 8-7129] Port axi_wdata[25] in module char_framebuffer is either unconnected or has no load
WARNING: [Synth 8-7129] Port axi_wdata[24] in module char_framebuffer is either unconnected or has no load
WARNING: [Synth 8-7129] Port axi_wdata[23] in module char_framebuffer is either unconnected or has no load
WARNING: [Synth 8-7129] Port axi_wdata[22] in module char_framebuffer is either unconnected or has no load
WARNING: [Synth 8-7129] Port axi_wdata[21] in module char_framebuffer is either unconnected or has no load
WARNING: [Synth 8-7129] Port axi_wdata[20] in module char_framebuffer is either unconnected or has no load
WARNING: [Synth 8-7129] Port axi_wdata[19] in module char_framebuffer is either unconnected or has no load
WARNING: [Synth 8-7129] Port axi_wdata[18] in module char_framebuffer is either unconnected or has no load
WARNING: [Synth 8-7129] Port axi_wdata[17] in module char_framebuffer is either unconnected or has no load
WARNING: [Synth 8-7129] Port axi_wdata[16] in module char_framebuffer is either unconnected or has no load
WARNING: [Synth 8-7129] Port axi_wdata[15] in module char_framebuffer is either unconnected or has no load
WARNING: [Synth 8-7129] Port axi_wdata[14] in module char_framebuffer is either unconnected or has no load
WARNING: [Synth 8-7129] Port axi_wdata[13] in module char_framebuffer is either unconnected or has no load
WARNING: [Synth 8-7129] Port axi_wdata[12] in module char_framebuffer is either unconnected or has no load
WARNING: [Synth 8-7129] Port axi_wdata[11] in module char_framebuffer is either unconnected or has no load
WARNING: [Synth 8-7129] Port axi_wdata[10] in module char_framebuffer is either unconnected or has no load
WARNING: [Synth 8-7129] Port axi_wdata[9] in module char_framebuffer is either unconnected or has no load
WARNING: [Synth 8-7129] Port axi_wdata[8] in module char_framebuffer is either unconnected or has no load
WARNING: [Synth 8-7129] Port axi_wstrb[3] in module char_framebuffer is either unconnected or has no load
WARNING: [Synth 8-7129] Port axi_wstrb[2] in module char_framebuffer is either unconnected or has no load
WARNING: [Synth 8-7129] Port axi_wstrb[1] in module char_framebuffer is either unconnected or has no load
WARNING: [Synth 8-7129] Port axi_wstrb[0] in module char_framebuffer is either unconnected or has no load
WARNING: [Synth 8-7129] Port m_bresp[1] in module gpu_collector is either unconnected or has no load
WARNING: [Synth 8-7129] Port m_bresp[0] in module gpu_collector is either unconnected or has no load
WARNING: [Synth 8-7129] Port s_awaddr[31] in module gpu_mmio is either unconnected or has no load
WARNING: [Synth 8-7129] Port s_awaddr[30] in module gpu_mmio is either unconnected or has no load
WARNING: [Synth 8-7129] Port s_awaddr[29] in module gpu_mmio is either unconnected or has no load
WARNING: [Synth 8-7129] Port s_awaddr[28] in module gpu_mmio is either unconnected or has no load
WARNING: [Synth 8-7129] Port s_awaddr[27] in module gpu_mmio is either unconnected or has no load
WARNING: [Synth 8-7129] Port s_awaddr[26] in module gpu_mmio is either unconnected or has no load
WARNING: [Synth 8-7129] Port s_awaddr[25] in module gpu_mmio is either unconnected or has no load
WARNING: [Synth 8-7129] Port s_awaddr[24] in module gpu_mmio is either unconnected or has no load
WARNING: [Synth 8-7129] Port s_awaddr[23] in module gpu_mmio is either unconnected or has no load
WARNING: [Synth 8-7129] Port s_awaddr[22] in module gpu_mmio is either unconnected or has no load
WARNING: [Synth 8-7129] Port s_awaddr[21] in module gpu_mmio is either unconnected or has no load
WARNING: [Synth 8-7129] Port s_awaddr[20] in module gpu_mmio is either unconnected or has no load
WARNING: [Synth 8-7129] Port s_awaddr[19] in module gpu_mmio is either unconnected or has no load
WARNING: [Synth 8-7129] Port s_awaddr[18] in module gpu_mmio is either unconnected or has no load
WARNING: [Synth 8-7129] Port s_awaddr[17] in module gpu_mmio is either unconnected or has no load
WARNING: [Synth 8-7129] Port s_awaddr[16] in module gpu_mmio is either unconnected or has no load
WARNING: [Synth 8-7129] Port s_awaddr[15] in module gpu_mmio is either unconnected or has no load
WARNING: [Synth 8-7129] Port s_awaddr[14] in module gpu_mmio is either unconnected or has no load
WARNING: [Synth 8-7129] Port s_awaddr[13] in module gpu_mmio is either unconnected or has no load
WARNING: [Synth 8-7129] Port s_awaddr[12] in module gpu_mmio is either unconnected or has no load
WARNING: [Synth 8-7129] Port s_awaddr[11] in module gpu_mmio is either unconnected or has no load
WARNING: [Synth 8-7129] Port s_awaddr[10] in module gpu_mmio is either unconnected or has no load
WARNING: [Synth 8-7129] Port s_awaddr[9] in module gpu_mmio is either unconnected or has no load
WARNING: [Synth 8-7129] Port s_awaddr[8] in module gpu_mmio is either unconnected or has no load
WARNING: [Synth 8-7129] Port s_awaddr[7] in module gpu_mmio is either unconnected or has no load
WARNING: [Synth 8-7129] Port s_awaddr[6] in module gpu_mmio is either unconnected or has no load
WARNING: [Synth 8-7129] Port s_awaddr[5] in module gpu_mmio is either unconnected or has no load
WARNING: [Synth 8-7129] Port s_wstrb[3] in module gpu_mmio is either unconnected or has no load
WARNING: [Synth 8-7129] Port s_wstrb[2] in module gpu_mmio is either unconnected or has no load
WARNING: [Synth 8-7129] Port s_wstrb[1] in module gpu_mmio is either unconnected or has no load
WARNING: [Synth 8-7129] Port s_wstrb[0] in module gpu_mmio is either unconnected or has no load
WARNING: [Synth 8-7129] Port s_araddr[31] in module gpu_mmio is either unconnected or has no load
WARNING: [Synth 8-7129] Port s_araddr[30] in module gpu_mmio is either unconnected or has no load
WARNING: [Synth 8-7129] Port s_araddr[29] in module gpu_mmio is either unconnected or has no load
WARNING: [Synth 8-7129] Port s_araddr[28] in module gpu_mmio is either unconnected or has no load
WARNING: [Synth 8-7129] Port s_araddr[27] in module gpu_mmio is either unconnected or has no load
WARNING: [Synth 8-7129] Port s_araddr[26] in module gpu_mmio is either unconnected or has no load
WARNING: [Synth 8-7129] Port s_araddr[25] in module gpu_mmio is either unconnected or has no load
WARNING: [Synth 8-7129] Port s_araddr[24] in module gpu_mmio is either unconnected or has no load
WARNING: [Synth 8-7129] Port s_araddr[23] in module gpu_mmio is either unconnected or has no load
WARNING: [Synth 8-7129] Port s_araddr[22] in module gpu_mmio is either unconnected or has no load
WARNING: [Synth 8-7129] Port s_araddr[21] in module gpu_mmio is either unconnected or has no load
WARNING: [Synth 8-7129] Port s_araddr[20] in module gpu_mmio is either unconnected or has no load
WARNING: [Synth 8-7129] Port s_araddr[19] in module gpu_mmio is either unconnected or has no load
WARNING: [Synth 8-7129] Port s_araddr[18] in module gpu_mmio is either unconnected or has no load
WARNING: [Synth 8-7129] Port s_araddr[17] in module gpu_mmio is either unconnected or has no load
WARNING: [Synth 8-7129] Port s_araddr[16] in module gpu_mmio is either unconnected or has no load
WARNING: [Synth 8-7129] Port s_araddr[15] in module gpu_mmio is either unconnected or has no load
WARNING: [Synth 8-7129] Port s_araddr[14] in module gpu_mmio is either unconnected or has no load
WARNING: [Synth 8-7129] Port s_araddr[13] in module gpu_mmio is either unconnected or has no load
WARNING: [Synth 8-7129] Port s_araddr[12] in module gpu_mmio is either unconnected or has no load
WARNING: [Synth 8-7129] Port s_araddr[11] in module gpu_mmio is either unconnected or has no load
WARNING: [Synth 8-7129] Port s_araddr[10] in module gpu_mmio is either unconnected or has no load
WARNING: [Synth 8-7129] Port s_araddr[9] in module gpu_mmio is either unconnected or has no load
WARNING: [Synth 8-7129] Port s_araddr[8] in module gpu_mmio is either unconnected or has no load
WARNING: [Synth 8-7129] Port s_araddr[7] in module gpu_mmio is either unconnected or has no load
WARNING: [Synth 8-7129] Port s_araddr[6] in module gpu_mmio is either unconnected or has no load
WARNING: [Synth 8-7129] Port s_araddr[5] in module gpu_mmio is either unconnected or has no load
WARNING: [Synth 8-7129] Port s_awaddr[31] in module uart_lite is either unconnected or has no load
WARNING: [Synth 8-7129] Port s_awaddr[30] in module uart_lite is either unconnected or has no load
WARNING: [Synth 8-7129] Port s_awaddr[29] in module uart_lite is either unconnected or has no load
WARNING: [Synth 8-7129] Port s_awaddr[28] in module uart_lite is either unconnected or has no load
WARNING: [Synth 8-7129] Port s_awaddr[27] in module uart_lite is either unconnected or has no load
WARNING: [Synth 8-7129] Port s_awaddr[26] in module uart_lite is either unconnected or has no load
WARNING: [Synth 8-7129] Port s_awaddr[25] in module uart_lite is either unconnected or has no load
WARNING: [Synth 8-7129] Port s_awaddr[24] in module uart_lite is either unconnected or has no load
WARNING: [Synth 8-7129] Port s_awaddr[23] in module uart_lite is either unconnected or has no load
WARNING: [Synth 8-7129] Port s_awaddr[22] in module uart_lite is either unconnected or has no load
WARNING: [Synth 8-7129] Port s_awaddr[21] in module uart_lite is either unconnected or has no load
WARNING: [Synth 8-7129] Port s_awaddr[20] in module uart_lite is either unconnected or has no load
INFO: [Common 17-14] Message 'Synth 8-7129' appears 100 times and further instances of the messages will be disabled. Use the Tcl command set_msg_config to change the current settings.
---------------------------------------------------------------------------------
Finished RTL Elaboration : Time (s): cpu = 00:00:05 ; elapsed = 00:00:05 . Memory (MB): peak = 11878.918 ; gain = 251.402 ; free physical = 15868 ; free virtual = 32480
---------------------------------------------------------------------------------
---------------------------------------------------------------------------------
Start Handling Custom Attributes
---------------------------------------------------------------------------------
---------------------------------------------------------------------------------
Finished Handling Custom Attributes : Time (s): cpu = 00:00:05 ; elapsed = 00:00:05 . Memory (MB): peak = 11878.918 ; gain = 251.402 ; free physical = 15868 ; free virtual = 32480
---------------------------------------------------------------------------------
---------------------------------------------------------------------------------
Finished RTL Optimization Phase 1 : Time (s): cpu = 00:00:05 ; elapsed = 00:00:05 . Memory (MB): peak = 11878.918 ; gain = 251.402 ; free physical = 15868 ; free virtual = 32480
---------------------------------------------------------------------------------
Netlist sorting complete. Time (s): cpu = 00:00:00.03 ; elapsed = 00:00:00.02 . Memory (MB): peak = 11878.918 ; gain = 0.000 ; free physical = 15868 ; free virtual = 32480
INFO: [Netlist 29-17] Analyzing 1 Unisim elements for replacement
INFO: [Netlist 29-28] Unisim Transformation completed in 0 CPU seconds
INFO: [Project 1-570] Preparing netlist for logic optimization

Processing XDC Constraints
Initializing timing engine
Parsing XDC File [/home/ian/SoC-from-scratch/ascii_doom_soc/constraints/nexys_a7.xdc]
Finished Parsing XDC File [/home/ian/SoC-from-scratch/ascii_doom_soc/constraints/nexys_a7.xdc]
INFO: [Project 1-236] Implementation specific constraints were found while reading constraint file [/home/ian/SoC-from-scratch/ascii_doom_soc/constraints/nexys_a7.xdc]. These constraints will be ignored for synthesis but will be used in implementation. Impacted constraints are listed in the file [.Xil/fpga_top_propImpl.xdc].
Resolution: To avoid this warning, move constraints listed in [.Xil/fpga_top_propImpl.xdc] to another XDC file and exclude this new file from synthesis with the used_in_synthesis property (File Properties dialog in GUI) and re-run elaboration/synthesis.
INFO: [Timing 38-2] Deriving generated clocks
Completed Processing XDC Constraints

Netlist sorting complete. Time (s): cpu = 00:00:00 ; elapsed = 00:00:00 . Memory (MB): peak = 11890.793 ; gain = 0.000 ; free physical = 15881 ; free virtual = 32492
INFO: [Project 1-111] Unisim Transformation Summary:
  A total of 1 instances were transformed.
  MMCME2_BASE => MMCME2_ADV: 1 instance 

Constraint Validation Runtime : Time (s): cpu = 00:00:00.01 ; elapsed = 00:00:00 . Memory (MB): peak = 11890.828 ; gain = 0.000 ; free physical = 15881 ; free virtual = 32492
---------------------------------------------------------------------------------
Finished Constraint Validation : Time (s): cpu = 00:00:09 ; elapsed = 00:00:09 . Memory (MB): peak = 11890.828 ; gain = 263.312 ; free physical = 16002 ; free virtual = 32613
---------------------------------------------------------------------------------
---------------------------------------------------------------------------------
Start Loading Part and Timing Information
---------------------------------------------------------------------------------
Loading part: xc7a100tcsg324-1
---------------------------------------------------------------------------------
Finished Loading Part and Timing Information : Time (s): cpu = 00:00:09 ; elapsed = 00:00:09 . Memory (MB): peak = 11890.828 ; gain = 263.312 ; free physical = 16002 ; free virtual = 32613
---------------------------------------------------------------------------------
---------------------------------------------------------------------------------
Start Applying 'set_property' XDC Constraints
---------------------------------------------------------------------------------
---------------------------------------------------------------------------------
Finished applying 'set_property' XDC Constraints : Time (s): cpu = 00:00:09 ; elapsed = 00:00:09 . Memory (MB): peak = 11890.828 ; gain = 263.312 ; free physical = 16002 ; free virtual = 32613
---------------------------------------------------------------------------------
INFO: [Synth 8-802] inferred FSM for state register 'state_reg' in module 'axi_dma'
INFO: [Synth 8-802] inferred FSM for state register 'w_state_reg' in module 'axi4lite_fabric'
INFO: [Synth 8-802] inferred FSM for state register 'r_state_reg' in module 'axi4lite_fabric'
INFO: [Synth 8-802] inferred FSM for state register 'state_reg' in module 'dda_core'
INFO: [Synth 8-802] inferred FSM for state register 'state_reg' in module 'gpu_dispatcher'
INFO: [Synth 8-802] inferred FSM for state register 'w_state_reg' in module 'gpu_collector'
---------------------------------------------------------------------------------------------------
                   State |                     New Encoding |                Previous Encoding 
---------------------------------------------------------------------------------------------------
                    IDLE |                              000 |                              000
                 RD_ADDR |                              001 |                              001
                 DONE_ST |                              010 |                              110
                 RD_DATA |                              011 |                              010
                 WR_ADDR |                              100 |                              011
                 WR_DATA |                              101 |                              100
                 WR_RESP |                              110 |                              101
---------------------------------------------------------------------------------------------------
INFO: [Synth 8-3354] encoded FSM with state register 'state_reg' using encoding 'sequential' in module 'axi_dma'
---------------------------------------------------------------------------------------------------
                   State |                     New Encoding |                Previous Encoding 
---------------------------------------------------------------------------------------------------
                  W_IDLE |                              001 |                               00
                    W_M1 |                              010 |                               10
                    W_M0 |                              100 |                               01
---------------------------------------------------------------------------------------------------
INFO: [Synth 8-3354] encoded FSM with state register 'w_state_reg' using encoding 'one-hot' in module 'axi4lite_fabric'
---------------------------------------------------------------------------------------------------
                   State |                     New Encoding |                Previous Encoding 
---------------------------------------------------------------------------------------------------
                  R_IDLE |                              001 |                               00
                    R_M1 |                              010 |                               10
                    R_M0 |                              100 |                               01
---------------------------------------------------------------------------------------------------
INFO: [Synth 8-3354] encoded FSM with state register 'r_state_reg' using encoding 'one-hot' in module 'axi4lite_fabric'
---------------------------------------------------------------------------------------------------
                   State |                     New Encoding |                Previous Encoding 
---------------------------------------------------------------------------------------------------
                    IDLE |                              000 |                              000
                    INIT |                              001 |                              001
                    PREP |                              010 |                              010
                MAP_WAIT |                              011 |                              011
                   MARCH |                              100 |                              100
                 DONE_ST |                              101 |                              101
---------------------------------------------------------------------------------------------------
INFO: [Synth 8-3354] encoded FSM with state register 'state_reg' using encoding 'sequential' in module 'dda_core'
---------------------------------------------------------------------------------------------------
                   State |                     New Encoding |                Previous Encoding 
---------------------------------------------------------------------------------------------------
                    IDLE |                              001 |                               00
                DISPATCH |                              010 |                               01
                    WAIT |                              100 |                               10
---------------------------------------------------------------------------------------------------
INFO: [Synth 8-3354] encoded FSM with state register 'state_reg' using encoding 'one-hot' in module 'gpu_dispatcher'
---------------------------------------------------------------------------------------------------
                   State |                     New Encoding |                Previous Encoding 
---------------------------------------------------------------------------------------------------
                  W_IDLE |                               00 |                               00
                  W_ADDR |                               01 |                               01
                  W_DATA |                               10 |                               10
                  W_RESP |                               11 |                               11
---------------------------------------------------------------------------------------------------
INFO: [Synth 8-3354] encoded FSM with state register 'w_state_reg' using encoding 'sequential' in module 'gpu_collector'
INFO: [Synth 8-3971] The signal "char_framebuffer:/mem_reg" was recognized as a true dual port RAM template.
WARNING: [Synth 8-6841] Block RAM (bram_reg) originally specified as a Byte Wide Write Enable RAM cannot take advantage of ByteWide feature and is implemented with single write enable per RAM due to following reason.
(address width (16) is more than optimal threshold of 12. Implementing using BWWE will require more logic and timing would be suboptimal. Please use attribute ram_decomp = power if BWWE is desired.)
---------------------------------------------------------------------------------
Finished RTL Optimization Phase 2 : Time (s): cpu = 00:00:10 ; elapsed = 00:00:10 . Memory (MB): peak = 11890.828 ; gain = 263.312 ; free physical = 16002 ; free virtual = 32613
---------------------------------------------------------------------------------
---------------------------------------------------------------------------------
Start RTL Component Statistics 
---------------------------------------------------------------------------------
Detailed RTL Component Info : 
+---Adders : 
	   2 Input   32 Bit       Adders := 31    
	   3 Input   32 Bit       Adders := 20    
	   2 Input   10 Bit       Adders := 2     
	   2 Input    7 Bit       Adders := 8     
	   2 Input    5 Bit       Adders := 1     
+---Registers : 
	               32 Bit    Registers := 56    
	               12 Bit    Registers := 1     
	               10 Bit    Registers := 2     
	                8 Bit    Registers := 16    
	                7 Bit    Registers := 24    
	                5 Bit    Registers := 1     
	                4 Bit    Registers := 5     
	                3 Bit    Registers := 5     
	                2 Bit    Registers := 13    
	                1 Bit    Registers := 61    
+---Multipliers : 
	              18x32  Multipliers := 8     
	              32x32  Multipliers := 12    
	              15x32  Multipliers := 4     
+---RAMs : 
	            2048K Bit	(65536 X 32 bit)          RAMs := 1     
	              32K Bit	(4096 X 8 bit)          RAMs := 5     
+---ROMs : 
	                    ROMs := 1     
+---Muxes : 
	   7 Input   32 Bit        Muxes := 3     
	   2 Input   32 Bit        Muxes := 45    
	   4 Input   32 Bit        Muxes := 1     
	  81 Input   32 Bit        Muxes := 8     
	   6 Input   32 Bit        Muxes := 8     
	   4 Input    8 Bit        Muxes := 1     
	   2 Input    8 Bit        Muxes := 1     
	   6 Input    7 Bit        Muxes := 8     
	   4 Input    7 Bit        Muxes := 1     
	   3 Input    5 Bit        Muxes := 1     
	   2 Input    4 Bit        Muxes := 4     
	   3 Input    4 Bit        Muxes := 1     
	   4 Input    4 Bit        Muxes := 2     
	   7 Input    3 Bit        Muxes := 1     
	   2 Input    3 Bit        Muxes := 13    
	   3 Input    3 Bit        Muxes := 3     
	   6 Input    3 Bit        Muxes := 4     
	   4 Input    2 Bit        Muxes := 3     
	   3 Input    2 Bit        Muxes := 1     
	   2 Input    2 Bit        Muxes := 1     
	   2 Input    1 Bit        Muxes := 51    
	   7 Input    1 Bit        Muxes := 14    
	   4 Input    1 Bit        Muxes := 12    
	   3 Input    1 Bit        Muxes := 10    
	   6 Input    1 Bit        Muxes := 56    
	   5 Input    1 Bit        Muxes := 5     
---------------------------------------------------------------------------------
Finished RTL Component Statistics 
---------------------------------------------------------------------------------
---------------------------------------------------------------------------------
Start Part Resource Summary
---------------------------------------------------------------------------------
Part Resources:
DSPs: 240 (col length:80)
BRAMs: 270 (col length: RAMB18 80 RAMB36 40)
---------------------------------------------------------------------------------
Finished Part Resource Summary
---------------------------------------------------------------------------------
---------------------------------------------------------------------------------
Start Cross Boundary and Area Optimization
---------------------------------------------------------------------------------
DSP Report: Generating DSP rdy_mul_b, operation Mode is: A*B.
DSP Report: operator rdy_mul_b is absorbed into DSP rdy_mul_b.
DSP Report: Generating DSP rdy_mul_a, operation Mode is: A*B.
DSP Report: operator rdy_mul_a is absorbed into DSP rdy_mul_a.
DSP Report: Generating DSP sdy_mul, operation Mode is: A*B.
DSP Report: operator sdy_mul is absorbed into DSP sdy_mul.
DSP Report: operator sdy_mul is absorbed into DSP sdy_mul.
DSP Report: Generating DSP sdy_mul, operation Mode is: (PCIN>>17)+A*B.
DSP Report: operator sdy_mul is absorbed into DSP sdy_mul.
DSP Report: operator sdy_mul is absorbed into DSP sdy_mul.
DSP Report: Generating DSP sdy_mul, operation Mode is: A*B.
DSP Report: operator sdy_mul is absorbed into DSP sdy_mul.
DSP Report: operator sdy_mul is absorbed into DSP sdy_mul.
DSP Report: Generating DSP sdy_mul, operation Mode is: (PCIN>>17)+A*B.
DSP Report: operator sdy_mul is absorbed into DSP sdy_mul.
DSP Report: operator sdy_mul is absorbed into DSP sdy_mul.
DSP Report: Generating DSP rdx_mul_b, operation Mode is: A*B.
DSP Report: operator rdx_mul_b is absorbed into DSP rdx_mul_b.
DSP Report: Generating DSP rdx_mul_a, operation Mode is: A*B.
DSP Report: operator rdx_mul_a is absorbed into DSP rdx_mul_a.
DSP Report: Generating DSP sdx_mul, operation Mode is: A*B.
DSP Report: operator sdx_mul is absorbed into DSP sdx_mul.
DSP Report: operator sdx_mul is absorbed into DSP sdx_mul.
DSP Report: Generating DSP sdx_mul, operation Mode is: (PCIN>>17)+A*B.
DSP Report: operator sdx_mul is absorbed into DSP sdx_mul.
DSP Report: operator sdx_mul is absorbed into DSP sdx_mul.
DSP Report: Generating DSP sdx_mul, operation Mode is: A*B.
DSP Report: operator sdx_mul is absorbed into DSP sdx_mul.
DSP Report: operator sdx_mul is absorbed into DSP sdx_mul.
DSP Report: Generating DSP sdx_mul, operation Mode is: (PCIN>>17)+A*B.
DSP Report: operator sdx_mul is absorbed into DSP sdx_mul.
DSP Report: operator sdx_mul is absorbed into DSP sdx_mul.
DSP Report: Generating DSP d0, operation Mode is: A*B.
DSP Report: operator d0 is absorbed into DSP d0.
DSP Report: operator d0 is absorbed into DSP d0.
DSP Report: Generating DSP d0, operation Mode is: (PCIN>>17)+A*B.
DSP Report: operator d0 is absorbed into DSP d0.
DSP Report: operator d0 is absorbed into DSP d0.
DSP Report: Generating DSP rdy_mul_b, operation Mode is: A*B.
DSP Report: operator rdy_mul_b is absorbed into DSP rdy_mul_b.
DSP Report: Generating DSP rdy_mul_a, operation Mode is: A*B.
DSP Report: operator rdy_mul_a is absorbed into DSP rdy_mul_a.
DSP Report: Generating DSP sdy_mul, operation Mode is: A*B.
DSP Report: operator sdy_mul is absorbed into DSP sdy_mul.
DSP Report: operator sdy_mul is absorbed into DSP sdy_mul.
DSP Report: Generating DSP sdy_mul, operation Mode is: (PCIN>>17)+A*B.
DSP Report: operator sdy_mul is absorbed into DSP sdy_mul.
DSP Report: operator sdy_mul is absorbed into DSP sdy_mul.
DSP Report: Generating DSP sdy_mul, operation Mode is: A*B.
DSP Report: operator sdy_mul is absorbed into DSP sdy_mul.
DSP Report: operator sdy_mul is absorbed into DSP sdy_mul.
DSP Report: Generating DSP sdy_mul, operation Mode is: (PCIN>>17)+A*B.
DSP Report: operator sdy_mul is absorbed into DSP sdy_mul.
DSP Report: operator sdy_mul is absorbed into DSP sdy_mul.
DSP Report: Generating DSP rdx_mul_b, operation Mode is: A*B.
DSP Report: operator rdx_mul_b is absorbed into DSP rdx_mul_b.
DSP Report: Generating DSP rdx_mul_a, operation Mode is: A*B.
DSP Report: operator rdx_mul_a is absorbed into DSP rdx_mul_a.
DSP Report: Generating DSP sdx_mul, operation Mode is: A*B.
DSP Report: operator sdx_mul is absorbed into DSP sdx_mul.
DSP Report: operator sdx_mul is absorbed into DSP sdx_mul.
DSP Report: Generating DSP sdx_mul, operation Mode is: (PCIN>>17)+A*B.
DSP Report: operator sdx_mul is absorbed into DSP sdx_mul.
DSP Report: operator sdx_mul is absorbed into DSP sdx_mul.
DSP Report: Generating DSP sdx_mul, operation Mode is: A*B.
DSP Report: operator sdx_mul is absorbed into DSP sdx_mul.
DSP Report: operator sdx_mul is absorbed into DSP sdx_mul.
DSP Report: Generating DSP sdx_mul, operation Mode is: (PCIN>>17)+A*B.
DSP Report: operator sdx_mul is absorbed into DSP sdx_mul.
DSP Report: operator sdx_mul is absorbed into DSP sdx_mul.
DSP Report: Generating DSP d0, operation Mode is: A*B.
DSP Report: operator d0 is absorbed into DSP d0.
DSP Report: operator d0 is absorbed into DSP d0.
DSP Report: Generating DSP d0, operation Mode is: (PCIN>>17)+A*B.
DSP Report: operator d0 is absorbed into DSP d0.
DSP Report: operator d0 is absorbed into DSP d0.
DSP Report: Generating DSP rdy_mul_b, operation Mode is: A*B.
DSP Report: operator rdy_mul_b is absorbed into DSP rdy_mul_b.
DSP Report: Generating DSP rdy_mul_a, operation Mode is: A*B.
DSP Report: operator rdy_mul_a is absorbed into DSP rdy_mul_a.
DSP Report: Generating DSP sdy_mul, operation Mode is: A*B.
DSP Report: operator sdy_mul is absorbed into DSP sdy_mul.
DSP Report: operator sdy_mul is absorbed into DSP sdy_mul.
DSP Report: Generating DSP sdy_mul, operation Mode is: (PCIN>>17)+A*B.
DSP Report: operator sdy_mul is absorbed into DSP sdy_mul.
DSP Report: operator sdy_mul is absorbed into DSP sdy_mul.
DSP Report: Generating DSP sdy_mul, operation Mode is: A*B.
DSP Report: operator sdy_mul is absorbed into DSP sdy_mul.
DSP Report: operator sdy_mul is absorbed into DSP sdy_mul.
DSP Report: Generating DSP sdy_mul, operation Mode is: (PCIN>>17)+A*B.
DSP Report: operator sdy_mul is absorbed into DSP sdy_mul.
DSP Report: operator sdy_mul is absorbed into DSP sdy_mul.
DSP Report: Generating DSP rdx_mul_b, operation Mode is: A*B.
DSP Report: operator rdx_mul_b is absorbed into DSP rdx_mul_b.
DSP Report: Generating DSP rdx_mul_a, operation Mode is: A*B.
DSP Report: operator rdx_mul_a is absorbed into DSP rdx_mul_a.
DSP Report: Generating DSP sdx_mul, operation Mode is: A*B.
DSP Report: operator sdx_mul is absorbed into DSP sdx_mul.
DSP Report: operator sdx_mul is absorbed into DSP sdx_mul.
DSP Report: Generating DSP sdx_mul, operation Mode is: (PCIN>>17)+A*B.
DSP Report: operator sdx_mul is absorbed into DSP sdx_mul.
DSP Report: operator sdx_mul is absorbed into DSP sdx_mul.
DSP Report: Generating DSP sdx_mul, operation Mode is: A*B.
DSP Report: operator sdx_mul is absorbed into DSP sdx_mul.
DSP Report: operator sdx_mul is absorbed into DSP sdx_mul.
DSP Report: Generating DSP sdx_mul, operation Mode is: (PCIN>>17)+A*B.
DSP Report: operator sdx_mul is absorbed into DSP sdx_mul.
DSP Report: operator sdx_mul is absorbed into DSP sdx_mul.
DSP Report: Generating DSP d0, operation Mode is: A*B.
DSP Report: operator d0 is absorbed into DSP d0.
DSP Report: operator d0 is absorbed into DSP d0.
DSP Report: Generating DSP d0, operation Mode is: (PCIN>>17)+A*B.
DSP Report: operator d0 is absorbed into DSP d0.
DSP Report: operator d0 is absorbed into DSP d0.
DSP Report: Generating DSP rdy_mul_b, operation Mode is: A*B.
DSP Report: operator rdy_mul_b is absorbed into DSP rdy_mul_b.
DSP Report: Generating DSP rdy_mul_a, operation Mode is: A*B.
DSP Report: operator rdy_mul_a is absorbed into DSP rdy_mul_a.
DSP Report: Generating DSP sdy_mul, operation Mode is: A*B.
DSP Report: operator sdy_mul is absorbed into DSP sdy_mul.
DSP Report: operator sdy_mul is absorbed into DSP sdy_mul.
DSP Report: Generating DSP sdy_mul, operation Mode is: (PCIN>>17)+A*B.
DSP Report: operator sdy_mul is absorbed into DSP sdy_mul.
DSP Report: operator sdy_mul is absorbed into DSP sdy_mul.
DSP Report: Generating DSP sdy_mul, operation Mode is: A*B.
DSP Report: operator sdy_mul is absorbed into DSP sdy_mul.
DSP Report: operator sdy_mul is absorbed into DSP sdy_mul.
DSP Report: Generating DSP sdy_mul, operation Mode is: (PCIN>>17)+A*B.
DSP Report: operator sdy_mul is absorbed into DSP sdy_mul.
DSP Report: operator sdy_mul is absorbed into DSP sdy_mul.
DSP Report: Generating DSP rdx_mul_b, operation Mode is: A*B.
DSP Report: operator rdx_mul_b is absorbed into DSP rdx_mul_b.
DSP Report: Generating DSP rdx_mul_a, operation Mode is: A*B.
DSP Report: operator rdx_mul_a is absorbed into DSP rdx_mul_a.
DSP Report: Generating DSP sdx_mul, operation Mode is: A*B.
DSP Report: operator sdx_mul is absorbed into DSP sdx_mul.
DSP Report: operator sdx_mul is absorbed into DSP sdx_mul.
DSP Report: Generating DSP sdx_mul, operation Mode is: (PCIN>>17)+A*B.
DSP Report: operator sdx_mul is absorbed into DSP sdx_mul.
DSP Report: operator sdx_mul is absorbed into DSP sdx_mul.
DSP Report: Generating DSP sdx_mul, operation Mode is: A*B.
DSP Report: operator sdx_mul is absorbed into DSP sdx_mul.
DSP Report: operator sdx_mul is absorbed into DSP sdx_mul.
DSP Report: Generating DSP sdx_mul, operation Mode is: (PCIN>>17)+A*B.
DSP Report: operator sdx_mul is absorbed into DSP sdx_mul.
DSP Report: operator sdx_mul is absorbed into DSP sdx_mul.
DSP Report: Generating DSP d0, operation Mode is: A*B.
DSP Report: operator d0 is absorbed into DSP d0.
DSP Report: operator d0 is absorbed into DSP d0.
DSP Report: Generating DSP d0, operation Mode is: (PCIN>>17)+A*B.
DSP Report: operator d0 is absorbed into DSP d0.
DSP Report: operator d0 is absorbed into DSP d0.
WARNING: [Synth 8-6841] Block RAM (u_soc/bram_reg) originally specified as a Byte Wide Write Enable RAM cannot take advantage of ByteWide feature and is implemented with single write enable per RAM due to following reason.
(address width (16) is more than optimal threshold of 12. Implementing using BWWE will require more logic and timing would be suboptimal. Please use attribute ram_decomp = power if BWWE is desired.)
WARNING: [Synth 8-3332] Sequential element (player_idx_reg__7) is unused and will be removed from module dda_core.
WARNING: [Synth 8-3332] Sequential element (player_idx_reg__8) is unused and will be removed from module dda_core.
WARNING: [Synth 8-3332] Sequential element (player_idx_reg__9) is unused and will be removed from module dda_core.
WARNING: [Synth 8-3332] Sequential element (player_idx_reg__10) is unused and will be removed from module dda_core.
WARNING: [Synth 8-3332] Sequential element (player_idx_reg__11) is unused and will be removed from module dda_core.
WARNING: [Synth 8-3332] Sequential element (player_idx_reg__12) is unused and will be removed from module dda_core.
WARNING: [Synth 8-3332] Sequential element (player_idx_reg__13) is unused and will be removed from module dda_core.
WARNING: [Synth 8-3332] Sequential element (player_idx_reg__14) is unused and will be removed from module dda_core.
WARNING: [Synth 8-3332] Sequential element (player_idx_reg__15) is unused and will be removed from module dda_core.
WARNING: [Synth 8-3332] Sequential element (player_idx_reg__16) is unused and will be removed from module dda_core.
WARNING: [Synth 8-3332] Sequential element (player_idx_reg__17) is unused and will be removed from module dda_core.
WARNING: [Synth 8-3332] Sequential element (player_idx_reg__18) is unused and will be removed from module dda_core.
WARNING: [Synth 8-3332] Sequential element (player_idx_reg__19) is unused and will be removed from module dda_core.
WARNING: [Synth 8-3332] Sequential element (player_idx_reg__20) is unused and will be removed from module dda_core.
WARNING: [Synth 8-3332] Sequential element (player_idx_reg__21) is unused and will be removed from module dda_core.
WARNING: [Synth 8-3332] Sequential element (player_idx_reg__22) is unused and will be removed from module dda_core.
WARNING: [Synth 8-3332] Sequential element (player_idx_reg__23) is unused and will be removed from module dda_core.
WARNING: [Synth 8-3332] Sequential element (player_idx_reg__24) is unused and will be removed from module dda_core.
WARNING: [Synth 8-3332] Sequential element (player_idx_reg__25) is unused and will be removed from module dda_core.
WARNING: [Synth 8-3332] Sequential element (player_idx_reg__26) is unused and will be removed from module dda_core.
WARNING: [Synth 8-3332] Sequential element (player_idx_reg__27) is unused and will be removed from module dda_core.
WARNING: [Synth 8-3332] Sequential element (player_idx_reg__28) is unused and will be removed from module dda_core.
WARNING: [Synth 8-3332] Sequential element (player_idx_reg__29) is unused and will be removed from module dda_core.
WARNING: [Synth 8-3332] Sequential element (player_idx_reg__30) is unused and will be removed from module dda_core.
---------------------------------------------------------------------------------
Finished Cross Boundary and Area Optimization : Time (s): cpu = 00:00:29 ; elapsed = 00:00:29 . Memory (MB): peak = 11906.809 ; gain = 279.293 ; free physical = 15976 ; free virtual = 32587
---------------------------------------------------------------------------------
 Sort Area is  sdx_mul_6 : 0 0 : 2759 5418 : Used 1 time 0
 Sort Area is  sdx_mul_6 : 0 1 : 2659 5418 : Used 1 time 0
 Sort Area is  sdy_mul_c : 0 0 : 2759 5418 : Used 1 time 0
 Sort Area is  sdy_mul_c : 0 1 : 2659 5418 : Used 1 time 0
 Sort Area is  d0_d : 0 0 : 2478 5256 : Used 1 time 0
 Sort Area is  d0_d : 0 1 : 2778 5256 : Used 1 time 0
 Sort Area is  sdx_mul_4 : 0 0 : 2478 5256 : Used 1 time 0
 Sort Area is  sdx_mul_4 : 0 1 : 2778 5256 : Used 1 time 0
 Sort Area is  sdy_mul_b : 0 0 : 2478 5256 : Used 1 time 0
 Sort Area is  sdy_mul_b : 0 1 : 2778 5256 : Used 1 time 0
 Sort Area is  d0_18 : 0 0 : 2478 4696 : Used 1 time 0
 Sort Area is  d0_18 : 0 1 : 2218 4696 : Used 1 time 0
 Sort Area is  d0_21 : 0 0 : 2478 4696 : Used 1 time 0
 Sort Area is  d0_21 : 0 1 : 2218 4696 : Used 1 time 0
 Sort Area is  d0_2a : 0 0 : 2478 4696 : Used 1 time 0
 Sort Area is  d0_2a : 0 1 : 2218 4696 : Used 1 time 0
 Sort Area is  sdx_mul_10 : 0 0 : 2478 4696 : Used 1 time 0
 Sort Area is  sdx_mul_10 : 0 1 : 2218 4696 : Used 1 time 0
 Sort Area is  sdx_mul_1b : 0 0 : 2478 4696 : Used 1 time 0
 Sort Area is  sdx_mul_1b : 0 1 : 2218 4696 : Used 1 time 0
 Sort Area is  sdx_mul_24 : 0 0 : 2478 4696 : Used 1 time 0
 Sort Area is  sdx_mul_24 : 0 1 : 2218 4696 : Used 1 time 0
 Sort Area is  sdy_mul_16 : 0 0 : 2478 4696 : Used 1 time 0
 Sort Area is  sdy_mul_16 : 0 1 : 2218 4696 : Used 1 time 0
 Sort Area is  sdy_mul_1f : 0 0 : 2478 4696 : Used 1 time 0
 Sort Area is  sdy_mul_1f : 0 1 : 2218 4696 : Used 1 time 0
 Sort Area is  sdy_mul_28 : 0 0 : 2478 4696 : Used 1 time 0
 Sort Area is  sdy_mul_28 : 0 1 : 2218 4696 : Used 1 time 0
 Sort Area is  sdx_mul_12 : 0 0 : 2759 4294 : Used 1 time 0
 Sort Area is  sdx_mul_12 : 0 1 : 1535 4294 : Used 1 time 0
 Sort Area is  sdx_mul_1c : 0 0 : 2759 4294 : Used 1 time 0
 Sort Area is  sdx_mul_1c : 0 1 : 1535 4294 : Used 1 time 0
 Sort Area is  sdx_mul_25 : 0 0 : 2759 4294 : Used 1 time 0
 Sort Area is  sdx_mul_25 : 0 1 : 1535 4294 : Used 1 time 0
 Sort Area is  sdy_mul_17 : 0 0 : 2759 4294 : Used 1 time 0
 Sort Area is  sdy_mul_17 : 0 1 : 1535 4294 : Used 1 time 0
 Sort Area is  sdy_mul_20 : 0 0 : 2759 4294 : Used 1 time 0
 Sort Area is  sdy_mul_20 : 0 1 : 1535 4294 : Used 1 time 0
 Sort Area is  sdy_mul_29 : 0 0 : 2759 4294 : Used 1 time 0
 Sort Area is  sdy_mul_29 : 0 1 : 1535 4294 : Used 1 time 0
 Sort Area is  rdx_mul_a_0 : 0 0 : 2478 2478 : Used 1 time 0
 Sort Area is  rdx_mul_a_19 : 0 0 : 2478 2478 : Used 1 time 0
 Sort Area is  rdx_mul_a_22 : 0 0 : 2478 2478 : Used 1 time 0
 Sort Area is  rdx_mul_a_e : 0 0 : 2478 2478 : Used 1 time 0
 Sort Area is  rdy_mul_a_14 : 0 0 : 2478 2478 : Used 1 time 0
 Sort Area is  rdy_mul_a_1d : 0 0 : 2478 2478 : Used 1 time 0
 Sort Area is  rdy_mul_a_26 : 0 0 : 2478 2478 : Used 1 time 0
 Sort Area is  rdy_mul_a_9 : 0 0 : 2478 2478 : Used 1 time 0
 Sort Area is  rdx_mul_b_1a : 0 0 : 2367 2367 : Used 1 time 0
 Sort Area is  rdx_mul_b_2 : 0 0 : 2367 2367 : Used 1 time 0
 Sort Area is  rdx_mul_b_23 : 0 0 : 2367 2367 : Used 1 time 0
 Sort Area is  rdx_mul_b_f : 0 0 : 2367 2367 : Used 1 time 0
 Sort Area is  rdy_mul_b_15 : 0 0 : 2367 2367 : Used 1 time 0
 Sort Area is  rdy_mul_b_1e : 0 0 : 2367 2367 : Used 1 time 0
 Sort Area is  rdy_mul_b_27 : 0 0 : 2367 2367 : Used 1 time 0
 Sort Area is  rdy_mul_b_a : 0 0 : 2367 2367 : Used 1 time 0
---------------------------------------------------------------------------------
Start ROM, RAM, DSP, Shift Register and Retiming Reporting
---------------------------------------------------------------------------------

ROM: Preliminary Mapping Report
+------------+---------------------+---------------+----------------+
|Module Name | RTL Object          | Depth x Width | Implemented As | 
+------------+---------------------+---------------+----------------+
|dda_core    | sin_table           | 256x18        | LUT            | 
|dda_core    | fov_sin_table       | 128x17        | LUT            | 
|dda_core    | sin_table           | 256x18        | LUT            | 
|dda_core    | ddy_table           | 128x24        | LUT            | 
|font_rom    | data_out_reg        | 1024x2        | Block RAM      | 
|dda_core    | p_0_out             | 256x18        | LUT            | 
|dda_core    | p_0_out             | 128x17        | LUT            | 
|dda_core    | p_0_out             | 256x18        | LUT            | 
|dda_core    | p_0_out             | 128x24        | LUT            | 
|dda_core    | p_0_out             | 256x18        | LUT            | 
|dda_core    | p_0_out             | 128x17        | LUT            | 
|dda_core    | p_0_out             | 256x18        | LUT            | 
|dda_core    | p_0_out             | 128x24        | LUT            | 
|dda_core    | p_0_out             | 256x18        | LUT            | 
|dda_core    | p_0_out             | 128x17        | LUT            | 
|dda_core    | p_0_out             | 256x18        | LUT            | 
|dda_core    | p_0_out             | 256x18        | LUT            | 
|dda_core    | p_0_out             | 128x17        | LUT            | 
|dda_core    | p_0_out             | 256x18        | LUT            | 
|dda_core    | p_0_out             | 128x24        | LUT            | 
|soc_top     | u_font/data_out_reg | 1024x2        | Block RAM      | 
+------------+---------------------+---------------+----------------+


Block RAM: Preliminary Mapping Report (see note below)
+--------------+-------------------------------+------------------------+---+---+------------------------+---+---+------------------+--------+--------+
|Module Name   | RTL Object                    | PORT A (Depth x Width) | W | R | PORT B (Depth x Width) | W | R | Ports driving FF | RAMB18 | RAMB36 | 
+--------------+-------------------------------+------------------------+---+---+------------------------+---+---+------------------+--------+--------+
|\u_soc/u_cfb  | mem_reg                       | 4 K x 8(NO_CHANGE)     | W |   | 4 K x 8(WRITE_FIRST)   |   | R | Port A and B     | 0      | 1      | 
|fpga_top      | u_soc/bram_reg                | 64 K x 32(READ_FIRST)  | W |   | 64 K x 32(WRITE_FIRST) |   | R | Port A and B     | 0      | 64     | 
|fpga_top      | u_soc/gen_map[0].map_bram_reg | 4 K x 8(READ_FIRST)    | W |   | 4 K x 8(WRITE_FIRST)   |   | R | Port A and B     | 0      | 1      | 
|fpga_top      | u_soc/gen_map[1].map_bram_reg | 4 K x 8(READ_FIRST)    | W |   | 4 K x 8(WRITE_FIRST)   |   | R | Port A and B     | 0      | 1      | 
|fpga_top      | u_soc/gen_map[2].map_bram_reg | 4 K x 8(READ_FIRST)    | W |   | 4 K x 8(WRITE_FIRST)   |   | R | Port A and B     | 0      | 1      | 
|fpga_top      | u_soc/gen_map[3].map_bram_reg | 4 K x 8(READ_FIRST)    | W |   | 4 K x 8(WRITE_FIRST)   |   | R | Port A and B     | 0      | 1      | 
+--------------+-------------------------------+------------------------+---+---+------------------------+---+---+------------------+--------+--------+

Note: The table above is a preliminary report that shows the Block RAMs at the current stage of the synthesis flow. Some Block RAMs may be reimplemented as non Block RAM primitives later in the synthesis flow. Multiple instantiated Block RAMs are reported only once. 

DSP: Preliminary Mapping Report (see note below. The ' indicates corresponding REG is set)
+------------+----------------+--------+--------+--------+--------+--------+------+------+------+------+-------+------+------+
|Module Name | DSP Mapping    | A Size | B Size | C Size | D Size | P Size | AREG | BREG | CREG | DREG | ADREG | MREG | PREG | 
+------------+----------------+--------+--------+--------+--------+--------+------+------+------+------+-------+------+------+
|dda_core    | A*B            | 18     | 17     | -      | -      | 35     | 0    | 0    | -    | -    | -     | 0    | 0    | 
|dda_core    | A*B            | 18     | 18     | -      | -      | 36     | 0    | 0    | -    | -    | -     | 0    | 0    | 
|dda_core    | A*B            | 18     | 16     | -      | -      | 48     | 0    | 0    | -    | -    | -     | 0    | 0    | 
|dda_core    | (PCIN>>17)+A*B | 16     | 16     | -      | -      | 48     | 0    | 0    | -    | -    | -     | 0    | 0    | 
|dda_core    | A*B            | 18     | 18     | -      | -      | 48     | 0    | 0    | -    | -    | -     | 0    | 0    | 
|dda_core    | (PCIN>>17)+A*B | 18     | 16     | -      | -      | 48     | 0    | 0    | -    | -    | -     | 0    | 0    | 
|dda_core    | A*B            | 18     | 17     | -      | -      | 35     | 0    | 0    | -    | -    | -     | 0    | 0    | 
|dda_core    | A*B            | 18     | 18     | -      | -      | 36     | 0    | 0    | -    | -    | -     | 0    | 0    | 
|dda_core    | A*B            | 18     | 16     | -      | -      | 48     | 0    | 0    | -    | -    | -     | 0    | 0    | 
|dda_core    | (PCIN>>17)+A*B | 16     | 16     | -      | -      | 48     | 0    | 0    | -    | -    | -     | 0    | 0    | 
|dda_core    | A*B            | 18     | 18     | -      | -      | 48     | 0    | 0    | -    | -    | -     | 0    | 0    | 
|dda_core    | (PCIN>>17)+A*B | 18     | 16     | -      | -      | 48     | 0    | 0    | -    | -    | -     | 0    | 0    | 
|dda_core    | A*B            | 18     | 18     | -      | -      | 48     | 0    | 0    | -    | -    | -     | 0    | 0    | 
|dda_core    | (PCIN>>17)+A*B | 18     | 16     | -      | -      | 48     | 0    | 0    | -    | -    | -     | 0    | 0    | 
|dda_core    | A*B            | 18     | 17     | -      | -      | 35     | 0    | 0    | -    | -    | -     | 0    | 0    | 
|dda_core    | A*B            | 18     | 18     | -      | -      | 36     | 0    | 0    | -    | -    | -     | 0    | 0    | 
|dda_core    | A*B            | 18     | 16     | -      | -      | 48     | 0    | 0    | -    | -    | -     | 0    | 0    | 
|dda_core    | (PCIN>>17)+A*B | 14     | 14     | -      | -      | 14     | 0    | 0    | -    | -    | -     | 0    | 0    | 
|dda_core    | A*B            | 18     | 18     | -      | -      | 48     | 0    | 0    | -    | -    | -     | 0    | 0    | 
|dda_core    | (PCIN>>17)+A*B | 18     | 16     | -      | -      | 31     | 0    | 0    | -    | -    | -     | 0    | 0    | 
|dda_core    | A*B            | 18     | 17     | -      | -      | 35     | 0    | 0    | -    | -    | -     | 0    | 0    | 
|dda_core    | A*B            | 18     | 18     | -      | -      | 36     | 0    | 0    | -    | -    | -     | 0    | 0    | 
|dda_core    | A*B            | 18     | 16     | -      | -      | 48     | 0    | 0    | -    | -    | -     | 0    | 0    | 
|dda_core    | (PCIN>>17)+A*B | 14     | 14     | -      | -      | 14     | 0    | 0    | -    | -    | -     | 0    | 0    | 
|dda_core    | A*B            | 18     | 18     | -      | -      | 48     | 0    | 0    | -    | -    | -     | 0    | 0    | 
|dda_core    | (PCIN>>17)+A*B | 18     | 16     | -      | -      | 31     | 0    | 0    | -    | -    | -     | 0    | 0    | 
|dda_core    | A*B            | 18     | 18     | -      | -      | 48     | 0    | 0    | -    | -    | -     | 0    | 0    | 
|dda_core    | (PCIN>>17)+A*B | 18     | 16     | -      | -      | 31     | 0    | 0    | -    | -    | -     | 0    | 0    | 
|dda_core    | A*B            | 18     | 17     | -      | -      | 35     | 0    | 0    | -    | -    | -     | 0    | 0    | 
|dda_core    | A*B            | 18     | 18     | -      | -      | 36     | 0    | 0    | -    | -    | -     | 0    | 0    | 
|dda_core    | A*B            | 18     | 16     | -      | -      | 48     | 0    | 0    | -    | -    | -     | 0    | 0    | 
|dda_core    | (PCIN>>17)+A*B | 14     | 14     | -      | -      | 14     | 0    | 0    | -    | -    | -     | 0    | 0    | 
|dda_core    | A*B            | 18     | 18     | -      | -      | 48     | 0    | 0    | -    | -    | -     | 0    | 0    | 
|dda_core    | (PCIN>>17)+A*B | 18     | 16     | -      | -      | 31     | 0    | 0    | -    | -    | -     | 0    | 0    | 
|dda_core    | A*B            | 18     | 17     | -      | -      | 35     | 0    | 0    | -    | -    | -     | 0    | 0    | 
|dda_core    | A*B            | 18     | 18     | -      | -      | 36     | 0    | 0    | -    | -    | -     | 0    | 0    | 
|dda_core    | A*B            | 18     | 16     | -      | -      | 48     | 0    | 0    | -    | -    | -     | 0    | 0    | 
|dda_core    | (PCIN>>17)+A*B | 14     | 14     | -      | -      | 14     | 0    | 0    | -    | -    | -     | 0    | 0    | 
|dda_core    | A*B            | 18     | 18     | -      | -      | 48     | 0    | 0    | -    | -    | -     | 0    | 0    | 
|dda_core    | (PCIN>>17)+A*B | 18     | 16     | -      | -      | 31     | 0    | 0    | -    | -    | -     | 0    | 0    | 
|dda_core    | A*B            | 18     | 18     | -      | -      | 48     | 0    | 0    | -    | -    | -     | 0    | 0    | 
|dda_core    | (PCIN>>17)+A*B | 18     | 16     | -      | -      | 31     | 0    | 0    | -    | -    | -     | 0    | 0    | 
|dda_core    | A*B            | 18     | 17     | -      | -      | 35     | 0    | 0    | -    | -    | -     | 0    | 0    | 
|dda_core    | A*B            | 18     | 18     | -      | -      | 36     | 0    | 0    | -    | -    | -     | 0    | 0    | 
|dda_core    | A*B            | 18     | 16     | -      | -      | 48     | 0    | 0    | -    | -    | -     | 0    | 0    | 
|dda_core    | (PCIN>>17)+A*B | 14     | 14     | -      | -      | 14     | 0    | 0    | -    | -    | -     | 0    | 0    | 
|dda_core    | A*B            | 18     | 18     | -      | -      | 48     | 0    | 0    | -    | -    | -     | 0    | 0    | 
|dda_core    | (PCIN>>17)+A*B | 18     | 16     | -      | -      | 31     | 0    | 0    | -    | -    | -     | 0    | 0    | 
|dda_core    | A*B            | 18     | 17     | -      | -      | 35     | 0    | 0    | -    | -    | -     | 0    | 0    | 
|dda_core    | A*B            | 18     | 18     | -      | -      | 36     | 0    | 0    | -    | -    | -     | 0    | 0    | 
|dda_core    | A*B            | 18     | 16     | -      | -      | 48     | 0    | 0    | -    | -    | -     | 0    | 0    | 
|dda_core    | (PCIN>>17)+A*B | 14     | 14     | -      | -      | 14     | 0    | 0    | -    | -    | -     | 0    | 0    | 
|dda_core    | A*B            | 18     | 18     | -      | -      | 48     | 0    | 0    | -    | -    | -     | 0    | 0    | 
|dda_core    | (PCIN>>17)+A*B | 18     | 16     | -      | -      | 31     | 0    | 0    | -    | -    | -     | 0    | 0    | 
|dda_core    | A*B            | 18     | 18     | -      | -      | 48     | 0    | 0    | -    | -    | -     | 0    | 0    | 
|dda_core    | (PCIN>>17)+A*B | 18     | 16     | -      | -      | 31     | 0    | 0    | -    | -    | -     | 0    | 0    | 
+------------+----------------+--------+--------+--------+--------+--------+------+------+------+------+-------+------+------+

Note: The table above is a preliminary report that shows the DSPs inferred at the current stage of the synthesis flow. Some DSP may be reimplemented as non DSP primitives later in the synthesis flow. Multiple instantiated DSPs are reported only once.
---------------------------------------------------------------------------------
Finished ROM, RAM, DSP, Shift Register and Retiming Reporting
---------------------------------------------------------------------------------
---------------------------------------------------------------------------------
Start Applying XDC Timing Constraints
---------------------------------------------------------------------------------
---------------------------------------------------------------------------------
Finished Applying XDC Timing Constraints : Time (s): cpu = 00:00:30 ; elapsed = 00:00:31 . Memory (MB): peak = 11962.809 ; gain = 335.293 ; free physical = 15913 ; free virtual = 32525
---------------------------------------------------------------------------------
---------------------------------------------------------------------------------
Start Timing Optimization
---------------------------------------------------------------------------------
---------------------------------------------------------------------------------
Finished Timing Optimization : Time (s): cpu = 00:00:33 ; elapsed = 00:00:34 . Memory (MB): peak = 12028.855 ; gain = 401.340 ; free physical = 15843 ; free virtual = 32455
---------------------------------------------------------------------------------
---------------------------------------------------------------------------------
Start ROM, RAM, DSP, Shift Register and Retiming Reporting
---------------------------------------------------------------------------------

Block RAM: Final Mapping Report
+--------------+-------------------------------+------------------------+---+---+------------------------+---+---+------------------+--------+--------+
|Module Name   | RTL Object                    | PORT A (Depth x Width) | W | R | PORT B (Depth x Width) | W | R | Ports driving FF | RAMB18 | RAMB36 | 
+--------------+-------------------------------+------------------------+---+---+------------------------+---+---+------------------+--------+--------+
|\u_soc/u_cfb  | mem_reg                       | 4 K x 8(NO_CHANGE)     | W |   | 4 K x 8(WRITE_FIRST)   |   | R | Port A and B     | 0      | 1      | 
|fpga_top      | u_soc/bram_reg                | 64 K x 32(READ_FIRST)  | W |   | 64 K x 32(WRITE_FIRST) |   | R | Port A and B     | 0      | 64     | 
|fpga_top      | u_soc/gen_map[0].map_bram_reg | 4 K x 8(READ_FIRST)    | W |   | 4 K x 8(WRITE_FIRST)   |   | R | Port A and B     | 0      | 1      | 
|fpga_top      | u_soc/gen_map[1].map_bram_reg | 4 K x 8(READ_FIRST)    | W |   | 4 K x 8(WRITE_FIRST)   |   | R | Port A and B     | 0      | 1      | 
|fpga_top      | u_soc/gen_map[2].map_bram_reg | 4 K x 8(READ_FIRST)    | W |   | 4 K x 8(WRITE_FIRST)   |   | R | Port A and B     | 0      | 1      | 
|fpga_top      | u_soc/gen_map[3].map_bram_reg | 4 K x 8(READ_FIRST)    | W |   | 4 K x 8(WRITE_FIRST)   |   | R | Port A and B     | 0      | 1      | 
+--------------+-------------------------------+------------------------+---+---+------------------------+---+---+------------------+--------+--------+

---------------------------------------------------------------------------------
Finished ROM, RAM, DSP, Shift Register and Retiming Reporting
---------------------------------------------------------------------------------
---------------------------------------------------------------------------------
Start Technology Mapping
---------------------------------------------------------------------------------
INFO: [Synth 8-7052] The timing for the instance u_soc/u_cfb/mem_reg (implemented as a Block RAM) might be sub-optimal as no optional output register could be merged into the ram block. Providing additional output register may help in improving timing.
INFO: [Synth 8-7052] The timing for the instance u_soc/bram_reg_0_1_0 (implemented as a Block RAM) might be sub-optimal as no optional output register could be merged into the ram block. Providing additional output register may help in improving timing.
INFO: [Synth 8-7052] The timing for the instance u_soc/bram_reg_0_1_1 (implemented as a Block RAM) might be sub-optimal as no optional output register could be merged into the ram block. Providing additional output register may help in improving timing.
INFO: [Synth 8-7052] The timing for the instance u_soc/bram_reg_0_1_2 (implemented as a Block RAM) might be sub-optimal as no optional output register could be merged into the ram block. Providing additional output register may help in improving timing.
INFO: [Synth 8-7052] The timing for the instance u_soc/bram_reg_0_1_3 (implemented as a Block RAM) might be sub-optimal as no optional output register could be merged into the ram block. Providing additional output register may help in improving timing.
INFO: [Synth 8-7052] The timing for the instance u_soc/bram_reg_0_1_4 (implemented as a Block RAM) might be sub-optimal as no optional output register could be merged into the ram block. Providing additional output register may help in improving timing.
INFO: [Synth 8-7052] The timing for the instance u_soc/bram_reg_0_1_5 (implemented as a Block RAM) might be sub-optimal as no optional output register could be merged into the ram block. Providing additional output register may help in improving timing.
INFO: [Synth 8-7052] The timing for the instance u_soc/bram_reg_0_1_6 (implemented as a Block RAM) might be sub-optimal as no optional output register could be merged into the ram block. Providing additional output register may help in improving timing.
INFO: [Synth 8-7052] The timing for the instance u_soc/bram_reg_0_1_7 (implemented as a Block RAM) might be sub-optimal as no optional output register could be merged into the ram block. Providing additional output register may help in improving timing.
INFO: [Synth 8-7052] The timing for the instance u_soc/bram_reg_1_1_0 (implemented as a Block RAM) might be sub-optimal as no optional output register could be merged into the ram block. Providing additional output register may help in improving timing.
INFO: [Synth 8-7052] The timing for the instance u_soc/bram_reg_1_1_1 (implemented as a Block RAM) might be sub-optimal as no optional output register could be merged into the ram block. Providing additional output register may help in improving timing.
INFO: [Synth 8-7052] The timing for the instance u_soc/bram_reg_1_1_2 (implemented as a Block RAM) might be sub-optimal as no optional output register could be merged into the ram block. Providing additional output register may help in improving timing.
INFO: [Synth 8-7052] The timing for the instance u_soc/bram_reg_1_1_3 (implemented as a Block RAM) might be sub-optimal as no optional output register could be merged into the ram block. Providing additional output register may help in improving timing.
INFO: [Synth 8-7052] The timing for the instance u_soc/bram_reg_1_1_4 (implemented as a Block RAM) might be sub-optimal as no optional output register could be merged into the ram block. Providing additional output register may help in improving timing.
INFO: [Synth 8-7052] The timing for the instance u_soc/bram_reg_1_1_5 (implemented as a Block RAM) might be sub-optimal as no optional output register could be merged into the ram block. Providing additional output register may help in improving timing.
INFO: [Synth 8-7052] The timing for the instance u_soc/bram_reg_1_1_6 (implemented as a Block RAM) might be sub-optimal as no optional output register could be merged into the ram block. Providing additional output register may help in improving timing.
INFO: [Synth 8-7052] The timing for the instance u_soc/bram_reg_1_1_7 (implemented as a Block RAM) might be sub-optimal as no optional output register could be merged into the ram block. Providing additional output register may help in improving timing.
INFO: [Synth 8-7052] The timing for the instance u_soc/bram_reg_2_1_0 (implemented as a Block RAM) might be sub-optimal as no optional output register could be merged into the ram block. Providing additional output register may help in improving timing.
INFO: [Synth 8-7052] The timing for the instance u_soc/bram_reg_2_1_1 (implemented as a Block RAM) might be sub-optimal as no optional output register could be merged into the ram block. Providing additional output register may help in improving timing.
INFO: [Synth 8-7052] The timing for the instance u_soc/bram_reg_2_1_2 (implemented as a Block RAM) might be sub-optimal as no optional output register could be merged into the ram block. Providing additional output register may help in improving timing.
INFO: [Synth 8-7052] The timing for the instance u_soc/bram_reg_2_1_3 (implemented as a Block RAM) might be sub-optimal as no optional output register could be merged into the ram block. Providing additional output register may help in improving timing.
INFO: [Synth 8-7052] The timing for the instance u_soc/bram_reg_2_1_4 (implemented as a Block RAM) might be sub-optimal as no optional output register could be merged into the ram block. Providing additional output register may help in improving timing.
INFO: [Synth 8-7052] The timing for the instance u_soc/bram_reg_2_1_5 (implemented as a Block RAM) might be sub-optimal as no optional output register could be merged into the ram block. Providing additional output register may help in improving timing.
INFO: [Synth 8-7052] The timing for the instance u_soc/bram_reg_2_1_6 (implemented as a Block RAM) might be sub-optimal as no optional output register could be merged into the ram block. Providing additional output register may help in improving timing.
INFO: [Synth 8-7052] The timing for the instance u_soc/bram_reg_2_1_7 (implemented as a Block RAM) might be sub-optimal as no optional output register could be merged into the ram block. Providing additional output register may help in improving timing.
INFO: [Synth 8-7052] The timing for the instance u_soc/bram_reg_3_1_0 (implemented as a Block RAM) might be sub-optimal as no optional output register could be merged into the ram block. Providing additional output register may help in improving timing.
INFO: [Synth 8-7052] The timing for the instance u_soc/bram_reg_3_1_1 (implemented as a Block RAM) might be sub-optimal as no optional output register could be merged into the ram block. Providing additional output register may help in improving timing.
INFO: [Synth 8-7052] The timing for the instance u_soc/bram_reg_3_1_2 (implemented as a Block RAM) might be sub-optimal as no optional output register could be merged into the ram block. Providing additional output register may help in improving timing.
INFO: [Synth 8-7052] The timing for the instance u_soc/bram_reg_3_1_3 (implemented as a Block RAM) might be sub-optimal as no optional output register could be merged into the ram block. Providing additional output register may help in improving timing.
INFO: [Synth 8-7052] The timing for the instance u_soc/bram_reg_3_1_4 (implemented as a Block RAM) might be sub-optimal as no optional output register could be merged into the ram block. Providing additional output register may help in improving timing.
INFO: [Synth 8-7052] The timing for the instance u_soc/bram_reg_3_1_5 (implemented as a Block RAM) might be sub-optimal as no optional output register could be merged into the ram block. Providing additional output register may help in improving timing.
INFO: [Synth 8-7052] The timing for the instance u_soc/bram_reg_3_1_6 (implemented as a Block RAM) might be sub-optimal as no optional output register could be merged into the ram block. Providing additional output register may help in improving timing.
INFO: [Synth 8-7052] The timing for the instance u_soc/bram_reg_3_1_7 (implemented as a Block RAM) might be sub-optimal as no optional output register could be merged into the ram block. Providing additional output register may help in improving timing.
INFO: [Synth 8-7052] The timing for the instance u_soc/gen_map[0].map_bram_reg (implemented as a Block RAM) might be sub-optimal as no optional output register could be merged into the ram block. Providing additional output register may help in improving timing.
INFO: [Synth 8-7052] The timing for the instance u_soc/gen_map[1].map_bram_reg (implemented as a Block RAM) might be sub-optimal as no optional output register could be merged into the ram block. Providing additional output register may help in improving timing.
INFO: [Synth 8-7052] The timing for the instance u_soc/gen_map[2].map_bram_reg (implemented as a Block RAM) might be sub-optimal as no optional output register could be merged into the ram block. Providing additional output register may help in improving timing.
INFO: [Synth 8-7052] The timing for the instance u_soc/gen_map[3].map_bram_reg (implemented as a Block RAM) might be sub-optimal as no optional output register could be merged into the ram block. Providing additional output register may help in improving timing.
INFO: [Synth 8-7052] The timing for the instance u_soc/u_font/data_out_reg (implemented as a Block RAM) might be sub-optimal as no optional output register could be merged into the ram block. Providing additional output register may help in improving timing.
---------------------------------------------------------------------------------
Finished Technology Mapping : Time (s): cpu = 00:00:36 ; elapsed = 00:00:37 . Memory (MB): peak = 12028.855 ; gain = 401.340 ; free physical = 15843 ; free virtual = 32455
---------------------------------------------------------------------------------
---------------------------------------------------------------------------------
Start IO Insertion
---------------------------------------------------------------------------------
---------------------------------------------------------------------------------
Start Flattening Before IO Insertion
---------------------------------------------------------------------------------
---------------------------------------------------------------------------------
Finished Flattening Before IO Insertion
---------------------------------------------------------------------------------
---------------------------------------------------------------------------------
Start Final Netlist Cleanup
---------------------------------------------------------------------------------
---------------------------------------------------------------------------------
Finished Final Netlist Cleanup
---------------------------------------------------------------------------------
---------------------------------------------------------------------------------
Finished IO Insertion : Time (s): cpu = 00:00:39 ; elapsed = 00:00:40 . Memory (MB): peak = 12173.668 ; gain = 546.152 ; free physical = 15727 ; free virtual = 32339
---------------------------------------------------------------------------------
---------------------------------------------------------------------------------
Start Renaming Generated Instances
---------------------------------------------------------------------------------
---------------------------------------------------------------------------------
Finished Renaming Generated Instances : Time (s): cpu = 00:00:39 ; elapsed = 00:00:40 . Memory (MB): peak = 12173.668 ; gain = 546.152 ; free physical = 15727 ; free virtual = 32339
---------------------------------------------------------------------------------
---------------------------------------------------------------------------------
Start Rebuilding User Hierarchy
---------------------------------------------------------------------------------
---------------------------------------------------------------------------------
Finished Rebuilding User Hierarchy : Time (s): cpu = 00:00:39 ; elapsed = 00:00:40 . Memory (MB): peak = 12173.668 ; gain = 546.152 ; free physical = 15719 ; free virtual = 32331
---------------------------------------------------------------------------------
---------------------------------------------------------------------------------
Start Renaming Generated Ports
---------------------------------------------------------------------------------
---------------------------------------------------------------------------------
Finished Renaming Generated Ports : Time (s): cpu = 00:00:39 ; elapsed = 00:00:40 . Memory (MB): peak = 12173.668 ; gain = 546.152 ; free physical = 15719 ; free virtual = 32331
---------------------------------------------------------------------------------
---------------------------------------------------------------------------------
Start Handling Custom Attributes
---------------------------------------------------------------------------------
---------------------------------------------------------------------------------
Finished Handling Custom Attributes : Time (s): cpu = 00:00:39 ; elapsed = 00:00:40 . Memory (MB): peak = 12173.668 ; gain = 546.152 ; free physical = 15719 ; free virtual = 32331
---------------------------------------------------------------------------------
---------------------------------------------------------------------------------
Start Renaming Generated Nets
---------------------------------------------------------------------------------
---------------------------------------------------------------------------------
Finished Renaming Generated Nets : Time (s): cpu = 00:00:40 ; elapsed = 00:00:40 . Memory (MB): peak = 12173.668 ; gain = 546.152 ; free physical = 15719 ; free virtual = 32331
---------------------------------------------------------------------------------
---------------------------------------------------------------------------------
Start Writing Synthesis Report
---------------------------------------------------------------------------------

DSP Final Report (the ' indicates corresponding REG is set)
+------------+--------------+--------+--------+--------+--------+--------+------+------+------+------+-------+------+------+
|Module Name | DSP Mapping  | A Size | B Size | C Size | D Size | P Size | AREG | BREG | CREG | DREG | ADREG | MREG | PREG | 
+------------+--------------+--------+--------+--------+--------+--------+------+------+------+------+-------+------+------+
|dda_core    | A*B          | 30     | 18     | -      | -      | 35     | 0    | 0    | -    | -    | -     | 0    | 0    | 
|dda_core    | A*B          | 30     | 17     | -      | -      | 36     | 0    | 0    | -    | -    | -     | 0    | 0    | 
|dda_core    | A*B          | 17     | 15     | -      | -      | 48     | 0    | 0    | -    | -    | -     | 0    | 0    | 
|dda_core    | PCIN>>17+A*B | 14     | 14     | -      | -      | 14     | 0    | 0    | -    | -    | -     | 0    | 0    | 
|dda_core    | A*B          | 17     | 17     | -      | -      | 48     | 0    | 0    | -    | -    | -     | 0    | 0    | 
|dda_core    | PCIN>>17+A*B | 17     | 14     | -      | -      | 31     | 0    | 0    | -    | -    | -     | 0    | 0    | 
|dda_core    | A*B          | 30     | 18     | -      | -      | 35     | 0    | 0    | -    | -    | -     | 0    | 0    | 
|dda_core    | A*B          | 30     | 17     | -      | -      | 36     | 0    | 0    | -    | -    | -     | 0    | 0    | 
|dda_core    | A*B          | 17     | 15     | -      | -      | 48     | 0    | 0    | -    | -    | -     | 0    | 0    | 
|dda_core    | PCIN>>17+A*B | 14     | 14     | -      | -      | 14     | 0    | 0    | -    | -    | -     | 0    | 0    | 
|dda_core    | A*B          | 17     | 17     | -      | -      | 48     | 0    | 0    | -    | -    | -     | 0    | 0    | 
|dda_core    | PCIN>>17+A*B | 17     | 14     | -      | -      | 31     | 0    | 0    | -    | -    | -     | 0    | 0    | 
|dda_core    | A*B          | 17     | 17     | -      | -      | 48     | 0    | 0    | -    | -    | -     | 0    | 0    | 
|dda_core    | PCIN>>17+A*B | 17     | 15     | -      | -      | 31     | 0    | 0    | -    | -    | -     | 0    | 0    | 
|dda_core    | A*B          | 30     | 18     | -      | -      | 35     | 0    | 0    | -    | -    | -     | 0    | 0    | 
|dda_core    | A*B          | 30     | 17     | -      | -      | 36     | 0    | 0    | -    | -    | -     | 0    | 0    | 
|dda_core    | A*B          | 17     | 15     | -      | -      | 48     | 0    | 0    | -    | -    | -     | 0    | 0    | 
|dda_core    | PCIN>>17+A*B | 14     | 14     | -      | -      | 14     | 0    | 0    | -    | -    | -     | 0    | 0    | 
|dda_core    | A*B          | 17     | 17     | -      | -      | 48     | 0    | 0    | -    | -    | -     | 0    | 0    | 
|dda_core    | PCIN>>17+A*B | 17     | 14     | -      | -      | 31     | 0    | 0    | -    | -    | -     | 0    | 0    | 
|dda_core    | A*B          | 30     | 18     | -      | -      | 35     | 0    | 0    | -    | -    | -     | 0    | 0    | 
|dda_core    | A*B          | 30     | 17     | -      | -      | 36     | 0    | 0    | -    | -    | -     | 0    | 0    | 
|dda_core    | A*B          | 17     | 15     | -      | -      | 48     | 0    | 0    | -    | -    | -     | 0    | 0    | 
|dda_core    | PCIN>>17+A*B | 14     | 14     | -      | -      | 14     | 0    | 0    | -    | -    | -     | 0    | 0    | 
|dda_core    | A*B          | 17     | 17     | -      | -      | 48     | 0    | 0    | -    | -    | -     | 0    | 0    | 
|dda_core    | PCIN>>17+A*B | 17     | 14     | -      | -      | 31     | 0    | 0    | -    | -    | -     | 0    | 0    | 
|dda_core    | A*B          | 17     | 17     | -      | -      | 48     | 0    | 0    | -    | -    | -     | 0    | 0    | 
|dda_core    | PCIN>>17+A*B | 17     | 15     | -      | -      | 31     | 0    | 0    | -    | -    | -     | 0    | 0    | 
|dda_core    | A*B          | 30     | 18     | -      | -      | 35     | 0    | 0    | -    | -    | -     | 0    | 0    | 
|dda_core    | A*B          | 30     | 17     | -      | -      | 36     | 0    | 0    | -    | -    | -     | 0    | 0    | 
|dda_core    | A*B          | 17     | 15     | -      | -      | 48     | 0    | 0    | -    | -    | -     | 0    | 0    | 
|dda_core    | PCIN>>17+A*B | 14     | 14     | -      | -      | 14     | 0    | 0    | -    | -    | -     | 0    | 0    | 
|dda_core    | A*B          | 17     | 17     | -      | -      | 48     | 0    | 0    | -    | -    | -     | 0    | 0    | 
|dda_core    | PCIN>>17+A*B | 17     | 14     | -      | -      | 31     | 0    | 0    | -    | -    | -     | 0    | 0    | 
|dda_core    | A*B          | 30     | 18     | -      | -      | 35     | 0    | 0    | -    | -    | -     | 0    | 0    | 
|dda_core    | A*B          | 30     | 17     | -      | -      | 36     | 0    | 0    | -    | -    | -     | 0    | 0    | 
|dda_core    | A*B          | 17     | 15     | -      | -      | 48     | 0    | 0    | -    | -    | -     | 0    | 0    | 
|dda_core    | PCIN>>17+A*B | 14     | 14     | -      | -      | 14     | 0    | 0    | -    | -    | -     | 0    | 0    | 
|dda_core    | A*B          | 17     | 17     | -      | -      | 48     | 0    | 0    | -    | -    | -     | 0    | 0    | 
|dda_core    | PCIN>>17+A*B | 17     | 14     | -      | -      | 31     | 0    | 0    | -    | -    | -     | 0    | 0    | 
|dda_core    | A*B          | 17     | 17     | -      | -      | 48     | 0    | 0    | -    | -    | -     | 0    | 0    | 
|dda_core    | PCIN>>17+A*B | 17     | 15     | -      | -      | 31     | 0    | 0    | -    | -    | -     | 0    | 0    | 
|dda_core    | A*B          | 30     | 18     | -      | -      | 35     | 0    | 0    | -    | -    | -     | 0    | 0    | 
|dda_core    | A*B          | 30     | 17     | -      | -      | 36     | 0    | 0    | -    | -    | -     | 0    | 0    | 
|dda_core    | A*B          | 17     | 15     | -      | -      | 48     | 0    | 0    | -    | -    | -     | 0    | 0    | 
|dda_core    | PCIN>>17+A*B | 14     | 14     | -      | -      | 14     | 0    | 0    | -    | -    | -     | 0    | 0    | 
|dda_core    | A*B          | 17     | 17     | -      | -      | 48     | 0    | 0    | -    | -    | -     | 0    | 0    | 
|dda_core    | PCIN>>17+A*B | 17     | 14     | -      | -      | 31     | 0    | 0    | -    | -    | -     | 0    | 0    | 
|dda_core    | A*B          | 30     | 18     | -      | -      | 35     | 0    | 0    | -    | -    | -     | 0    | 0    | 
|dda_core    | A*B          | 30     | 17     | -      | -      | 36     | 0    | 0    | -    | -    | -     | 0    | 0    | 
|dda_core    | A*B          | 17     | 15     | -      | -      | 48     | 0    | 0    | -    | -    | -     | 0    | 0    | 
|dda_core    | PCIN>>17+A*B | 14     | 14     | -      | -      | 14     | 0    | 0    | -    | -    | -     | 0    | 0    | 
|dda_core    | A*B          | 17     | 17     | -      | -      | 48     | 0    | 0    | -    | -    | -     | 0    | 0    | 
|dda_core    | PCIN>>17+A*B | 17     | 14     | -      | -      | 31     | 0    | 0    | -    | -    | -     | 0    | 0    | 
|dda_core    | A*B          | 17     | 17     | -      | -      | 48     | 0    | 0    | -    | -    | -     | 0    | 0    | 
|dda_core    | PCIN>>17+A*B | 17     | 15     | -      | -      | 31     | 0    | 0    | -    | -    | -     | 0    | 0    | 
+------------+--------------+--------+--------+--------+--------+--------+------+------+------+------+-------+------+------+


Report BlackBoxes: 
+-+--------------+----------+
| |BlackBox name |Instances |
+-+--------------+----------+
+-+--------------+----------+

Report Cell Usage: 
+------+------------+------+
|      |Cell        |Count |
+------+------------+------+
|1     |BUFG        |     2|
|2     |CARRY4      |   640|
|3     |DSP48E1     |    56|
|4     |LUT1        |   596|
|5     |LUT2        |  1617|
|6     |LUT3        |   543|
|7     |LUT4        |   827|
|8     |LUT5        |   607|
|9     |LUT6        |   939|
|10    |MMCME2_BASE |     1|
|11    |MUXF7       |   117|
|12    |RAMB18E1    |     1|
|13    |RAMB36E1    |    69|
|48    |FDCE        |  1547|
|49    |FDPE        |   176|
|50    |IBUF        |     2|
|51    |OBUF        |    15|
+------+------------+------+
---------------------------------------------------------------------------------
Finished Writing Synthesis Report : Time (s): cpu = 00:00:40 ; elapsed = 00:00:40 . Memory (MB): peak = 12173.668 ; gain = 546.152 ; free physical = 15719 ; free virtual = 32331
---------------------------------------------------------------------------------
Synthesis finished with 0 errors, 0 critical warnings and 226 warnings.
Synthesis Optimization Runtime : Time (s): cpu = 00:00:39 ; elapsed = 00:00:40 . Memory (MB): peak = 12173.668 ; gain = 534.242 ; free physical = 15719 ; free virtual = 32331
Synthesis Optimization Complete : Time (s): cpu = 00:00:40 ; elapsed = 00:00:41 . Memory (MB): peak = 12173.676 ; gain = 546.152 ; free physical = 15719 ; free virtual = 32331
INFO: [Project 1-571] Translating synthesized netlist
Netlist sorting complete. Time (s): cpu = 00:00:00.04 ; elapsed = 00:00:00.04 . Memory (MB): peak = 12173.676 ; gain = 0.000 ; free physical = 15903 ; free virtual = 32515
INFO: [Netlist 29-17] Analyzing 884 Unisim elements for replacement
INFO: [Netlist 29-28] Unisim Transformation completed in 0 CPU seconds
INFO: [Project 1-570] Preparing netlist for logic optimization
Parsing XDC File [/home/ian/SoC-from-scratch/ascii_doom_soc/constraints/nexys_a7.xdc]
Finished Parsing XDC File [/home/ian/SoC-from-scratch/ascii_doom_soc/constraints/nexys_a7.xdc]
INFO: [Opt 31-138] Pushed 0 inverter(s) to 0 load pin(s).
Netlist sorting complete. Time (s): cpu = 00:00:00.01 ; elapsed = 00:00:00.01 . Memory (MB): peak = 12191.672 ; gain = 0.000 ; free physical = 15898 ; free virtual = 32514
INFO: [Project 1-111] Unisim Transformation Summary:
  A total of 1 instances were transformed.
  MMCME2_BASE => MMCME2_ADV: 1 instance 

Synth Design complete | Checksum: f1b2fb4f
INFO: [Common 17-83] Releasing license: Synthesis
108 Infos, 145 Warnings, 0 Critical Warnings and 0 Errors encountered.
synth_design completed successfully
synth_design: Time (s): cpu = 00:00:51 ; elapsed = 00:00:45 . Memory (MB): peak = 12295.723 ; gain = 668.207 ; free physical = 15891 ; free virtual = 32502
INFO: [Common 17-2834] synth_design peak Physical Memory [PSS] (MB): overall = 3730.645; main = 3586.631; forked = 339.379
INFO: [Common 17-2834] synth_design peak Virtual Memory [VSS] (MB): overall = 13168.832; main = 12193.684; forked = 995.160
# report_utilization -file $outdir/utilization.rpt
# report_timing_summary -file $outdir/timing_summary.rpt -max_paths 10
INFO: [Timing 38-35] Done setting XDC timing constraints.
INFO: [Timing 38-2] Deriving generated clocks
INFO: [Timing 38-91] UpdateTimingParams: Speed grade: -1, Delay Type: min_max.
INFO: [Timing 38-191] Multithreading enabled for timing update using a maximum of 8 CPUs
# report_clock_interaction -file $outdir/clock_interaction.rpt
INFO: [Timing 38-91] UpdateTimingParams: Speed grade: -1, Delay Type: max.
INFO: [Timing 38-191] Multithreading enabled for timing update using a maximum of 8 CPUs
# puts "\n=== Synthesis complete. Reports in $outdir/ ==="

=== Synthesis complete. Reports in synth/out/ ===
open_run synth_1
ERROR: [Common 17-69] Command failed: Run 'synth_1' has not been launched. Unable to open
opt_design
Command: opt_design
Attempting to get a license for feature 'Implementation' and/or device 'xc7a100t'
INFO: [Common 17-349] Got license for feature 'Implementation' and/or device 'xc7a100t'
Running DRC as a precondition to command opt_design

Starting DRC Task
INFO: [DRC 23-27] Running DRC with 8 threads
INFO: [Project 1-461] DRC finished with 0 Errors
INFO: [Project 1-462] Please refer to the DRC report (report_drc) for more information.

Time (s): cpu = 00:00:01 ; elapsed = 00:00:00.46 . Memory (MB): peak = 12295.723 ; gain = 0.000 ; free physical = 15855 ; free virtual = 32464

Starting Cache Timing Information Task
Ending Cache Timing Information Task | Checksum: 2ebd0b1f0

Time (s): cpu = 00:00:00.01 ; elapsed = 00:00:00 . Memory (MB): peak = 12295.723 ; gain = 0.000 ; free physical = 15855 ; free virtual = 32464

Starting Logic Optimization Task

Phase 1 Initialization

Phase 1.1 Core Generation And Design Setup
Phase 1.1 Core Generation And Design Setup | Checksum: 2ebd0b1f0

Time (s): cpu = 00:00:00.01 ; elapsed = 00:00:00.01 . Memory (MB): peak = 12295.723 ; gain = 0.000 ; free physical = 15855 ; free virtual = 32465

Phase 1.2 Setup Constraints And Sort Netlist
Phase 1.2 Setup Constraints And Sort Netlist | Checksum: 2ebd0b1f0

Time (s): cpu = 00:00:00.01 ; elapsed = 00:00:00.02 . Memory (MB): peak = 12295.723 ; gain = 0.000 ; free physical = 15855 ; free virtual = 32465
Phase 1 Initialization | Checksum: 2ebd0b1f0

Time (s): cpu = 00:00:00.02 ; elapsed = 00:00:00.02 . Memory (MB): peak = 12295.723 ; gain = 0.000 ; free physical = 15855 ; free virtual = 32465

Phase 2 Timer Update And Timing Data Collection

Phase 2.1 Detect if minReqCache needed
Phase 2.1 Detect if minReqCache needed | Checksum: 2ebd0b1f0

Time (s): cpu = 00:00:00.04 ; elapsed = 00:00:00.03 . Memory (MB): peak = 12295.723 ; gain = 0.000 ; free physical = 15855 ; free virtual = 32465

Phase 2.2 Timer Update
Phase 2.2 Timer Update | Checksum: 2ebd0b1f0

Time (s): cpu = 00:00:00.65 ; elapsed = 00:00:00.19 . Memory (MB): peak = 12295.723 ; gain = 0.000 ; free physical = 15850 ; free virtual = 32460

Phase 2.3 Timing Data Collection
Phase 2.3 Timing Data Collection | Checksum: 2ebd0b1f0

Time (s): cpu = 00:00:00.66 ; elapsed = 00:00:00.2 . Memory (MB): peak = 12295.723 ; gain = 0.000 ; free physical = 15850 ; free virtual = 32460
Phase 2 Timer Update And Timing Data Collection | Checksum: 2ebd0b1f0

Time (s): cpu = 00:00:00.66 ; elapsed = 00:00:00.21 . Memory (MB): peak = 12295.723 ; gain = 0.000 ; free physical = 15850 ; free virtual = 32460

Phase 3 Retarget
INFO: [Opt 31-1851] Number of loadless carry chains removed were: 0
INFO: [Opt 31-1834] Total Chains To Be Transformed Were: 0 AND Number of Transformed insts Created are: 0
INFO: [Opt 31-1566] Pulled 1 inverters resulting in an inversion of 5 pins
INFO: [Opt 31-138] Pushed 0 inverter(s) to 0 load pin(s).
INFO: [Opt 31-49] Retargeted 0 cell(s).
Phase 3 Retarget | Checksum: 24f673ed1

Time (s): cpu = 00:00:00.85 ; elapsed = 00:00:00.34 . Memory (MB): peak = 12295.723 ; gain = 0.000 ; free physical = 15850 ; free virtual = 32460
Retarget | Checksum: 24f673ed1
INFO: [Opt 31-389] Phase Retarget created 118 cells and removed 119 cells
INFO: [Opt 31-1021] In phase Retarget, 1 netlist objects are constrained preventing optimization. Please run opt_design with -debug_log to get more detail. 

Phase 4 Constant propagation
INFO: [Opt 31-138] Pushed 0 inverter(s) to 0 load pin(s).
Phase 4 Constant propagation | Checksum: 25f387861

Time (s): cpu = 00:00:00.9 ; elapsed = 00:00:00.39 . Memory (MB): peak = 12295.723 ; gain = 0.000 ; free physical = 15850 ; free virtual = 32460
Constant propagation | Checksum: 25f387861
INFO: [Opt 31-389] Phase Constant propagation created 0 cells and removed 0 cells

Phase 5 Sweep
INFO: [Constraints 18-11670] Building netlist checker database with flags, 0x8
Done building netlist checker database: Time (s): cpu = 00:00:00 ; elapsed = 00:00:00 . Memory (MB): peak = 12295.723 ; gain = 0.000 ; free physical = 15850 ; free virtual = 32460
Phase 5 Sweep | Checksum: 20c9eb60f

Time (s): cpu = 00:00:01 ; elapsed = 00:00:00.53 . Memory (MB): peak = 12295.723 ; gain = 0.000 ; free physical = 15850 ; free virtual = 32460
Sweep | Checksum: 20c9eb60f
INFO: [Opt 31-389] Phase Sweep created 0 cells and removed 0 cells

Phase 6 BUFG optimization
Phase 6 BUFG optimization | Checksum: 20c9eb60f

Time (s): cpu = 00:00:01 ; elapsed = 00:00:00.57 . Memory (MB): peak = 12295.723 ; gain = 0.000 ; free physical = 15850 ; free virtual = 32460
BUFG optimization | Checksum: 20c9eb60f
INFO: [Opt 31-662] Phase BUFG optimization created 0 cells of which 0 are BUFGs and removed 0 cells.

Phase 7 Shift Register Optimization
INFO: [Opt 31-1064] SRL Remap converted 0 SRLs to 0 registers and converted 0 registers of register chains to 0 SRLs
Phase 7 Shift Register Optimization | Checksum: 20c9eb60f

Time (s): cpu = 00:00:01 ; elapsed = 00:00:00.58 . Memory (MB): peak = 12295.723 ; gain = 0.000 ; free physical = 15850 ; free virtual = 32460
Shift Register Optimization | Checksum: 20c9eb60f
INFO: [Opt 31-389] Phase Shift Register Optimization created 0 cells and removed 0 cells

Phase 8 Post Processing Netlist
Phase 8 Post Processing Netlist | Checksum: 20c9eb60f

Time (s): cpu = 00:00:01 ; elapsed = 00:00:00.6 . Memory (MB): peak = 12295.723 ; gain = 0.000 ; free physical = 15850 ; free virtual = 32460
Post Processing Netlist | Checksum: 20c9eb60f
INFO: [Opt 31-389] Phase Post Processing Netlist created 0 cells and removed 0 cells

Phase 9 Finalization

Phase 9.1 Finalizing Design Cores and Updating Shapes
Phase 9.1 Finalizing Design Cores and Updating Shapes | Checksum: 1f1dc57f3

Time (s): cpu = 00:00:01 ; elapsed = 00:00:00.75 . Memory (MB): peak = 12295.723 ; gain = 0.000 ; free physical = 15850 ; free virtual = 32460

Phase 9.2 Verifying Netlist Connectivity

Starting Connectivity Check Task

Time (s): cpu = 00:00:00.01 ; elapsed = 00:00:00.01 . Memory (MB): peak = 12295.723 ; gain = 0.000 ; free physical = 15850 ; free virtual = 32460
Phase 9.2 Verifying Netlist Connectivity | Checksum: 1f1dc57f3

Time (s): cpu = 00:00:01 ; elapsed = 00:00:00.76 . Memory (MB): peak = 12295.723 ; gain = 0.000 ; free physical = 15850 ; free virtual = 32460
Phase 9 Finalization | Checksum: 1f1dc57f3

Time (s): cpu = 00:00:01 ; elapsed = 00:00:00.76 . Memory (MB): peak = 12295.723 ; gain = 0.000 ; free physical = 15850 ; free virtual = 32460
Opt_design Change Summary
=========================


-------------------------------------------------------------------------------------------------------------------------
|  Phase                        |  #Cells created  |  #Cells Removed  |  #Constrained objects preventing optimizations  |
-------------------------------------------------------------------------------------------------------------------------
|  Retarget                     |             118  |             119  |                                              1  |
|  Constant propagation         |               0  |               0  |                                              0  |
|  Sweep                        |               0  |               0  |                                              0  |
|  BUFG optimization            |               0  |               0  |                                              0  |
|  Shift Register Optimization  |               0  |               0  |                                              0  |
|  Post Processing Netlist      |               0  |               0  |                                              0  |
-------------------------------------------------------------------------------------------------------------------------


Ending Logic Optimization Task | Checksum: 1f1dc57f3

Time (s): cpu = 00:00:01 ; elapsed = 00:00:00.76 . Memory (MB): peak = 12295.723 ; gain = 0.000 ; free physical = 15850 ; free virtual = 32460

Starting Power Optimization Task
INFO: [Pwropt 34-132] Skipping clock gating for clocks with a period < 2.00 ns.
INFO: [Timing 38-35] Done setting XDC timing constraints.
Running Vector-less Activity Propagation...

Finished Running Vector-less Activity Propagation
INFO: [Pwropt 34-9] Applying IDT optimizations ...
INFO: [Pwropt 34-10] Applying ODC optimizations ...


Starting PowerOpt Patch Enables Task
INFO: [Pwropt 34-162] WRITE_MODE attribute of 0 BRAM(s) out of a total of 70 has been updated to save power. Run report_power_opt to get a complete listing of the BRAMs updated.
INFO: [Pwropt 34-201] Structural ODC has moved 0 WE to EN ports
Number of BRAM Ports augmented: 101 newly gated: 0 Total Ports: 140
Number of Flops added for Enable Generation: 11

Ending PowerOpt Patch Enables Task | Checksum: 2a24d4009

Time (s): cpu = 00:00:00.23 ; elapsed = 00:00:00.2 . Memory (MB): peak = 12346.730 ; gain = 0.000 ; free physical = 16516 ; free virtual = 33126
Ending Power Optimization Task | Checksum: 2a24d4009

Time (s): cpu = 00:00:05 ; elapsed = 00:00:03 . Memory (MB): peak = 12346.730 ; gain = 51.008 ; free physical = 16516 ; free virtual = 33126

Starting Final Cleanup Task

Starting Logic Optimization Task
INFO: [Timing 38-35] Done setting XDC timing constraints.
Ending Logic Optimization Task | Checksum: 22479b327

Time (s): cpu = 00:00:01 ; elapsed = 00:00:00.45 . Memory (MB): peak = 12346.730 ; gain = 0.000 ; free physical = 16200 ; free virtual = 32809
Ending Final Cleanup Task | Checksum: 22479b327

Time (s): cpu = 00:00:03 ; elapsed = 00:00:02 . Memory (MB): peak = 12346.730 ; gain = 0.000 ; free physical = 16200 ; free virtual = 32809
Netlist sorting complete. Time (s): cpu = 00:00:00 ; elapsed = 00:00:00 . Memory (MB): peak = 12346.730 ; gain = 0.000 ; free physical = 16200 ; free virtual = 32809
INFO: [Common 17-83] Releasing license: Implementation
27 Infos, 0 Warnings, 0 Critical Warnings and 0 Errors encountered.
opt_design completed successfully
opt_design: Time (s): cpu = 00:00:14 ; elapsed = 00:00:08 . Memory (MB): peak = 12346.730 ; gain = 51.008 ; free physical = 16200 ; free virtual = 32809
0
place_design
Command: place_design
Attempting to get a license for feature 'Implementation' and/or device 'xc7a100t'
INFO: [Common 17-349] Got license for feature 'Implementation' and/or device 'xc7a100t'
INFO: [Common 17-83] Releasing license: Implementation
INFO: [DRC 23-27] Running DRC with 8 threads
INFO: [Vivado_Tcl 4-198] DRC finished with 0 Errors
INFO: [Vivado_Tcl 4-199] Please refer to the DRC report (report_drc) for more information.
INFO: [Timing 38-35] Done setting XDC timing constraints.
Running DRC as a precondition to command place_design
INFO: [DRC 23-27] Running DRC with 8 threads
INFO: [Vivado_Tcl 4-198] DRC finished with 0 Errors, 31 Warnings
INFO: [Vivado_Tcl 4-199] Please refer to the DRC report (report_drc) for more information.
INFO: [Place 30-611] Multithreading enabled for place_design using a maximum of 8 CPUs

Starting Placer Task

Phase 1 Placer Initialization

Phase 1.1 Placer Initialization Netlist Sorting
Netlist sorting complete. Time (s): cpu = 00:00:00.01 ; elapsed = 00:00:00 . Memory (MB): peak = 12346.730 ; gain = 0.000 ; free physical = 16184 ; free virtual = 32794
Phase 1.1 Placer Initialization Netlist Sorting | Checksum: 15a9f443b

Time (s): cpu = 00:00:00.01 ; elapsed = 00:00:00.01 . Memory (MB): peak = 12346.730 ; gain = 0.000 ; free physical = 16184 ; free virtual = 32794
Netlist sorting complete. Time (s): cpu = 00:00:00 ; elapsed = 00:00:00 . Memory (MB): peak = 12346.730 ; gain = 0.000 ; free physical = 16184 ; free virtual = 32794

Phase 1.2 IO Placement/ Clock Placement/ Build Placer Device
Phase 1.2 IO Placement/ Clock Placement/ Build Placer Device | Checksum: 182cdfa85

Time (s): cpu = 00:00:00.7 ; elapsed = 00:00:00.33 . Memory (MB): peak = 12346.730 ; gain = 0.000 ; free physical = 16184 ; free virtual = 32794

Phase 1.3 Build Placer Netlist Model
Phase 1.3 Build Placer Netlist Model | Checksum: 1b8bee80d

Time (s): cpu = 00:00:04 ; elapsed = 00:00:01 . Memory (MB): peak = 12346.730 ; gain = 0.000 ; free physical = 16180 ; free virtual = 32790

Phase 1.4 Constrain Clocks/Macros
Phase 1.4 Constrain Clocks/Macros | Checksum: 1b8bee80d

Time (s): cpu = 00:00:04 ; elapsed = 00:00:02 . Memory (MB): peak = 12346.730 ; gain = 0.000 ; free physical = 16180 ; free virtual = 32790
Phase 1 Placer Initialization | Checksum: 1b8bee80d

Time (s): cpu = 00:00:04 ; elapsed = 00:00:02 . Memory (MB): peak = 12346.730 ; gain = 0.000 ; free physical = 16180 ; free virtual = 32790

Phase 2 Global Placement

Phase 2.1 Floorplanning
Phase 2.1 Floorplanning | Checksum: 1c4aa0ac3

Time (s): cpu = 00:00:05 ; elapsed = 00:00:02 . Memory (MB): peak = 12346.730 ; gain = 0.000 ; free physical = 16137 ; free virtual = 32747

Phase 2.2 Update Timing before SLR Path Opt
Phase 2.2 Update Timing before SLR Path Opt | Checksum: 270de9117

Time (s): cpu = 00:00:07 ; elapsed = 00:00:02 . Memory (MB): peak = 12346.730 ; gain = 0.000 ; free physical = 16175 ; free virtual = 32784

Phase 2.3 Post-Processing in Floorplanning
Phase 2.3 Post-Processing in Floorplanning | Checksum: 270de9117

Time (s): cpu = 00:00:07 ; elapsed = 00:00:02 . Memory (MB): peak = 12346.730 ; gain = 0.000 ; free physical = 16175 ; free virtual = 32784

Phase 2.4 Global Place Phase1
Phase 2.4 Global Place Phase1 | Checksum: 1afac8a4f

Time (s): cpu = 00:00:18 ; elapsed = 00:00:06 . Memory (MB): peak = 12346.730 ; gain = 0.000 ; free physical = 16152 ; free virtual = 32761

Phase 2.5 Global Place Phase2

Phase 2.5.1 UpdateTiming Before Physical Synthesis
Phase 2.5.1 UpdateTiming Before Physical Synthesis | Checksum: 1b469068b

Time (s): cpu = 00:00:19 ; elapsed = 00:00:06 . Memory (MB): peak = 12346.730 ; gain = 0.000 ; free physical = 16152 ; free virtual = 32761

Phase 2.5.2 Physical Synthesis In Placer
INFO: [Physopt 32-1035] Found 0 LUTNM shape to break, 928 LUT instances to create LUTNM shape
INFO: [Physopt 32-1044] Break lutnm for timing: one critical 0, two critical 0, total 0, new lutff created 0
INFO: [Physopt 32-1138] End 1 Pass. Optimized 446 nets or LUTs. Breaked 0 LUT, combined 446 existing LUTs and moved 0 existing LUT
INFO: [Physopt 32-65] No nets found for high-fanout optimization.
INFO: [Physopt 32-232] Optimized 0 net. Created 0 new instance.
INFO: [Physopt 32-775] End 1 Pass. Optimized 0 net or cell. Created 0 new cell, deleted 0 existing cell and moved 0 existing cell
INFO: [Physopt 32-670] No setup violation found.  DSP Register Optimization was not performed.
INFO: [Physopt 32-670] No setup violation found.  Shift Register to Pipeline Optimization was not performed.
INFO: [Physopt 32-670] No setup violation found.  Shift Register Optimization was not performed.
INFO: [Physopt 32-670] No setup violation found.  BRAM Register Optimization was not performed.
INFO: [Physopt 32-670] No setup violation found.  URAM Register Optimization was not performed.
INFO: [Physopt 32-949] No candidate nets found for dynamic/static region interface net replication
INFO: [Physopt 32-775] End 1 Pass. Optimized 0 net or cell. Created 0 new cell, deleted 0 existing cell and moved 0 existing cell
Netlist sorting complete. Time (s): cpu = 00:00:00 ; elapsed = 00:00:00 . Memory (MB): peak = 12346.730 ; gain = 0.000 ; free physical = 16153 ; free virtual = 32763

Summary of Physical Synthesis Optimizations
============================================


-----------------------------------------------------------------------------------------------------------------------------------------------------------
|  Optimization                                     |  Added Cells  |  Removed Cells  |  Optimized Cells/Nets  |  Dont Touch  |  Iterations  |  Elapsed   |
-----------------------------------------------------------------------------------------------------------------------------------------------------------
|  LUT Combining                                    |            0  |            446  |                   446  |           0  |           1  |  00:00:00  |
|  Retime                                           |            0  |              0  |                     0  |           0  |           1  |  00:00:00  |
|  Very High Fanout                                 |            0  |              0  |                     0  |           0  |           1  |  00:00:00  |
|  DSP Register                                     |            0  |              0  |                     0  |           0  |           0  |  00:00:00  |
|  Shift Register to Pipeline                       |            0  |              0  |                     0  |           0  |           0  |  00:00:00  |
|  Shift Register                                   |            0  |              0  |                     0  |           0  |           0  |  00:00:00  |
|  BRAM Register                                    |            0  |              0  |                     0  |           0  |           0  |  00:00:00  |
|  URAM Register                                    |            0  |              0  |                     0  |           0  |           0  |  00:00:00  |
|  Dynamic/Static Region Interface Net Replication  |            0  |              0  |                     0  |           0  |           1  |  00:00:00  |
|  Total                                            |            0  |            446  |                   446  |           0  |           4  |  00:00:00  |
-----------------------------------------------------------------------------------------------------------------------------------------------------------


Phase 2.5.2 Physical Synthesis In Placer | Checksum: 2be2eb0dc

Time (s): cpu = 00:00:21 ; elapsed = 00:00:07 . Memory (MB): peak = 12346.730 ; gain = 0.000 ; free physical = 16153 ; free virtual = 32763
Phase 2.5 Global Place Phase2 | Checksum: 30698102c

Time (s): cpu = 00:00:22 ; elapsed = 00:00:08 . Memory (MB): peak = 12346.730 ; gain = 0.000 ; free physical = 16153 ; free virtual = 32763
Phase 2 Global Placement | Checksum: 30698102c

Time (s): cpu = 00:00:22 ; elapsed = 00:00:08 . Memory (MB): peak = 12346.730 ; gain = 0.000 ; free physical = 16153 ; free virtual = 32763

Phase 3 Detail Placement

Phase 3.1 Commit Multi Column Macros
Phase 3.1 Commit Multi Column Macros | Checksum: 253eff302

Time (s): cpu = 00:00:23 ; elapsed = 00:00:08 . Memory (MB): peak = 12346.730 ; gain = 0.000 ; free physical = 16153 ; free virtual = 32763

Phase 3.2 Commit Most Macros & LUTRAMs
Phase 3.2 Commit Most Macros & LUTRAMs | Checksum: 215dfc7d4

Time (s): cpu = 00:00:25 ; elapsed = 00:00:09 . Memory (MB): peak = 12346.730 ; gain = 0.000 ; free physical = 16153 ; free virtual = 32763

Phase 3.3 Area Swap Optimization
Phase 3.3 Area Swap Optimization | Checksum: 1e7bd9e0f

Time (s): cpu = 00:00:25 ; elapsed = 00:00:09 . Memory (MB): peak = 12346.730 ; gain = 0.000 ; free physical = 16153 ; free virtual = 32763

Phase 3.4 Pipeline Register Optimization
Phase 3.4 Pipeline Register Optimization | Checksum: 28f956239

Time (s): cpu = 00:00:25 ; elapsed = 00:00:09 . Memory (MB): peak = 12346.730 ; gain = 0.000 ; free physical = 16153 ; free virtual = 32763

Phase 3.5 Small Shape Detail Placement
Phase 3.5 Small Shape Detail Placement | Checksum: 2855e8239

Time (s): cpu = 00:00:27 ; elapsed = 00:00:10 . Memory (MB): peak = 12346.730 ; gain = 0.000 ; free physical = 16154 ; free virtual = 32763

Phase 3.6 Re-assign LUT pins
Phase 3.6 Re-assign LUT pins | Checksum: 236eee81e

Time (s): cpu = 00:00:28 ; elapsed = 00:00:13 . Memory (MB): peak = 12346.730 ; gain = 0.000 ; free physical = 16156 ; free virtual = 32766

Phase 3.7 Pipeline Register Optimization
Phase 3.7 Pipeline Register Optimization | Checksum: 21e5a9069

Time (s): cpu = 00:00:28 ; elapsed = 00:00:13 . Memory (MB): peak = 12346.730 ; gain = 0.000 ; free physical = 16156 ; free virtual = 32766
Phase 3 Detail Placement | Checksum: 21e5a9069

Time (s): cpu = 00:00:28 ; elapsed = 00:00:13 . Memory (MB): peak = 12346.730 ; gain = 0.000 ; free physical = 16156 ; free virtual = 32766

Phase 4 Post Placement Optimization and Clean-Up

Phase 4.1 Post Commit Optimization
INFO: [Timing 38-35] Done setting XDC timing constraints.

Phase 4.1.1 Post Placement Optimization
Post Placement Optimization Initialization | Checksum: 1715adb47

Phase 4.1.1.1 BUFG Insertion

Starting Physical Synthesis Task

Phase 1 Physical Synthesis Initialization
INFO: [Physopt 32-721] Multithreading enabled for phys_opt_design using a maximum of 8 CPUs
INFO: [Physopt 32-619] Estimated Timing Summary | WNS=-0.326 | TNS=-1.109 |
Phase 1 Physical Synthesis Initialization | Checksum: 149807444

Time (s): cpu = 00:00:00.3 ; elapsed = 00:00:00.08 . Memory (MB): peak = 12346.730 ; gain = 0.000 ; free physical = 16155 ; free virtual = 32764
INFO: [Place 46-33] Processed net u_soc/u_gpu/gen_cores[3].u_core/u_mmcm, BUFG insertion was skipped due to placement/routing conflicts.
INFO: [Place 46-56] BUFG insertion identified 1 candidate nets. Inserted BUFG: 0, Replicated BUFG Driver: 0, Skipped due to Placement/Routing Conflicts: 1, Skipped due to Timing Degradation: 0, Skipped due to netlist editing failed: 0.
Ending Physical Synthesis Task | Checksum: 21bdbdc83

Time (s): cpu = 00:00:00.62 ; elapsed = 00:00:00.2 . Memory (MB): peak = 12346.730 ; gain = 0.000 ; free physical = 16155 ; free virtual = 32764
Phase 4.1.1.1 BUFG Insertion | Checksum: 1715adb47

Time (s): cpu = 00:00:32 ; elapsed = 00:00:14 . Memory (MB): peak = 12346.730 ; gain = 0.000 ; free physical = 16155 ; free virtual = 32764

Phase 4.1.1.2 Post Placement Timing Optimization
INFO: [Place 30-746] Post Placement Timing Summary WNS=0.500. For the most accurate timing information please run report_timing.
Phase 4.1.1.2 Post Placement Timing Optimization | Checksum: 2b4b11f4f

Time (s): cpu = 00:00:38 ; elapsed = 00:00:28 . Memory (MB): peak = 12346.730 ; gain = 0.000 ; free physical = 16166 ; free virtual = 32775

Time (s): cpu = 00:00:38 ; elapsed = 00:00:28 . Memory (MB): peak = 12346.730 ; gain = 0.000 ; free physical = 16166 ; free virtual = 32775
Phase 4.1 Post Commit Optimization | Checksum: 2b4b11f4f

Time (s): cpu = 00:00:38 ; elapsed = 00:00:28 . Memory (MB): peak = 12346.730 ; gain = 0.000 ; free physical = 16166 ; free virtual = 32775

Phase 4.2 Post Placement Cleanup
Phase 4.2 Post Placement Cleanup | Checksum: 2b4b11f4f

Time (s): cpu = 00:00:38 ; elapsed = 00:00:28 . Memory (MB): peak = 12346.730 ; gain = 0.000 ; free physical = 16166 ; free virtual = 32775

Phase 4.3 Placer Reporting

Phase 4.3.1 Print Estimated Congestion
INFO: [Place 30-612] Post-Placement Estimated Congestion 
 ____________________________________________________
|           | Global Congestion | Short Congestion  |
| Direction | Region Size       | Region Size       |
|___________|___________________|___________________|
|      North|                1x1|                1x1|
|___________|___________________|___________________|
|      South|                1x1|                2x2|
|___________|___________________|___________________|
|       East|                1x1|                1x1|
|___________|___________________|___________________|
|       West|                1x1|                1x1|
|___________|___________________|___________________|

Phase 4.3.1 Print Estimated Congestion | Checksum: 2b4b11f4f

Time (s): cpu = 00:00:38 ; elapsed = 00:00:28 . Memory (MB): peak = 12346.730 ; gain = 0.000 ; free physical = 16166 ; free virtual = 32775
Phase 4.3 Placer Reporting | Checksum: 2b4b11f4f

Time (s): cpu = 00:00:38 ; elapsed = 00:00:28 . Memory (MB): peak = 12346.730 ; gain = 0.000 ; free physical = 16166 ; free virtual = 32775

Phase 4.4 Final Placement Cleanup
Netlist sorting complete. Time (s): cpu = 00:00:00.01 ; elapsed = 00:00:00.01 . Memory (MB): peak = 12346.730 ; gain = 0.000 ; free physical = 16166 ; free virtual = 32775

Time (s): cpu = 00:00:38 ; elapsed = 00:00:28 . Memory (MB): peak = 12346.730 ; gain = 0.000 ; free physical = 16166 ; free virtual = 32775
Phase 4 Post Placement Optimization and Clean-Up | Checksum: 316fc502c

Time (s): cpu = 00:00:38 ; elapsed = 00:00:28 . Memory (MB): peak = 12346.730 ; gain = 0.000 ; free physical = 16166 ; free virtual = 32775
Ending Placer Task | Checksum: 23f8570ee

Time (s): cpu = 00:00:38 ; elapsed = 00:00:28 . Memory (MB): peak = 12346.730 ; gain = 0.000 ; free physical = 16166 ; free virtual = 32775
30 Infos, 0 Warnings, 0 Critical Warnings and 0 Errors encountered.
place_design completed successfully
place_design: Time (s): cpu = 00:00:51 ; elapsed = 00:00:31 . Memory (MB): peak = 12346.730 ; gain = 0.000 ; free physical = 16090 ; free virtual = 32705
route_design
Command: route_design
Attempting to get a license for feature 'Implementation' and/or device 'xc7a100t'
INFO: [Common 17-349] Got license for feature 'Implementation' and/or device 'xc7a100t'


Starting Routing Task
INFO: [Route 35-254] Multithreading enabled for route_design using a maximum of 8 CPUs

Phase 1 Build RT Design
Checksum: PlaceDB: cb1b48d3 ConstDB: 0 ShapeSum: c297c885 RouteDB: b1d25f96
Post Restoration Checksum: NetGraph: 50d57444 | NumContArr: f8e74fdd | Constraints: c2a8fa9d | Timing: c2a8fa9d
Phase 1 Build RT Design | Checksum: 2cf0eb95b

Time (s): cpu = 00:00:23 ; elapsed = 00:00:16 . Memory (MB): peak = 12382.785 ; gain = 0.000 ; free physical = 16075 ; free virtual = 32685

Phase 2 Router Initialization

Phase 2.1 Fix Topology Constraints
Phase 2.1 Fix Topology Constraints | Checksum: 2cf0eb95b

Time (s): cpu = 00:00:23 ; elapsed = 00:00:16 . Memory (MB): peak = 12382.785 ; gain = 0.000 ; free physical = 16075 ; free virtual = 32685

Phase 2.2 Pre Route Cleanup
Phase 2.2 Pre Route Cleanup | Checksum: 2cf0eb95b

Time (s): cpu = 00:00:23 ; elapsed = 00:00:16 . Memory (MB): peak = 12382.785 ; gain = 0.000 ; free physical = 16075 ; free virtual = 32685
 Number of Nodes with overlaps = 0

Phase 2.3 Update Timing
Phase 2.3 Update Timing | Checksum: 25990984c

Time (s): cpu = 00:00:29 ; elapsed = 00:00:17 . Memory (MB): peak = 12382.785 ; gain = 0.000 ; free physical = 16051 ; free virtual = 32661
INFO: [Route 35-416] Intermediate Timing Summary | WNS=0.495  | TNS=0.000  | WHS=-0.187 | THS=-25.171|


Phase 2.4 Soft Constraint Pins - Fast Budgeting
Phase 2.4 Soft Constraint Pins - Fast Budgeting | Checksum: 28854e1e5

Time (s): cpu = 00:00:30 ; elapsed = 00:00:18 . Memory (MB): peak = 12382.785 ; gain = 0.000 ; free physical = 16051 ; free virtual = 32661

Router Utilization Summary
  Global Vertical Routing Utilization    = 0 %
  Global Horizontal Routing Utilization  = 0 %
  Routable Net Status*
  *Does not include unroutable nets such as driverless and loadless.
  Run report_route_status for detailed report.
  Number of Failed Nets               = 8226
    (Failed Nets is the sum of unrouted and partially routed nets)
  Number of Unrouted Nets             = 8226
  Number of Partially Routed Nets     = 0
  Number of Node Overlaps             = 0

Phase 2 Router Initialization | Checksum: 27b9fbae5

Time (s): cpu = 00:00:31 ; elapsed = 00:00:18 . Memory (MB): peak = 12382.785 ; gain = 0.000 ; free physical = 16051 ; free virtual = 32661

Phase 3 Global Routing
Phase 3 Global Routing | Checksum: 27b9fbae5

Time (s): cpu = 00:00:31 ; elapsed = 00:00:18 . Memory (MB): peak = 12382.785 ; gain = 0.000 ; free physical = 16051 ; free virtual = 32661

Phase 4 Initial Routing

Phase 4.1 Initial Net Routing Pass
Phase 4.1 Initial Net Routing Pass | Checksum: 319cc3f26

Time (s): cpu = 00:00:35 ; elapsed = 00:00:19 . Memory (MB): peak = 12382.785 ; gain = 0.000 ; free physical = 16051 ; free virtual = 32661
Phase 4 Initial Routing | Checksum: 319cc3f26

Time (s): cpu = 00:00:35 ; elapsed = 00:00:19 . Memory (MB): peak = 12382.785 ; gain = 0.000 ; free physical = 16051 ; free virtual = 32661

Phase 5 Rip-up And Reroute

Phase 5.1 Global Iteration 0
 Number of Nodes with overlaps = 1695
 Number of Nodes with overlaps = 651
 Number of Nodes with overlaps = 344
 Number of Nodes with overlaps = 151
 Number of Nodes with overlaps = 53
 Number of Nodes with overlaps = 27
 Number of Nodes with overlaps = 8
 Number of Nodes with overlaps = 4
 Number of Nodes with overlaps = 1
 Number of Nodes with overlaps = 1
 Number of Nodes with overlaps = 0
INFO: [Route 35-416] Intermediate Timing Summary | WNS=0.043  | TNS=0.000  | WHS=N/A    | THS=N/A    |

Phase 5.1 Global Iteration 0 | Checksum: 33edc1471

Time (s): cpu = 00:00:46 ; elapsed = 00:00:26 . Memory (MB): peak = 12382.785 ; gain = 0.000 ; free physical = 16050 ; free virtual = 32660

Phase 5.2 Global Iteration 1
 Number of Nodes with overlaps = 203
 Number of Nodes with overlaps = 80
 Number of Nodes with overlaps = 63
 Number of Nodes with overlaps = 26
 Number of Nodes with overlaps = 17
 Number of Nodes with overlaps = 5
 Number of Nodes with overlaps = 5
 Number of Nodes with overlaps = 0
INFO: [Route 35-416] Intermediate Timing Summary | WNS=0.351  | TNS=0.000  | WHS=N/A    | THS=N/A    |

Phase 5.2 Global Iteration 1 | Checksum: 1daccf208

Time (s): cpu = 00:00:49 ; elapsed = 00:00:28 . Memory (MB): peak = 12382.785 ; gain = 0.000 ; free physical = 16050 ; free virtual = 32660
Phase 5 Rip-up And Reroute | Checksum: 1daccf208

Time (s): cpu = 00:00:49 ; elapsed = 00:00:28 . Memory (MB): peak = 12382.785 ; gain = 0.000 ; free physical = 16050 ; free virtual = 32660

Phase 6 Delay and Skew Optimization

Phase 6.1 Delay CleanUp

Phase 6.1.1 Update Timing
Phase 6.1.1 Update Timing | Checksum: 176530d57

Time (s): cpu = 00:00:49 ; elapsed = 00:00:28 . Memory (MB): peak = 12382.785 ; gain = 0.000 ; free physical = 16050 ; free virtual = 32660
INFO: [Route 35-416] Intermediate Timing Summary | WNS=0.388  | TNS=0.000  | WHS=N/A    | THS=N/A    |

Phase 6.1 Delay CleanUp | Checksum: 176530d57

Time (s): cpu = 00:00:50 ; elapsed = 00:00:28 . Memory (MB): peak = 12382.785 ; gain = 0.000 ; free physical = 16050 ; free virtual = 32660

Phase 6.2 Clock Skew Optimization
Phase 6.2 Clock Skew Optimization | Checksum: 176530d57

Time (s): cpu = 00:00:50 ; elapsed = 00:00:28 . Memory (MB): peak = 12382.785 ; gain = 0.000 ; free physical = 16050 ; free virtual = 32660
Phase 6 Delay and Skew Optimization | Checksum: 176530d57

Time (s): cpu = 00:00:50 ; elapsed = 00:00:28 . Memory (MB): peak = 12382.785 ; gain = 0.000 ; free physical = 16050 ; free virtual = 32660

Phase 7 Post Hold Fix

Phase 7.1 Hold Fix Iter
INFO: [Route 35-416] Intermediate Timing Summary | WNS=0.388  | TNS=0.000  | WHS=0.046  | THS=0.000  |

Phase 7.1 Hold Fix Iter | Checksum: 181c70af8

Time (s): cpu = 00:00:50 ; elapsed = 00:00:28 . Memory (MB): peak = 12382.785 ; gain = 0.000 ; free physical = 16050 ; free virtual = 32660
Phase 7 Post Hold Fix | Checksum: 181c70af8

Time (s): cpu = 00:00:50 ; elapsed = 00:00:28 . Memory (MB): peak = 12382.785 ; gain = 0.000 ; free physical = 16050 ; free virtual = 32660

Phase 8 Route finalize

Router Utilization Summary
  Global Vertical Routing Utilization    = 1.72468 %
  Global Horizontal Routing Utilization  = 2.13591 %
  Routable Net Status*
  *Does not include unroutable nets such as driverless and loadless.
  Run report_route_status for detailed report.
  Number of Failed Nets               = 0
    (Failed Nets is the sum of unrouted and partially routed nets)
  Number of Unrouted Nets             = 0
  Number of Partially Routed Nets     = 0
  Number of Node Overlaps             = 0

Phase 8 Route finalize | Checksum: 181c70af8

Time (s): cpu = 00:00:50 ; elapsed = 00:00:28 . Memory (MB): peak = 12382.785 ; gain = 0.000 ; free physical = 16050 ; free virtual = 32660

Phase 9 Verifying routed nets

 Verification completed successfully
Phase 9 Verifying routed nets | Checksum: 181c70af8

Time (s): cpu = 00:00:50 ; elapsed = 00:00:28 . Memory (MB): peak = 12382.785 ; gain = 0.000 ; free physical = 16050 ; free virtual = 32660

Phase 10 Depositing Routes
Phase 10 Depositing Routes | Checksum: 150a9343e

Time (s): cpu = 00:00:52 ; elapsed = 00:00:32 . Memory (MB): peak = 12382.785 ; gain = 0.000 ; free physical = 16052 ; free virtual = 32662

Phase 11 Post Process Routing
Phase 11 Post Process Routing | Checksum: 150a9343e

Time (s): cpu = 00:00:52 ; elapsed = 00:00:32 . Memory (MB): peak = 12382.785 ; gain = 0.000 ; free physical = 16052 ; free virtual = 32662

Phase 12 Post Router Timing
INFO: [Route 35-57] Estimated Timing Summary | WNS=0.388  | TNS=0.000  | WHS=0.046  | THS=0.000  |

INFO: [Route 35-327] The final timing numbers are based on the router estimated timing analysis. For a complete and accurate timing signoff, please run report_timing_summary.
Phase 12 Post Router Timing | Checksum: 150a9343e

Time (s): cpu = 00:00:52 ; elapsed = 00:00:32 . Memory (MB): peak = 12382.785 ; gain = 0.000 ; free physical = 16052 ; free virtual = 32662
Total Elapsed time in route_design: 31.54 secs

Phase 13 Post-Route Event Processing
Phase 13 Post-Route Event Processing | Checksum: ed4ac147

Time (s): cpu = 00:00:52 ; elapsed = 00:00:32 . Memory (MB): peak = 12382.785 ; gain = 0.000 ; free physical = 16052 ; free virtual = 32662
INFO: [Route 35-16] Router Completed Successfully
Ending Routing Task | Checksum: ed4ac147

Time (s): cpu = 00:00:52 ; elapsed = 00:00:32 . Memory (MB): peak = 12382.785 ; gain = 0.000 ; free physical = 16052 ; free virtual = 32662

Routing Is Done.
INFO: [Common 17-83] Releasing license: Implementation
11 Infos, 0 Warnings, 0 Critical Warnings and 0 Errors encountered.
route_design completed successfully
route_design: Time (s): cpu = 00:00:52 ; elapsed = 00:00:32 . Memory (MB): peak = 12382.785 ; gain = 0.000 ; free physical = 16052 ; free virtual = 32662
